"combination = [fitness_function_name, dimension, range0, range1, population_size, max_ep, crossover_rate, mutation_rate, function evaluation]",gBest_fitness,total_time
"['f20', 20, -10, 10, 100, 0.4, 0.05, 250, 25000]",761.467,202.90620700002182
"['f20', 20, -10, 10, 100, 0.4, 0.05, 250, 25000]",763.674,207.34930000000168
"['f20', 20, -10, 10, 100, 0.4, 0.05, 250, 25000]",764.806,204.42371100001037
"['f20', 20, -10, 10, 100, 0.4, 0.05, 250, 25000]",761.979,209.17769299994688
"['f20', 20, -10, 10, 100, 0.4, 0.05, 250, 25000]",763.664,205.09552400000393
"['f20', 20, -10, 10, 100, 0.4, 0.05, 250, 25000]",761.93,207.18936499999836
"['f20', 20, -10, 10, 100, 0.4, 0.05, 250, 25000]",763.04,207.24487399996724
"['f20', 20, -10, 10, 100, 0.4, 0.05, 250, 25000]",761.873,200.58867500000633
"['f20', 20, -10, 10, 100, 0.4, 0.05, 250, 25000]",761.776,205.515596000012
"['f20', 20, -10, 10, 100, 0.4, 0.05, 250, 25000]",762.313,207.25270900002215
"['f20', 20, -10, 10, 100, 0.4, 0.05, 250, 25000]",762.996,206.02256100001978
"['f20', 20, -10, 10, 100, 0.4, 0.05, 250, 25000]",763.351,201.13135900005
"['f20', 20, -10, 10, 100, 0.4, 0.05, 250, 25000]",761.585,202.11595400003716
"['f20', 20, -10, 10, 100, 0.4, 0.05, 250, 25000]",763.256,201.84410799999023
"['f20', 20, -10, 10, 100, 0.4, 0.05, 250, 25000]",762.018,201.96265200001653
"['f20', 20, -10, 10, 100, 0.4, 0.05, 250, 25000]",762.997,201.4527329999837
"['f20', 20, -10, 10, 100, 0.4, 0.05, 250, 25000]",762.398,210.0754929999821
"['f20', 20, -10, 10, 100, 0.4, 0.05, 250, 25000]",762.701,205.29994499997701
"['f20', 20, -10, 10, 100, 0.4, 0.05, 250, 25000]",762.726,201.18519699998433
"['f20', 20, -10, 10, 100, 0.4, 0.05, 250, 25000]",762.651,199.1693189999787
"['f20', 20, -10, 10, 100, 0.4, 0.05, 300, 30000]",764.084,241.66247099998873
"['f20', 20, -10, 10, 100, 0.4, 0.05, 300, 30000]",764.044,243.14754999999423
"['f20', 20, -10, 10, 100, 0.4, 0.05, 300, 30000]",762.398,245.07737299997825
"['f20', 20, -10, 10, 100, 0.4, 0.05, 300, 30000]",760.856,243.14752300002147
"['f20', 20, -10, 10, 100, 0.4, 0.05, 300, 30000]",764.475,247.70353800000157
"['f20', 20, -10, 10, 100, 0.4, 0.05, 300, 30000]",762.127,243.56609200005187
"['f20', 20, -10, 10, 100, 0.4, 0.05, 300, 30000]",761.142,241.41407100000652
"['f20', 20, -10, 10, 100, 0.4, 0.05, 300, 30000]",762.279,243.628675999993
"['f20', 20, -10, 10, 100, 0.4, 0.05, 300, 30000]",761.32,242.09751900000265
"['f20', 20, -10, 10, 100, 0.4, 0.05, 300, 30000]",763.038,249.22202200000174
"['f20', 20, -10, 10, 100, 0.4, 0.05, 300, 30000]",762.647,246.85339799994836
"['f20', 20, -10, 10, 100, 0.4, 0.05, 300, 30000]",762.474,240.21563400002196
"['f20', 20, -10, 10, 100, 0.4, 0.05, 300, 30000]",763.303,242.79097899998305
"['f20', 20, -10, 10, 100, 0.4, 0.05, 300, 30000]",761.53,247.91521599999396
"['f20', 20, -10, 10, 100, 0.4, 0.05, 300, 30000]",761.239,242.89500200003386
"['f20', 20, -10, 10, 100, 0.4, 0.05, 300, 30000]",763.807,243.5325479999883
"['f20', 20, -10, 10, 100, 0.4, 0.05, 300, 30000]",761.99,245.52532300003804
"['f20', 20, -10, 10, 100, 0.4, 0.05, 300, 30000]",761.934,244.9932109999936
"['f20', 20, -10, 10, 100, 0.4, 0.05, 300, 30000]",764.163,242.56881999998586
"['f20', 20, -10, 10, 100, 0.4, 0.05, 300, 30000]",762.434,240.9581940000062
"['f20', 20, -10, 10, 100, 0.4, 0.06, 250, 25000]",761.502,204.52496700000484
"['f20', 20, -10, 10, 100, 0.4, 0.06, 250, 25000]",763.135,208.69860699999845
"['f20', 20, -10, 10, 100, 0.4, 0.06, 250, 25000]",762.581,200.33713299996452
"['f20', 20, -10, 10, 100, 0.4, 0.06, 250, 25000]",760.651,210.67786799999885
"['f20', 20, -10, 10, 100, 0.4, 0.06, 250, 25000]",763.209,208.84929900005227
"['f20', 20, -10, 10, 100, 0.4, 0.06, 250, 25000]",761.474,204.92837000003783
"['f20', 20, -10, 10, 100, 0.4, 0.06, 250, 25000]",761.782,204.55361499998253
"['f20', 20, -10, 10, 100, 0.4, 0.06, 250, 25000]",760.827,204.88452700001653
"['f20', 20, -10, 10, 100, 0.4, 0.06, 250, 25000]",760.932,204.10959900001762
"['f20', 20, -10, 10, 100, 0.4, 0.06, 250, 25000]",761.15,201.6963729999843
"['f20', 20, -10, 10, 100, 0.4, 0.06, 250, 25000]",761.833,203.2491409999784
"['f20', 20, -10, 10, 100, 0.4, 0.06, 250, 25000]",761.593,202.06926299998304
"['f20', 20, -10, 10, 100, 0.4, 0.06, 250, 25000]",762.252,204.952992000035
"['f20', 20, -10, 10, 100, 0.4, 0.06, 250, 25000]",760.845,203.50420899997698
"['f20', 20, -10, 10, 100, 0.4, 0.06, 250, 25000]",762.57,212.45635500003118
"['f20', 20, -10, 10, 100, 0.4, 0.06, 250, 25000]",761.263,212.5419600000023
"['f20', 20, -10, 10, 100, 0.4, 0.06, 250, 25000]",761.765,220.81211699999403
"['f20', 20, -10, 10, 100, 0.4, 0.06, 250, 25000]",762.492,212.24332700000377
"['f20', 20, -10, 10, 100, 0.4, 0.06, 250, 25000]",761.622,213.32650700001977
"['f20', 20, -10, 10, 100, 0.4, 0.06, 250, 25000]",760.983,205.52324300003238
"['f20', 20, -10, 10, 100, 0.4, 0.06, 300, 30000]",761.011,243.67311899998458
"['f20', 20, -10, 10, 100, 0.4, 0.06, 300, 30000]",761.194,247.4912749999785
"['f20', 20, -10, 10, 100, 0.4, 0.06, 300, 30000]",760.796,247.24911500001326
"['f20', 20, -10, 10, 100, 0.4, 0.06, 300, 30000]",763.153,244.9283899999573
"['f20', 20, -10, 10, 100, 0.4, 0.06, 300, 30000]",761.76,246.0392690000008
"['f20', 20, -10, 10, 100, 0.4, 0.06, 300, 30000]",761.081,244.95604199997615
"['f20', 20, -10, 10, 100, 0.4, 0.06, 300, 30000]",762.346,252.56085000000894
"['f20', 20, -10, 10, 100, 0.4, 0.06, 300, 30000]",761.867,246.34856999997282
"['f20', 20, -10, 10, 100, 0.4, 0.06, 300, 30000]",760.688,247.98328200000105
"['f20', 20, -10, 10, 100, 0.4, 0.06, 300, 30000]",762.622,248.13141600001836
"['f20', 20, -10, 10, 100, 0.4, 0.06, 300, 30000]",762.38,243.03717100003269
"['f20', 20, -10, 10, 100, 0.4, 0.06, 300, 30000]",761.549,246.22708599996986
"['f20', 20, -10, 10, 100, 0.4, 0.06, 300, 30000]",762.493,248.8342260000063
"['f20', 20, -10, 10, 100, 0.4, 0.06, 300, 30000]",761.288,244.85269999998854
"['f20', 20, -10, 10, 100, 0.4, 0.06, 300, 30000]",761.465,245.51793299999554
"['f20', 20, -10, 10, 100, 0.4, 0.06, 300, 30000]",762.283,245.45961499999976
"['f20', 20, -10, 10, 100, 0.4, 0.06, 300, 30000]",760.828,247.23439299996244
"['f20', 20, -10, 10, 100, 0.4, 0.06, 300, 30000]",762.048,246.33265599998413
"['f20', 20, -10, 10, 100, 0.4, 0.06, 300, 30000]",762.172,248.4331339999917
"['f20', 20, -10, 10, 100, 0.4, 0.06, 300, 30000]",761.209,246.26174599997466
"['f20', 20, -10, 10, 100, 0.5, 0.05, 250, 25000]",761.485,203.75991399999475
"['f20', 20, -10, 10, 100, 0.5, 0.05, 250, 25000]",762.592,201.6072779999813
"['f20', 20, -10, 10, 100, 0.5, 0.05, 250, 25000]",761.832,205.75199000001885
"['f20', 20, -10, 10, 100, 0.5, 0.05, 250, 25000]",763.65,206.07339100004174
"['f20', 20, -10, 10, 100, 0.5, 0.05, 250, 25000]",761.288,205.14303500001552
"['f20', 20, -10, 10, 100, 0.5, 0.05, 250, 25000]",762.58,207.28420499997446
"['f20', 20, -10, 10, 100, 0.5, 0.05, 250, 25000]",762.849,204.73455899994588
"['f20', 20, -10, 10, 100, 0.5, 0.05, 250, 25000]",764.386,204.85458799998742
"['f20', 20, -10, 10, 100, 0.5, 0.05, 250, 25000]",762.79,205.11172799998894
"['f20', 20, -10, 10, 100, 0.5, 0.05, 250, 25000]",762.548,202.9850200000219
"['f20', 20, -10, 10, 100, 0.5, 0.05, 250, 25000]",762.716,205.74837899999693
"['f20', 20, -10, 10, 100, 0.5, 0.05, 250, 25000]",762.508,204.58551899995655
"['f20', 20, -10, 10, 100, 0.5, 0.05, 250, 25000]",762.114,203.07520900003146
"['f20', 20, -10, 10, 100, 0.5, 0.05, 250, 25000]",761.336,208.74421400000574
"['f20', 20, -10, 10, 100, 0.5, 0.05, 250, 25000]",761.741,203.5468519999995
"['f20', 20, -10, 10, 100, 0.5, 0.05, 250, 25000]",762.374,206.51820699998643
"['f20', 20, -10, 10, 100, 0.5, 0.05, 250, 25000]",762.237,200.4498930000118
"['f20', 20, -10, 10, 100, 0.5, 0.05, 250, 25000]",763.339,205.72653599997284
"['f20', 20, -10, 10, 100, 0.5, 0.05, 250, 25000]",763.512,206.97732499998529
"['f20', 20, -10, 10, 100, 0.5, 0.05, 250, 25000]",762.563,202.91338699997868
"['f20', 20, -10, 10, 100, 0.5, 0.05, 300, 30000]",764.578,243.61710999999195
"['f20', 20, -10, 10, 100, 0.5, 0.05, 300, 30000]",761.192,243.53901200002292
"['f20', 20, -10, 10, 100, 0.5, 0.05, 300, 30000]",763.177,246.405998000002
"['f20', 20, -10, 10, 100, 0.5, 0.05, 300, 30000]",762.475,244.9368020000402
"['f20', 20, -10, 10, 100, 0.5, 0.05, 300, 30000]",760.905,244.03739599999972
"['f20', 20, -10, 10, 100, 0.5, 0.05, 300, 30000]",762.356,244.881240000017
"['f20', 20, -10, 10, 100, 0.5, 0.05, 300, 30000]",760.921,243.23812799999723
"['f20', 20, -10, 10, 100, 0.5, 0.05, 300, 30000]",762.668,249.01925300003495
"['f20', 20, -10, 10, 100, 0.5, 0.05, 300, 30000]",762.542,243.1242369999527
"['f20', 20, -10, 10, 100, 0.5, 0.05, 300, 30000]",761.714,243.6598900000099
"['f20', 20, -10, 10, 100, 0.5, 0.05, 300, 30000]",761.733,243.32414099999005
"['f20', 20, -10, 10, 100, 0.5, 0.05, 300, 30000]",761.733,243.4399020000128
"['f20', 20, -10, 10, 100, 0.5, 0.05, 300, 30000]",763.184,243.6007910000044
"['f20', 20, -10, 10, 100, 0.5, 0.05, 300, 30000]",762.622,249.80280999996467
"['f20', 20, -10, 10, 100, 0.5, 0.05, 300, 30000]",762.287,243.73243499995442
"['f20', 20, -10, 10, 100, 0.5, 0.05, 300, 30000]",762.291,242.63106600003084
"['f20', 20, -10, 10, 100, 0.5, 0.05, 300, 30000]",761.604,241.22652099997504
"['f20', 20, -10, 10, 100, 0.5, 0.05, 300, 30000]",762.035,247.93411700002616
"['f20', 20, -10, 10, 100, 0.5, 0.05, 300, 30000]",761.759,247.47438899998087
"['f20', 20, -10, 10, 100, 0.5, 0.05, 300, 30000]",761.546,245.66695799998706
"['f20', 20, -10, 10, 100, 0.5, 0.06, 250, 25000]",760.792,203.70666999998502
"['f20', 20, -10, 10, 100, 0.5, 0.06, 250, 25000]",761.943,204.97867600002792
"['f20', 20, -10, 10, 100, 0.5, 0.06, 250, 25000]",762.076,203.67875199997798
"['f20', 20, -10, 10, 100, 0.5, 0.06, 250, 25000]",761.379,202.69753499998478
"['f20', 20, -10, 10, 100, 0.5, 0.06, 250, 25000]",761.691,201.09738799999468
"['f20', 20, -10, 10, 100, 0.5, 0.06, 250, 25000]",761.409,203.0129850000376
"['f20', 20, -10, 10, 100, 0.5, 0.06, 250, 25000]",761.944,200.1474670000025
"['f20', 20, -10, 10, 100, 0.5, 0.06, 250, 25000]",760.508,201.51521300000604
"['f20', 20, -10, 10, 100, 0.5, 0.06, 250, 25000]",763.332,201.8513259999454
"['f20', 20, -10, 10, 100, 0.5, 0.06, 250, 25000]",761.204,203.8159460000461
"['f20', 20, -10, 10, 100, 0.5, 0.06, 250, 25000]",761.522,211.06223899999168
"['f20', 20, -10, 10, 100, 0.5, 0.06, 250, 25000]",763.432,200.40420599997742
"['f20', 20, -10, 10, 100, 0.5, 0.06, 250, 25000]",762.986,203.5381059999927
"['f20', 20, -10, 10, 100, 0.5, 0.06, 250, 25000]",762.332,201.1862550000078
"['f20', 20, -10, 10, 100, 0.5, 0.06, 250, 25000]",762.218,200.15269600000465
"['f20', 20, -10, 10, 100, 0.5, 0.06, 250, 25000]",763.15,204.2359160000342
"['f20', 20, -10, 10, 100, 0.5, 0.06, 250, 25000]",761.678,201.7738750000135
"['f20', 20, -10, 10, 100, 0.5, 0.06, 250, 25000]",760.781,203.0975960000069
"['f20', 20, -10, 10, 100, 0.5, 0.06, 250, 25000]",760.729,200.73817899997812
"['f20', 20, -10, 10, 100, 0.5, 0.06, 250, 25000]",760.934,203.41144299996085
"['f20', 20, -10, 10, 100, 0.5, 0.06, 300, 30000]",762.077,244.61035799997626
"['f20', 20, -10, 10, 100, 0.5, 0.06, 300, 30000]",761.892,246.5063959999825
"['f20', 20, -10, 10, 100, 0.5, 0.06, 300, 30000]",762.35,249.72641100001056
"['f20', 20, -10, 10, 100, 0.5, 0.06, 300, 30000]",761.054,246.79407099995296
"['f20', 20, -10, 10, 100, 0.5, 0.06, 300, 30000]",760.704,255.5871090000146
"['f20', 20, -10, 10, 100, 0.5, 0.06, 300, 30000]",761.277,246.0157360000303
"['f20', 20, -10, 10, 100, 0.5, 0.06, 300, 30000]",761.951,247.58442099997774
"['f20', 20, -10, 10, 100, 0.5, 0.06, 300, 30000]",761.103,246.19790800003102
"['f20', 20, -10, 10, 100, 0.5, 0.06, 300, 30000]",762.645,242.5477049999754
"['f20', 20, -10, 10, 100, 0.5, 0.06, 300, 30000]",761.057,242.93977200001245
"['f20', 20, -10, 10, 100, 0.5, 0.06, 300, 30000]",761.556,246.81179900001734
"['f20', 20, -10, 10, 100, 0.5, 0.06, 300, 30000]",760.854,243.215280000004
"['f20', 20, -10, 10, 100, 0.5, 0.06, 300, 30000]",761.526,241.7174820000073
"['f20', 20, -10, 10, 100, 0.5, 0.06, 300, 30000]",761.867,245.88566900003934
"['f20', 20, -10, 10, 100, 0.5, 0.06, 300, 30000]",761.099,245.64774200000102
"['f20', 20, -10, 10, 100, 0.5, 0.06, 300, 30000]",761.497,247.81299800000852
"['f20', 20, -10, 10, 100, 0.5, 0.06, 300, 30000]",762.88,243.14412799995625
"['f20', 20, -10, 10, 100, 0.5, 0.06, 300, 30000]",761.025,244.2763050000067
"['f20', 20, -10, 10, 100, 0.5, 0.06, 300, 30000]",761.088,243.50003900000593
"['f20', 20, -10, 10, 100, 0.5, 0.06, 300, 30000]",761.102,247.57614999997895
"['f20', 20, -10, 10, 200, 0.4, 0.05, 150, 30000]",760.638,245.53526199999033
"['f20', 20, -10, 10, 200, 0.4, 0.05, 150, 30000]",760.768,248.08992800000124
"['f20', 20, -10, 10, 200, 0.4, 0.05, 150, 30000]",760.548,244.98958100000164
"['f20', 20, -10, 10, 200, 0.4, 0.05, 150, 30000]",761.298,246.42780000000494
"['f20', 20, -10, 10, 200, 0.4, 0.05, 150, 30000]",760.571,246.64591399999335
"['f20', 20, -10, 10, 200, 0.4, 0.05, 150, 30000]",761.181,247.5688530000043
"['f20', 20, -10, 10, 200, 0.4, 0.05, 150, 30000]",761.295,250.07004100002814
"['f20', 20, -10, 10, 200, 0.4, 0.05, 150, 30000]",761.013,245.09549700003117
"['f20', 20, -10, 10, 200, 0.4, 0.05, 150, 30000]",760.791,246.8057620000327
"['f20', 20, -10, 10, 200, 0.4, 0.05, 150, 30000]",760.494,243.61261500004912
"['f20', 20, -10, 10, 200, 0.4, 0.05, 150, 30000]",761.725,245.45524300000397
"['f20', 20, -10, 10, 200, 0.4, 0.05, 150, 30000]",760.948,241.32102799997665
"['f20', 20, -10, 10, 200, 0.4, 0.05, 150, 30000]",760.464,242.65937399998074
"['f20', 20, -10, 10, 200, 0.4, 0.05, 150, 30000]",761.271,244.37349199998425
"['f20', 20, -10, 10, 200, 0.4, 0.05, 150, 30000]",761.896,244.13572100002784
"['f20', 20, -10, 10, 200, 0.4, 0.05, 150, 30000]",761.633,246.6718529999489
"['f20', 20, -10, 10, 200, 0.4, 0.05, 150, 30000]",760.96,246.78146999998717
"['f20', 20, -10, 10, 200, 0.4, 0.05, 150, 30000]",761.094,246.02228400000604
"['f20', 20, -10, 10, 200, 0.4, 0.05, 150, 30000]",761.872,248.6736390000442
"['f20', 20, -10, 10, 200, 0.4, 0.05, 150, 30000]",761.009,248.74511000001803
"['f20', 20, -10, 10, 200, 0.4, 0.06, 150, 30000]",761.643,245.48537000000942
"['f20', 20, -10, 10, 200, 0.4, 0.06, 150, 30000]",761.097,246.30985000001965
"['f20', 20, -10, 10, 200, 0.4, 0.06, 150, 30000]",760.882,247.18743099999847
"['f20', 20, -10, 10, 200, 0.4, 0.06, 150, 30000]",760.917,251.27397400001064
"['f20', 20, -10, 10, 200, 0.4, 0.06, 150, 30000]",761.108,246.0878859999939
"['f20', 20, -10, 10, 200, 0.4, 0.06, 150, 30000]",761.576,248.2260510000051
"['f20', 20, -10, 10, 200, 0.4, 0.06, 150, 30000]",760.527,246.9473519999883
"['f20', 20, -10, 10, 200, 0.4, 0.06, 150, 30000]",761.136,243.09940800000913
"['f20', 20, -10, 10, 200, 0.4, 0.06, 150, 30000]",761.815,243.47248299996136
"['f20', 20, -10, 10, 200, 0.4, 0.06, 150, 30000]",760.599,245.74269400001504
"['f20', 20, -10, 10, 200, 0.4, 0.06, 150, 30000]",761.04,243.6040669999784
"['f20', 20, -10, 10, 200, 0.4, 0.06, 150, 30000]",761.84,243.14734299998963
"['f20', 20, -10, 10, 200, 0.4, 0.06, 150, 30000]",761.312,243.984346000012
"['f20', 20, -10, 10, 200, 0.4, 0.06, 150, 30000]",760.571,248.3842500000028
"['f20', 20, -10, 10, 200, 0.4, 0.06, 150, 30000]",760.614,242.15673699998297
"['f20', 20, -10, 10, 200, 0.4, 0.06, 150, 30000]",761.612,247.80772500002058
"['f20', 20, -10, 10, 200, 0.4, 0.06, 150, 30000]",762.602,244.85099399997853
"['f20', 20, -10, 10, 200, 0.4, 0.06, 150, 30000]",761.151,248.97083199996268
"['f20', 20, -10, 10, 200, 0.4, 0.06, 150, 30000]",760.972,252.0254239999922
"['f20', 20, -10, 10, 200, 0.4, 0.06, 150, 30000]",762.354,249.76000899996143
"['f20', 20, -10, 10, 200, 0.5, 0.05, 150, 30000]",760.719,249.81581000000006
"['f20', 20, -10, 10, 200, 0.5, 0.05, 150, 30000]",760.677,245.6319829999702
"['f20', 20, -10, 10, 200, 0.5, 0.05, 150, 30000]",760.929,244.499318999995
"['f20', 20, -10, 10, 200, 0.5, 0.05, 150, 30000]",761.734,244.82718600000953
"['f20', 20, -10, 10, 200, 0.5, 0.05, 150, 30000]",760.996,246.96224399999483
"['f20', 20, -10, 10, 200, 0.5, 0.05, 150, 30000]",760.8,249.13332099997206
"['f20', 20, -10, 10, 200, 0.5, 0.05, 150, 30000]",760.78,246.8114910000004
"['f20', 20, -10, 10, 200, 0.5, 0.05, 150, 30000]",760.853,245.52127000002656
"['f20', 20, -10, 10, 200, 0.5, 0.05, 150, 30000]",762.131,248.29663400002755
"['f20', 20, -10, 10, 200, 0.5, 0.05, 150, 30000]",761.002,246.16923900000984
"['f20', 20, -10, 10, 200, 0.5, 0.05, 150, 30000]",761.478,244.96539500000654
"['f20', 20, -10, 10, 200, 0.5, 0.05, 150, 30000]",760.515,246.27510099997744
"['f20', 20, -10, 10, 200, 0.5, 0.05, 150, 30000]",760.542,245.1132729999954
"['f20', 20, -10, 10, 200, 0.5, 0.05, 150, 30000]",761.423,243.93012699997053
"['f20', 20, -10, 10, 200, 0.5, 0.05, 150, 30000]",760.617,242.0715049999999
"['f20', 20, -10, 10, 200, 0.5, 0.05, 150, 30000]",761.708,246.28616200003307
"['f20', 20, -10, 10, 200, 0.5, 0.05, 150, 30000]",760.839,246.12475700001232
"['f20', 20, -10, 10, 200, 0.5, 0.05, 150, 30000]",760.839,244.446334999986
"['f20', 20, -10, 10, 200, 0.5, 0.05, 150, 30000]",760.604,247.85668000002624
"['f20', 20, -10, 10, 200, 0.5, 0.05, 150, 30000]",761.617,243.07280799996806
"['f20', 20, -10, 10, 200, 0.5, 0.06, 150, 30000]",761.377,246.07278300001053
"['f20', 20, -10, 10, 200, 0.5, 0.06, 150, 30000]",761.129,245.5797190000303
"['f20', 20, -10, 10, 200, 0.5, 0.06, 150, 30000]",761.779,242.45519599999534
"['f20', 20, -10, 10, 200, 0.5, 0.06, 150, 30000]",761.798,249.65295700001298
"['f20', 20, -10, 10, 200, 0.5, 0.06, 150, 30000]",761.349,248.3266939999885
"['f20', 20, -10, 10, 200, 0.5, 0.06, 150, 30000]",760.873,251.37705700000515
"['f20', 20, -10, 10, 200, 0.5, 0.06, 150, 30000]",761.933,245.61244699999224
"['f20', 20, -10, 10, 200, 0.5, 0.06, 150, 30000]",761.701,243.26441200001864
"['f20', 20, -10, 10, 200, 0.5, 0.06, 150, 30000]",761.303,243.59537599998293
"['f20', 20, -10, 10, 200, 0.5, 0.06, 150, 30000]",762.227,244.64854700001888
"['f20', 20, -10, 10, 200, 0.5, 0.06, 150, 30000]",760.987,244.38506999996025
"['f20', 20, -10, 10, 200, 0.5, 0.06, 150, 30000]",761.113,250.19587399996817
"['f20', 20, -10, 10, 200, 0.5, 0.06, 150, 30000]",760.731,251.52385800000047
"['f20', 20, -10, 10, 200, 0.5, 0.06, 150, 30000]",760.69,250.73292799998308
"['f20', 20, -10, 10, 200, 0.5, 0.06, 150, 30000]",760.645,249.46424200001638
"['f20', 20, -10, 10, 200, 0.5, 0.06, 150, 30000]",762.18,247.9887190000154
"['f20', 20, -10, 10, 200, 0.5, 0.06, 150, 30000]",761.33,253.09658300003503
"['f20', 20, -10, 10, 200, 0.5, 0.06, 150, 30000]",761.287,245.6496010000119
"['f20', 20, -10, 10, 200, 0.5, 0.06, 150, 30000]",761.881,246.4962790000136
"['f20', 20, -10, 10, 200, 0.5, 0.06, 150, 30000]",761.515,249.264645999996
"['f20', 20, -100, 100, 100, 0.4, 0.05, 250, 25000]",762.388,206.40918999997666
"['f20', 20, -100, 100, 100, 0.4, 0.05, 250, 25000]",760.836,203.41666599997552
"['f20', 20, -100, 100, 100, 0.4, 0.05, 250, 25000]",763.534,204.9472999999998
"['f20', 20, -100, 100, 100, 0.4, 0.05, 250, 25000]",762.62,204.7752170000458
"['f20', 20, -100, 100, 100, 0.4, 0.05, 250, 25000]",762.063,208.81739800004289
"['f20', 20, -100, 100, 100, 0.4, 0.05, 250, 25000]",761.262,205.5812169999699
"['f20', 20, -100, 100, 100, 0.4, 0.05, 250, 25000]",762.228,200.91213299997617
"['f20', 20, -100, 100, 100, 0.4, 0.05, 250, 25000]",762.377,205.10091400000965
"['f20', 20, -100, 100, 100, 0.4, 0.05, 250, 25000]",763.59,202.47640200000023
"['f20', 20, -100, 100, 100, 0.4, 0.05, 250, 25000]",761.629,204.8812559999642
"['f20', 20, -100, 100, 100, 0.4, 0.05, 250, 25000]",763.061,205.53942899999674
"['f20', 20, -100, 100, 100, 0.4, 0.05, 250, 25000]",763.431,205.46629499999108
"['f20', 20, -100, 100, 100, 0.4, 0.05, 250, 25000]",762.051,202.61598800000502
"['f20', 20, -100, 100, 100, 0.4, 0.05, 250, 25000]",761.589,204.94324699998833
"['f20', 20, -100, 100, 100, 0.4, 0.05, 250, 25000]",763.469,221.22531900001923
"['f20', 20, -100, 100, 100, 0.4, 0.05, 250, 25000]",762.08,203.9092589999782
"['f20', 20, -100, 100, 100, 0.4, 0.05, 250, 25000]",761.713,204.71553000004496
"['f20', 20, -100, 100, 100, 0.4, 0.05, 250, 25000]",763.04,210.19324100000085
"['f20', 20, -100, 100, 100, 0.4, 0.05, 250, 25000]",761.806,206.6834830000298
"['f20', 20, -100, 100, 100, 0.4, 0.05, 250, 25000]",763.77,207.9735680000158
"['f20', 20, -100, 100, 100, 0.4, 0.05, 300, 30000]",761.362,254.74327899998752
"['f20', 20, -100, 100, 100, 0.4, 0.05, 300, 30000]",762.12,254.04157299996587
"['f20', 20, -100, 100, 100, 0.4, 0.05, 300, 30000]",761.573,254.04655199998524
"['f20', 20, -100, 100, 100, 0.4, 0.05, 300, 30000]",762.02,245.93423399998574
"['f20', 20, -100, 100, 100, 0.4, 0.05, 300, 30000]",762.49,253.39881300000707
"['f20', 20, -100, 100, 100, 0.4, 0.05, 300, 30000]",760.996,248.16823700000532
"['f20', 20, -100, 100, 100, 0.4, 0.05, 300, 30000]",764.57,251.89191599999322
"['f20', 20, -100, 100, 100, 0.4, 0.05, 300, 30000]",763.978,249.1806949999882
"['f20', 20, -100, 100, 100, 0.4, 0.05, 300, 30000]",762.337,252.6229389999644
"['f20', 20, -100, 100, 100, 0.4, 0.05, 300, 30000]",761.065,250.6635740000056
"['f20', 20, -100, 100, 100, 0.4, 0.05, 300, 30000]",762.396,249.68394600000465
"['f20', 20, -100, 100, 100, 0.4, 0.05, 300, 30000]",763.037,251.6798659999622
"['f20', 20, -100, 100, 100, 0.4, 0.05, 300, 30000]",761.887,252.98815200000536
"['f20', 20, -100, 100, 100, 0.4, 0.05, 300, 30000]",762.143,256.83651300001657
"['f20', 20, -100, 100, 100, 0.4, 0.05, 300, 30000]",761.083,242.87225700001
"['f20', 20, -100, 100, 100, 0.4, 0.05, 300, 30000]",761.821,253.65881000005174
"['f20', 20, -100, 100, 100, 0.4, 0.05, 300, 30000]",762.835,246.23115399997914
"['f20', 20, -100, 100, 100, 0.4, 0.05, 300, 30000]",762.436,247.34132900001714
"['f20', 20, -100, 100, 100, 0.4, 0.05, 300, 30000]",763.013,253.63942299998598
"['f20', 20, -100, 100, 100, 0.4, 0.05, 300, 30000]",762.903,256.13606900000013
"['f20', 20, -100, 100, 100, 0.4, 0.06, 250, 25000]",762.913,204.75997099996312
"['f20', 20, -100, 100, 100, 0.4, 0.06, 250, 25000]",762.065,211.55463400000008
"['f20', 20, -100, 100, 100, 0.4, 0.06, 250, 25000]",762.6,203.7679520000238
"['f20', 20, -100, 100, 100, 0.4, 0.06, 250, 25000]",763.175,217.28159400000004
"['f20', 20, -100, 100, 100, 0.4, 0.06, 250, 25000]",761.965,218.26456699997652
"['f20', 20, -100, 100, 100, 0.4, 0.06, 250, 25000]",761.028,206.1299449999933
"['f20', 20, -100, 100, 100, 0.4, 0.06, 250, 25000]",762.393,210.84851300000446
"['f20', 20, -100, 100, 100, 0.4, 0.06, 250, 25000]",761.049,208.8347219999996
"['f20', 20, -100, 100, 100, 0.4, 0.06, 250, 25000]",762.071,203.2443300000159
"['f20', 20, -100, 100, 100, 0.4, 0.06, 250, 25000]",762.307,218.5943950000219
"['f20', 20, -100, 100, 100, 0.4, 0.06, 250, 25000]",760.711,208.8062659999705
"['f20', 20, -100, 100, 100, 0.4, 0.06, 250, 25000]",761.511,223.87703299999703
"['f20', 20, -100, 100, 100, 0.4, 0.06, 250, 25000]",762.393,206.24575400003232
"['f20', 20, -100, 100, 100, 0.4, 0.06, 250, 25000]",761.227,206.64302399998996
"['f20', 20, -100, 100, 100, 0.4, 0.06, 250, 25000]",761.739,208.6281869999948
"['f20', 20, -100, 100, 100, 0.4, 0.06, 250, 25000]",762.095,209.10922099999152
"['f20', 20, -100, 100, 100, 0.4, 0.06, 250, 25000]",762.33,206.2784700000193
"['f20', 20, -100, 100, 100, 0.4, 0.06, 250, 25000]",761.086,198.1063210000284
"['f20', 20, -100, 100, 100, 0.4, 0.06, 250, 25000]",761.321,207.08833699999377
"['f20', 20, -100, 100, 100, 0.4, 0.06, 250, 25000]",761.171,202.48169500008225
"['f20', 20, -100, 100, 100, 0.4, 0.06, 300, 30000]",761.406,246.38233499997295
"['f20', 20, -100, 100, 100, 0.4, 0.06, 300, 30000]",762.558,246.13049899996258
"['f20', 20, -100, 100, 100, 0.4, 0.06, 300, 30000]",763.621,248.43133900000248
"['f20', 20, -100, 100, 100, 0.4, 0.06, 300, 30000]",760.652,246.57156099996064
"['f20', 20, -100, 100, 100, 0.4, 0.06, 300, 30000]",761.514,245.77377799991518
"['f20', 20, -100, 100, 100, 0.4, 0.06, 300, 30000]",760.978,251.5955659999745
"['f20', 20, -100, 100, 100, 0.4, 0.06, 300, 30000]",761.302,255.04166600003373
"['f20', 20, -100, 100, 100, 0.4, 0.06, 300, 30000]",761.485,250.72005300002638
"['f20', 20, -100, 100, 100, 0.4, 0.06, 300, 30000]",761.825,247.50424399995245
"['f20', 20, -100, 100, 100, 0.4, 0.06, 300, 30000]",763.642,246.31911099993158
"['f20', 20, -100, 100, 100, 0.4, 0.06, 300, 30000]",762.017,275.815466
"['f20', 20, -100, 100, 100, 0.4, 0.06, 300, 30000]",761.891,249.98434899991844
"['f20', 20, -100, 100, 100, 0.4, 0.06, 300, 30000]",760.551,242.35473300004378
"['f20', 20, -100, 100, 100, 0.4, 0.06, 300, 30000]",762.167,243.9850650000153
"['f20', 20, -100, 100, 100, 0.4, 0.06, 300, 30000]",761.626,250.41757100005634
"['f20', 20, -100, 100, 100, 0.4, 0.06, 300, 30000]",761.418,251.04943699995056
"['f20', 20, -100, 100, 100, 0.4, 0.06, 300, 30000]",762.241,253.77837299997918
"['f20', 20, -100, 100, 100, 0.4, 0.06, 300, 30000]",761.316,250.61556900001597
"['f20', 20, -100, 100, 100, 0.4, 0.06, 300, 30000]",762.482,246.69361800001934
"['f20', 20, -100, 100, 100, 0.4, 0.06, 300, 30000]",761.26,246.15418799989857
"['f20', 20, -100, 100, 100, 0.5, 0.05, 250, 25000]",763.878,209.02011899999343
"['f20', 20, -100, 100, 100, 0.5, 0.05, 250, 25000]",762.348,208.48246400000062
"['f20', 20, -100, 100, 100, 0.5, 0.05, 250, 25000]",761.559,202.61264599999413
"['f20', 20, -100, 100, 100, 0.5, 0.05, 250, 25000]",762.207,201.487383000087
"['f20', 20, -100, 100, 100, 0.5, 0.05, 250, 25000]",761.307,200.1883979999693
"['f20', 20, -100, 100, 100, 0.5, 0.05, 250, 25000]",762.454,212.59622200008016
"['f20', 20, -100, 100, 100, 0.5, 0.05, 250, 25000]",762.427,200.38229000009596
"['f20', 20, -100, 100, 100, 0.5, 0.05, 250, 25000]",761.057,199.36898699996527
"['f20', 20, -100, 100, 100, 0.5, 0.05, 250, 25000]",761.994,202.21960800001398
"['f20', 20, -100, 100, 100, 0.5, 0.05, 250, 25000]",761.869,206.00986700004432
"['f20', 20, -100, 100, 100, 0.5, 0.05, 250, 25000]",763.156,205.17867399996612
"['f20', 20, -100, 100, 100, 0.5, 0.05, 250, 25000]",761.768,203.3817740000086
"['f20', 20, -100, 100, 100, 0.5, 0.05, 250, 25000]",763.419,210.43117000011262
"['f20', 20, -100, 100, 100, 0.5, 0.05, 250, 25000]",763.457,207.21743399999104
"['f20', 20, -100, 100, 100, 0.5, 0.05, 250, 25000]",762.335,200.09228599991184
"['f20', 20, -100, 100, 100, 0.5, 0.05, 250, 25000]",762.996,203.50149199995212
"['f20', 20, -100, 100, 100, 0.5, 0.05, 250, 25000]",763.087,206.63455800001975
"['f20', 20, -100, 100, 100, 0.5, 0.05, 250, 25000]",761.771,206.94484900007956
"['f20', 20, -100, 100, 100, 0.5, 0.05, 250, 25000]",762.493,203.3831309999805
"['f20', 20, -100, 100, 100, 0.5, 0.05, 250, 25000]",762.473,207.72727299993858
"['f20', 20, -100, 100, 100, 0.5, 0.05, 300, 30000]",763.228,242.371233999962
"['f20', 20, -100, 100, 100, 0.5, 0.05, 300, 30000]",762.137,255.68748000008054
"['f20', 20, -100, 100, 100, 0.5, 0.05, 300, 30000]",762.483,253.0580590000609
"['f20', 20, -100, 100, 100, 0.5, 0.05, 300, 30000]",762.236,250.73181400005706
"['f20', 20, -100, 100, 100, 0.5, 0.05, 300, 30000]",762.072,252.06393200007733
"['f20', 20, -100, 100, 100, 0.5, 0.05, 300, 30000]",763.498,254.74569000001065
"['f20', 20, -100, 100, 100, 0.5, 0.05, 300, 30000]",760.859,262.7365020000143
"['f20', 20, -100, 100, 100, 0.5, 0.05, 300, 30000]",760.795,253.49376800004393
"['f20', 20, -100, 100, 100, 0.5, 0.05, 300, 30000]",762.692,255.08483099995647
"['f20', 20, -100, 100, 100, 0.5, 0.05, 300, 30000]",764.195,248.815212000045
"['f20', 20, -100, 100, 100, 0.5, 0.05, 300, 30000]",762.611,261.5330359999789
"['f20', 20, -100, 100, 100, 0.5, 0.05, 300, 30000]",761.317,249.11340100003872
"['f20', 20, -100, 100, 100, 0.5, 0.05, 300, 30000]",762.965,255.68995000002906
"['f20', 20, -100, 100, 100, 0.5, 0.05, 300, 30000]",763.226,245.30675200000405
"['f20', 20, -100, 100, 100, 0.5, 0.05, 300, 30000]",763.082,249.4944260000484
"['f20', 20, -100, 100, 100, 0.5, 0.05, 300, 30000]",762.396,242.64613600005396
"['f20', 20, -100, 100, 100, 0.5, 0.05, 300, 30000]",761.115,250.6843869999284
"['f20', 20, -100, 100, 100, 0.5, 0.05, 300, 30000]",762.211,248.39274699997623
"['f20', 20, -100, 100, 100, 0.5, 0.05, 300, 30000]",762.873,248.28150799998548
"['f20', 20, -100, 100, 100, 0.5, 0.05, 300, 30000]",762.527,249.5092870000517
"['f20', 20, -100, 100, 100, 0.5, 0.06, 250, 25000]",762.604,202.52580099995248
"['f20', 20, -100, 100, 100, 0.5, 0.06, 250, 25000]",760.752,206.05981800006703
"['f20', 20, -100, 100, 100, 0.5, 0.06, 250, 25000]",762.091,207.35319699998945
"['f20', 20, -100, 100, 100, 0.5, 0.06, 250, 25000]",760.938,213.40813100000378
"['f20', 20, -100, 100, 100, 0.5, 0.06, 250, 25000]",762.499,207.2445969999535
"['f20', 20, -100, 100, 100, 0.5, 0.06, 250, 25000]",760.966,209.50481499999296
"['f20', 20, -100, 100, 100, 0.5, 0.06, 250, 25000]",760.748,204.40628899994772
"['f20', 20, -100, 100, 100, 0.5, 0.06, 250, 25000]",760.647,202.4743169998983
"['f20', 20, -100, 100, 100, 0.5, 0.06, 250, 25000]",762.147,205.22077800007537
"['f20', 20, -100, 100, 100, 0.5, 0.06, 250, 25000]",763.463,206.41066599998157
"['f20', 20, -100, 100, 100, 0.5, 0.06, 250, 25000]",762.444,206.5711059999885
"['f20', 20, -100, 100, 100, 0.5, 0.06, 250, 25000]",761.101,211.34002600004897
"['f20', 20, -100, 100, 100, 0.5, 0.06, 250, 25000]",761.255,205.0888869999908
"['f20', 20, -100, 100, 100, 0.5, 0.06, 250, 25000]",760.942,209.14737500005867
"['f20', 20, -100, 100, 100, 0.5, 0.06, 250, 25000]",762.357,216.27319799992256
"['f20', 20, -100, 100, 100, 0.5, 0.06, 250, 25000]",760.777,205.41403500002343
"['f20', 20, -100, 100, 100, 0.5, 0.06, 250, 25000]",760.7,221.75488800008316
"['f20', 20, -100, 100, 100, 0.5, 0.06, 250, 25000]",763.134,205.09215899999253
"['f20', 20, -100, 100, 100, 0.5, 0.06, 250, 25000]",762.321,205.64876000001095
"['f20', 20, -100, 100, 100, 0.5, 0.06, 250, 25000]",762.3,201.80503000004683
"['f20', 20, -100, 100, 100, 0.5, 0.06, 300, 30000]",762.042,255.93858400010504
"['f20', 20, -100, 100, 100, 0.5, 0.06, 300, 30000]",761.02,249.63832400005776
"['f20', 20, -100, 100, 100, 0.5, 0.06, 300, 30000]",760.889,244.46640299994033
"['f20', 20, -100, 100, 100, 0.5, 0.06, 300, 30000]",761.384,256.3387540000258
"['f20', 20, -100, 100, 100, 0.5, 0.06, 300, 30000]",761.702,247.42097400000785
"['f20', 20, -100, 100, 100, 0.5, 0.06, 300, 30000]",760.555,251.77891199989244
"['f20', 20, -100, 100, 100, 0.5, 0.06, 300, 30000]",761.77,244.0368829999352
"['f20', 20, -100, 100, 100, 0.5, 0.06, 300, 30000]",761.447,248.94489299994893
"['f20', 20, -100, 100, 100, 0.5, 0.06, 300, 30000]",761.281,252.7133169999579
"['f20', 20, -100, 100, 100, 0.5, 0.06, 300, 30000]",761.497,254.74525899998844
"['f20', 20, -100, 100, 100, 0.5, 0.06, 300, 30000]",761.004,249.62864500004798
"['f20', 20, -100, 100, 100, 0.5, 0.06, 300, 30000]",762.456,245.16043699998409
"['f20', 20, -100, 100, 100, 0.5, 0.06, 300, 30000]",762.309,242.54835900000762
"['f20', 20, -100, 100, 100, 0.5, 0.06, 300, 30000]",762.525,247.5137649999233
"['f20', 20, -100, 100, 100, 0.5, 0.06, 300, 30000]",762.076,256.80976099998225
"['f20', 20, -100, 100, 100, 0.5, 0.06, 300, 30000]",761.939,254.94253899995238
"['f20', 20, -100, 100, 100, 0.5, 0.06, 300, 30000]",761.223,247.825233999989
"['f20', 20, -100, 100, 100, 0.5, 0.06, 300, 30000]",761.995,247.44348300003912
"['f20', 20, -100, 100, 100, 0.5, 0.06, 300, 30000]",761.341,240.67539200000465
"['f20', 20, -100, 100, 100, 0.5, 0.06, 300, 30000]",761.948,243.3115149999503
"['f20', 20, -100, 100, 200, 0.4, 0.05, 150, 30000]",760.614,243.66381599998567
"['f20', 20, -100, 100, 200, 0.4, 0.05, 150, 30000]",760.551,247.37875399994664
"['f20', 20, -100, 100, 200, 0.4, 0.05, 150, 30000]",760.701,255.0075530000031
"['f20', 20, -100, 100, 200, 0.4, 0.05, 150, 30000]",760.967,250.99697399989236
"['f20', 20, -100, 100, 200, 0.4, 0.05, 150, 30000]",761.373,247.64248300006147
"['f20', 20, -100, 100, 200, 0.4, 0.05, 150, 30000]",761.128,258.1686289999634
"['f20', 20, -100, 100, 200, 0.4, 0.05, 150, 30000]",761.977,250.59179099998437
"['f20', 20, -100, 100, 200, 0.4, 0.05, 150, 30000]",760.98,246.34384300000966
"['f20', 20, -100, 100, 200, 0.4, 0.05, 150, 30000]",761.685,240.87443999992684
"['f20', 20, -100, 100, 200, 0.4, 0.05, 150, 30000]",760.24,271.80448400008027
"['f20', 20, -100, 100, 200, 0.4, 0.05, 150, 30000]",760.824,247.18235200003255
"['f20', 20, -100, 100, 200, 0.4, 0.05, 150, 30000]",761.041,255.40909400000237
"['f20', 20, -100, 100, 200, 0.4, 0.05, 150, 30000]",760.787,253.42483099992387
"['f20', 20, -100, 100, 200, 0.4, 0.05, 150, 30000]",761.002,243.55752700008452
"['f20', 20, -100, 100, 200, 0.4, 0.05, 150, 30000]",760.496,248.88888100010809
"['f20', 20, -100, 100, 200, 0.4, 0.05, 150, 30000]",761.698,249.82520999992266
"['f20', 20, -100, 100, 200, 0.4, 0.05, 150, 30000]",761.189,247.43267699994612
"['f20', 20, -100, 100, 200, 0.4, 0.05, 150, 30000]",760.857,246.75373899994884
"['f20', 20, -100, 100, 200, 0.4, 0.05, 150, 30000]",761.562,265.8965549999848
"['f20', 20, -100, 100, 200, 0.4, 0.05, 150, 30000]",760.475,248.72269600001164
"['f20', 20, -100, 100, 200, 0.4, 0.06, 150, 30000]",761.286,248.81494499999098
"['f20', 20, -100, 100, 200, 0.4, 0.06, 150, 30000]",760.958,246.4711520000128
"['f20', 20, -100, 100, 200, 0.4, 0.06, 150, 30000]",760.594,245.91160700004548
"['f20', 20, -100, 100, 200, 0.4, 0.06, 150, 30000]",761.032,256.81163699994795
"['f20', 20, -100, 100, 200, 0.4, 0.06, 150, 30000]",760.759,244.43480799999088
"['f20', 20, -100, 100, 200, 0.4, 0.06, 150, 30000]",761.725,248.2358280000044
"['f20', 20, -100, 100, 200, 0.4, 0.06, 150, 30000]",761.323,256.20683300006203
"['f20', 20, -100, 100, 200, 0.4, 0.06, 150, 30000]",760.812,245.508805999998
"['f20', 20, -100, 100, 200, 0.4, 0.06, 150, 30000]",761.29,254.00965999998152
"['f20', 20, -100, 100, 200, 0.4, 0.06, 150, 30000]",760.793,249.57030700007454
"['f20', 20, -100, 100, 200, 0.4, 0.06, 150, 30000]",761.363,254.14895300008357
"['f20', 20, -100, 100, 200, 0.4, 0.06, 150, 30000]",761.039,258.1386760000605
"['f20', 20, -100, 100, 200, 0.4, 0.06, 150, 30000]",760.466,246.6011709999293
"['f20', 20, -100, 100, 200, 0.4, 0.06, 150, 30000]",761.857,276.08630299998913
"['f20', 20, -100, 100, 200, 0.4, 0.06, 150, 30000]",760.407,255.96466699999291
"['f20', 20, -100, 100, 200, 0.4, 0.06, 150, 30000]",760.888,249.43228499998804
"['f20', 20, -100, 100, 200, 0.4, 0.06, 150, 30000]",761.102,241.19207600003574
"['f20', 20, -100, 100, 200, 0.4, 0.06, 150, 30000]",760.82,247.0987159999786
"['f20', 20, -100, 100, 200, 0.4, 0.06, 150, 30000]",761.423,247.63208000001032
"['f20', 20, -100, 100, 200, 0.4, 0.06, 150, 30000]",761.052,246.64378199994098
"['f20', 20, -100, 100, 200, 0.5, 0.05, 150, 30000]",761.244,244.28873999998905
"['f20', 20, -100, 100, 200, 0.5, 0.05, 150, 30000]",761.804,246.8386499999324
"['f20', 20, -100, 100, 200, 0.5, 0.05, 150, 30000]",760.516,268.9404870000435
"['f20', 20, -100, 100, 200, 0.5, 0.05, 150, 30000]",760.954,242.1280910000205
"['f20', 20, -100, 100, 200, 0.5, 0.05, 150, 30000]",760.526,249.31324499996845
"['f20', 20, -100, 100, 200, 0.5, 0.05, 150, 30000]",760.4,247.97061200009193
"['f20', 20, -100, 100, 200, 0.5, 0.05, 150, 30000]",760.809,247.08010999998078
"['f20', 20, -100, 100, 200, 0.5, 0.05, 150, 30000]",761.303,259.01284300000407
"['f20', 20, -100, 100, 200, 0.5, 0.05, 150, 30000]",761.843,247.07340100000147
"['f20', 20, -100, 100, 200, 0.5, 0.05, 150, 30000]",761.221,258.71137799997814
"['f20', 20, -100, 100, 200, 0.5, 0.05, 150, 30000]",760.608,252.722723999992
"['f20', 20, -100, 100, 200, 0.5, 0.05, 150, 30000]",762.099,246.33724499994423
"['f20', 20, -100, 100, 200, 0.5, 0.05, 150, 30000]",760.654,247.86837699997704
"['f20', 20, -100, 100, 200, 0.5, 0.05, 150, 30000]",761.856,250.95362499996554
"['f20', 20, -100, 100, 200, 0.5, 0.05, 150, 30000]",761.339,254.85052300000098
"['f20', 20, -100, 100, 200, 0.5, 0.05, 150, 30000]",760.402,251.54095399996731
"['f20', 20, -100, 100, 200, 0.5, 0.05, 150, 30000]",760.507,249.51315199991222
"['f20', 20, -100, 100, 200, 0.5, 0.05, 150, 30000]",760.916,250.5716620000312
"['f20', 20, -100, 100, 200, 0.5, 0.05, 150, 30000]",761.753,257.5794880000176
"['f20', 20, -100, 100, 200, 0.5, 0.05, 150, 30000]",760.515,257.3509710000362
"['f20', 20, -100, 100, 200, 0.5, 0.06, 150, 30000]",762.967,259.94724200002383
"['f20', 20, -100, 100, 200, 0.5, 0.06, 150, 30000]",760.739,261.3586799999466
"['f20', 20, -100, 100, 200, 0.5, 0.06, 150, 30000]",761.314,249.67145699996036
"['f20', 20, -100, 100, 200, 0.5, 0.06, 150, 30000]",760.26,251.00814299995545
"['f20', 20, -100, 100, 200, 0.5, 0.06, 150, 30000]",761.683,250.2509129999671
"['f20', 20, -100, 100, 200, 0.5, 0.06, 150, 30000]",760.931,247.75530200009234
"['f20', 20, -100, 100, 200, 0.5, 0.06, 150, 30000]",761.019,256.3442760000471
"['f20', 20, -100, 100, 200, 0.5, 0.06, 150, 30000]",761.529,249.02872499998193
"['f20', 20, -100, 100, 200, 0.5, 0.06, 150, 30000]",761.348,251.88490699999966
"['f20', 20, -100, 100, 200, 0.5, 0.06, 150, 30000]",761.05,263.9101729999529
"['f20', 20, -100, 100, 200, 0.5, 0.06, 150, 30000]",761.204,252.95529899990652
"['f20', 20, -100, 100, 200, 0.5, 0.06, 150, 30000]",761.032,247.92961099999957
"['f20', 20, -100, 100, 200, 0.5, 0.06, 150, 30000]",760.346,254.99960199999623
"['f20', 20, -100, 100, 200, 0.5, 0.06, 150, 30000]",760.849,250.38879899994936
"['f20', 20, -100, 100, 200, 0.5, 0.06, 150, 30000]",761.158,252.82288600003812
"['f20', 20, -100, 100, 200, 0.5, 0.06, 150, 30000]",760.944,248.27590000000782
"['f20', 20, -100, 100, 200, 0.5, 0.06, 150, 30000]",761.756,247.55323800002225
"['f20', 20, -100, 100, 200, 0.5, 0.06, 150, 30000]",760.976,251.73711200000253
"['f20', 20, -100, 100, 200, 0.5, 0.06, 150, 30000]",761.167,263.50674000009894
"['f20', 20, -100, 100, 200, 0.5, 0.06, 150, 30000]",760.888,256.4672029999783
"['f20', 30, -10, 10, 100, 0.4, 0.05, 250, 25000]",1744.016,325.51459200005047
"['f20', 30, -10, 10, 100, 0.4, 0.05, 250, 25000]",1743.331,304.1678490000777
"['f20', 30, -10, 10, 100, 0.4, 0.05, 250, 25000]",1743.45,329.8214470000239
"['f20', 30, -10, 10, 100, 0.4, 0.05, 250, 25000]",1743.479,308.07129300001543
"['f20', 30, -10, 10, 100, 0.4, 0.05, 250, 25000]",1742.79,308.5934970000526
"['f20', 30, -10, 10, 100, 0.4, 0.05, 250, 25000]",1743.57,313.6011329999892
"['f20', 30, -10, 10, 100, 0.4, 0.05, 250, 25000]",1741.98,310.6305979999015
"['f20', 30, -10, 10, 100, 0.4, 0.05, 250, 25000]",1744.486,313.65785600000527
"['f20', 30, -10, 10, 100, 0.4, 0.05, 250, 25000]",1741.324,313.8543259999715
"['f20', 30, -10, 10, 100, 0.4, 0.05, 250, 25000]",1743.689,313.8092370000668
"['f20', 30, -10, 10, 100, 0.4, 0.05, 250, 25000]",1742.675,315.65096200001426
"['f20', 30, -10, 10, 100, 0.4, 0.05, 250, 25000]",1742.708,303.5982470000163
"['f20', 30, -10, 10, 100, 0.4, 0.05, 250, 25000]",1744.274,315.8846269999631
"['f20', 30, -10, 10, 100, 0.4, 0.05, 250, 25000]",1744.144,312.62082399998326
"['f20', 30, -10, 10, 100, 0.4, 0.05, 250, 25000]",1742.283,306.0509659999516
"['f20', 30, -10, 10, 100, 0.4, 0.05, 250, 25000]",1743.475,313.9380410000449
"['f20', 30, -10, 10, 100, 0.4, 0.05, 250, 25000]",1744.33,309.33948500000406
"['f20', 30, -10, 10, 100, 0.4, 0.05, 250, 25000]",1743.949,299.0659310000483
"['f20', 30, -10, 10, 100, 0.4, 0.05, 250, 25000]",1742.259,310.6757140000118
"['f20', 30, -10, 10, 100, 0.4, 0.05, 250, 25000]",1743.532,330.5917570000747
"['f20', 30, -10, 10, 100, 0.4, 0.05, 300, 30000]",1745.457,367.3288810000522
"['f20', 30, -10, 10, 100, 0.4, 0.05, 300, 30000]",1742.783,373.93359000002965
"['f20', 30, -10, 10, 100, 0.4, 0.05, 300, 30000]",1742.904,384.8845829999773
"['f20', 30, -10, 10, 100, 0.4, 0.05, 300, 30000]",1743.347,368.2983330000425
"['f20', 30, -10, 10, 100, 0.4, 0.05, 300, 30000]",1747.046,380.8826729999855
"['f20', 30, -10, 10, 100, 0.4, 0.05, 300, 30000]",1741.989,377.4631250000093
"['f20', 30, -10, 10, 100, 0.4, 0.05, 300, 30000]",1742.206,372.2738959999988
"['f20', 30, -10, 10, 100, 0.4, 0.05, 300, 30000]",1742.047,374.0565939999651
"['f20', 30, -10, 10, 100, 0.4, 0.05, 300, 30000]",1741.66,373.68546499998774
"['f20', 30, -10, 10, 100, 0.4, 0.05, 300, 30000]",1741.99,370.9237519999733
"['f20', 30, -10, 10, 100, 0.4, 0.05, 300, 30000]",1742.221,380.74535700003617
"['f20', 30, -10, 10, 100, 0.4, 0.05, 300, 30000]",1742.693,370.0820009999443
"['f20', 30, -10, 10, 100, 0.4, 0.05, 300, 30000]",1744.739,389.92359200003557
"['f20', 30, -10, 10, 100, 0.4, 0.05, 300, 30000]",1741.698,372.6435819999315
"['f20', 30, -10, 10, 100, 0.4, 0.05, 300, 30000]",1744.489,374.42936399998143
"['f20', 30, -10, 10, 100, 0.4, 0.05, 300, 30000]",1744.018,383.94157999998424
"['f20', 30, -10, 10, 100, 0.4, 0.05, 300, 30000]",1741.34,369.601297999965
"['f20', 30, -10, 10, 100, 0.4, 0.05, 300, 30000]",1744.775,370.85559000005014
"['f20', 30, -10, 10, 100, 0.4, 0.05, 300, 30000]",1741.967,373.4486119999783
"['f20', 30, -10, 10, 100, 0.4, 0.05, 300, 30000]",1741.919,374.79879200004507
"['f20', 30, -10, 10, 100, 0.4, 0.06, 250, 25000]",1741.59,329.29060000006575
"['f20', 30, -10, 10, 100, 0.4, 0.06, 250, 25000]",1743.389,301.4964339999715
"['f20', 30, -10, 10, 100, 0.4, 0.06, 250, 25000]",1740.514,320.0663489999715
"['f20', 30, -10, 10, 100, 0.4, 0.06, 250, 25000]",1741.153,310.0150409999769
"['f20', 30, -10, 10, 100, 0.4, 0.06, 250, 25000]",1741.175,302.3009810000658
"['f20', 30, -10, 10, 100, 0.4, 0.06, 250, 25000]",1741.782,313.56847900000867
"['f20', 30, -10, 10, 100, 0.4, 0.06, 250, 25000]",1745.473,324.49476999999024
"['f20', 30, -10, 10, 100, 0.4, 0.06, 250, 25000]",1741.492,309.382484999951
"['f20', 30, -10, 10, 100, 0.4, 0.06, 250, 25000]",1741.856,311.9844339999836
"['f20', 30, -10, 10, 100, 0.4, 0.06, 250, 25000]",1741.893,306.3942490000045
"['f20', 30, -10, 10, 100, 0.4, 0.06, 250, 25000]",1741.175,320.54916799999774
"['f20', 30, -10, 10, 100, 0.4, 0.06, 250, 25000]",1742.367,315.811996000004
"['f20', 30, -10, 10, 100, 0.4, 0.06, 250, 25000]",1743.029,305.44877699995413
"['f20', 30, -10, 10, 100, 0.4, 0.06, 250, 25000]",1741.522,322.4577640000498
"['f20', 30, -10, 10, 100, 0.4, 0.06, 250, 25000]",1742.561,332.6401809999952
"['f20', 30, -10, 10, 100, 0.4, 0.06, 250, 25000]",1741.383,311.8076890000375
"['f20', 30, -10, 10, 100, 0.4, 0.06, 250, 25000]",1741.25,318.0581320000347
"['f20', 30, -10, 10, 100, 0.4, 0.06, 250, 25000]",1741.438,315.1641199999722
"['f20', 30, -10, 10, 100, 0.4, 0.06, 250, 25000]",1742.309,309.7266290000407
"['f20', 30, -10, 10, 100, 0.4, 0.06, 250, 25000]",1741.495,304.74302200006787
"['f20', 30, -10, 10, 100, 0.4, 0.06, 300, 30000]",1743.371,358.9597160000121
"['f20', 30, -10, 10, 100, 0.4, 0.06, 300, 30000]",1744.047,372.88633000000846
"['f20', 30, -10, 10, 100, 0.4, 0.06, 300, 30000]",1742.353,367.20110599999316
"['f20', 30, -10, 10, 100, 0.4, 0.06, 300, 30000]",1741.895,371.1309350000229
"['f20', 30, -10, 10, 100, 0.4, 0.06, 300, 30000]",1743.27,377.57687699992675
"['f20', 30, -10, 10, 100, 0.4, 0.06, 300, 30000]",1743.277,373.3909870000789
"['f20', 30, -10, 10, 100, 0.4, 0.06, 300, 30000]",1741.445,374.87126699998043
"['f20', 30, -10, 10, 100, 0.4, 0.06, 300, 30000]",1742.351,377.5658040000126
"['f20', 30, -10, 10, 100, 0.4, 0.06, 300, 30000]",1743.037,367.63510800001677
"['f20', 30, -10, 10, 100, 0.4, 0.06, 300, 30000]",1743.742,369.52951900009066
"['f20', 30, -10, 10, 100, 0.4, 0.06, 300, 30000]",1743.564,380.2071790000191
"['f20', 30, -10, 10, 100, 0.4, 0.06, 300, 30000]",1742.236,381.8571670000674
"['f20', 30, -10, 10, 100, 0.4, 0.06, 300, 30000]",1741.223,374.7245330000296
"['f20', 30, -10, 10, 100, 0.4, 0.06, 300, 30000]",1740.921,377.45793899998534
"['f20', 30, -10, 10, 100, 0.4, 0.06, 300, 30000]",1742.705,387.1876629999606
"['f20', 30, -10, 10, 100, 0.4, 0.06, 300, 30000]",1742.55,378.5922440000577
"['f20', 30, -10, 10, 100, 0.4, 0.06, 300, 30000]",1741.562,378.1986699999543
"['f20', 30, -10, 10, 100, 0.4, 0.06, 300, 30000]",1741.194,381.3683789999923
"['f20', 30, -10, 10, 100, 0.4, 0.06, 300, 30000]",1743.88,364.5681179999374
"['f20', 30, -10, 10, 100, 0.4, 0.06, 300, 30000]",1741.646,377.6863959999755
"['f20', 30, -10, 10, 100, 0.5, 0.05, 250, 25000]",1742.01,319.7555879999418
"['f20', 30, -10, 10, 100, 0.5, 0.05, 250, 25000]",1743.216,307.6621060000034
"['f20', 30, -10, 10, 100, 0.5, 0.05, 250, 25000]",1745.448,303.01578500005417
"['f20', 30, -10, 10, 100, 0.5, 0.05, 250, 25000]",1743.294,319.4913209999213
"['f20', 30, -10, 10, 100, 0.5, 0.05, 250, 25000]",1743.523,313.2441580001032
"['f20', 30, -10, 10, 100, 0.5, 0.05, 250, 25000]",1741.815,310.3406530000502
"['f20', 30, -10, 10, 100, 0.5, 0.05, 250, 25000]",1742.766,300.94298199994955
"['f20', 30, -10, 10, 100, 0.5, 0.05, 250, 25000]",1741.79,304.90649700001813
"['f20', 30, -10, 10, 100, 0.5, 0.05, 250, 25000]",1743.224,303.3381250000093
"['f20', 30, -10, 10, 100, 0.5, 0.05, 250, 25000]",1742.709,317.3780329999281
"['f20', 30, -10, 10, 100, 0.5, 0.05, 250, 25000]",1744.835,315.28491599997506
"['f20', 30, -10, 10, 100, 0.5, 0.05, 250, 25000]",1742.176,331.79403999994975
"['f20', 30, -10, 10, 100, 0.5, 0.05, 250, 25000]",1742.885,314.52984400000423
"['f20', 30, -10, 10, 100, 0.5, 0.05, 250, 25000]",1743.835,314.24306400003843
"['f20', 30, -10, 10, 100, 0.5, 0.05, 250, 25000]",1743.904,314.0900820000097
"['f20', 30, -10, 10, 100, 0.5, 0.05, 250, 25000]",1742.581,315.2092930000508
"['f20', 30, -10, 10, 100, 0.5, 0.05, 250, 25000]",1744.397,305.2535950000165
"['f20', 30, -10, 10, 100, 0.5, 0.05, 250, 25000]",1743.083,316.5038309999509
"['f20', 30, -10, 10, 100, 0.5, 0.05, 250, 25000]",1742.454,303.77075899997726
"['f20', 30, -10, 10, 100, 0.5, 0.05, 250, 25000]",1744.186,308.69760799990036
"['f20', 30, -10, 10, 100, 0.5, 0.05, 300, 30000]",1743.122,366.46426999999676
"['f20', 30, -10, 10, 100, 0.5, 0.05, 300, 30000]",1742.557,369.48305000003893
"['f20', 30, -10, 10, 100, 0.5, 0.05, 300, 30000]",1744.034,374.5456359999953
"['f20', 30, -10, 10, 100, 0.5, 0.05, 300, 30000]",1743.124,373.3304169999901
"['f20', 30, -10, 10, 100, 0.5, 0.05, 300, 30000]",1744.669,370.3284159998875
"['f20', 30, -10, 10, 100, 0.5, 0.05, 300, 30000]",1742.665,377.40419300005306
"['f20', 30, -10, 10, 100, 0.5, 0.05, 300, 30000]",1742.532,371.4640190000646
"['f20', 30, -10, 10, 100, 0.5, 0.05, 300, 30000]",1743.724,375.0173440000508
"['f20', 30, -10, 10, 100, 0.5, 0.05, 300, 30000]",1743.977,375.69534600002225
"['f20', 30, -10, 10, 100, 0.5, 0.05, 300, 30000]",1743.239,368.90438500000164
"['f20', 30, -10, 10, 100, 0.5, 0.05, 300, 30000]",1743.044,382.3342919999268
"['f20', 30, -10, 10, 100, 0.5, 0.05, 300, 30000]",1742.22,372.1637450000271
"['f20', 30, -10, 10, 100, 0.5, 0.05, 300, 30000]",1741.621,378.4356619999744
"['f20', 30, -10, 10, 100, 0.5, 0.05, 300, 30000]",1741.39,383.98705300001893
"['f20', 30, -10, 10, 100, 0.5, 0.05, 300, 30000]",1743.323,372.07365799997933
"['f20', 30, -10, 10, 100, 0.5, 0.05, 300, 30000]",1743.664,376.20384700002614
"['f20', 30, -10, 10, 100, 0.5, 0.05, 300, 30000]",1743.02,373.161499000038
"['f20', 30, -10, 10, 100, 0.5, 0.05, 300, 30000]",1742.406,373.0960630000336
"['f20', 30, -10, 10, 100, 0.5, 0.05, 300, 30000]",1742.185,365.3493310000049
"['f20', 30, -10, 10, 100, 0.5, 0.05, 300, 30000]",1741.953,371.7290229999926
"['f20', 30, -10, 10, 100, 0.5, 0.06, 250, 25000]",1744.392,317.80248900002334
"['f20', 30, -10, 10, 100, 0.5, 0.06, 250, 25000]",1741.033,302.9783489999827
"['f20', 30, -10, 10, 100, 0.5, 0.06, 250, 25000]",1743.19,310.9786730000051
"['f20', 30, -10, 10, 100, 0.5, 0.06, 250, 25000]",1742.11,311.0881320000626
"['f20', 30, -10, 10, 100, 0.5, 0.06, 250, 25000]",1743.308,320.45159499999136
"['f20', 30, -10, 10, 100, 0.5, 0.06, 250, 25000]",1741.911,312.8485169999767
"['f20', 30, -10, 10, 100, 0.5, 0.06, 250, 25000]",1742.205,313.03164099995047
"['f20', 30, -10, 10, 100, 0.5, 0.06, 250, 25000]",1741.693,309.1368980000261
"['f20', 30, -10, 10, 100, 0.5, 0.06, 250, 25000]",1742.474,307.03742900001816
"['f20', 30, -10, 10, 100, 0.5, 0.06, 250, 25000]",1741.772,312.4311119999038
"['f20', 30, -10, 10, 100, 0.5, 0.06, 250, 25000]",1741.778,331.16723700007424
"['f20', 30, -10, 10, 100, 0.5, 0.06, 250, 25000]",1744.282,313.7571160000516
"['f20', 30, -10, 10, 100, 0.5, 0.06, 250, 25000]",1741.578,318.290781000047
"['f20', 30, -10, 10, 100, 0.5, 0.06, 250, 25000]",1741.465,347.1090479999548
"['f20', 30, -10, 10, 100, 0.5, 0.06, 250, 25000]",1743.7,341.12374499998987
"['f20', 30, -10, 10, 100, 0.5, 0.06, 250, 25000]",1742.676,362.57279800006654
"['f20', 30, -10, 10, 100, 0.5, 0.06, 250, 25000]",1741.112,342.1311429999769
"['f20', 30, -10, 10, 100, 0.5, 0.06, 250, 25000]",1741.704,348.0162609999534
"['f20', 30, -10, 10, 100, 0.5, 0.06, 250, 25000]",1741.564,356.5297969999956
"['f20', 30, -10, 10, 100, 0.5, 0.06, 250, 25000]",1741.957,360.4857070000144
"['f20', 30, -10, 10, 100, 0.5, 0.06, 300, 30000]",1741.604,412.78412199998274
"['f20', 30, -10, 10, 100, 0.5, 0.06, 300, 30000]",1740.762,421.4379810000537
"['f20', 30, -10, 10, 100, 0.5, 0.06, 300, 30000]",1740.949,430.0807020000648
"['f20', 30, -10, 10, 100, 0.5, 0.06, 300, 30000]",1741.771,413.55526299995836
"['f20', 30, -10, 10, 100, 0.5, 0.06, 300, 30000]",1743.188,434.33585299993865
"['f20', 30, -10, 10, 100, 0.5, 0.06, 300, 30000]",1743.276,414.89572999998927
"['f20', 30, -10, 10, 100, 0.5, 0.06, 300, 30000]",1741.933,415.31523199996445
"['f20', 30, -10, 10, 100, 0.5, 0.06, 300, 30000]",1743.564,432.5315399999963
"['f20', 30, -10, 10, 100, 0.5, 0.06, 300, 30000]",1741.726,419.8492429999169
"['f20', 30, -10, 10, 100, 0.5, 0.06, 300, 30000]",1742.506,429.3787289999891
"['f20', 30, -10, 10, 100, 0.5, 0.06, 300, 30000]",1740.989,423.7952969999751
"['f20', 30, -10, 10, 100, 0.5, 0.06, 300, 30000]",1744.097,426.793508999981
"['f20', 30, -10, 10, 100, 0.5, 0.06, 300, 30000]",1741.342,426.85108499997295
"['f20', 30, -10, 10, 100, 0.5, 0.06, 300, 30000]",1742.045,431.24075300002005
"['f20', 30, -10, 10, 100, 0.5, 0.06, 300, 30000]",1742.616,426.8705530000152
"['f20', 30, -10, 10, 100, 0.5, 0.06, 300, 30000]",1741.795,418.8637390000513
"['f20', 30, -10, 10, 100, 0.5, 0.06, 300, 30000]",1743.601,421.2355669999961
"['f20', 30, -10, 10, 100, 0.5, 0.06, 300, 30000]",1741.26,418.8564250000054
"['f20', 30, -10, 10, 100, 0.5, 0.06, 300, 30000]",1741.112,430.87788000004366
"['f20', 30, -10, 10, 100, 0.5, 0.06, 300, 30000]",1744.276,430.5606619999744
"['f20', 30, -10, 10, 200, 0.4, 0.05, 150, 30000]",1742.42,425.7222719999263
"['f20', 30, -10, 10, 200, 0.4, 0.05, 150, 30000]",1740.731,408.4417300000787
"['f20', 30, -10, 10, 200, 0.4, 0.05, 150, 30000]",1741.35,430.3674680000404
"['f20', 30, -10, 10, 200, 0.4, 0.05, 150, 30000]",1740.831,417.7821459999541
"['f20', 30, -10, 10, 200, 0.4, 0.05, 150, 30000]",1741.258,436.63098699995317
"['f20', 30, -10, 10, 200, 0.4, 0.05, 150, 30000]",1740.695,425.2397270000074
"['f20', 30, -10, 10, 200, 0.4, 0.05, 150, 30000]",1742.654,416.33586099999957
"['f20', 30, -10, 10, 200, 0.4, 0.05, 150, 30000]",1740.756,412.901285000029
"['f20', 30, -10, 10, 200, 0.4, 0.05, 150, 30000]",1740.905,427.31967800005805
"['f20', 30, -10, 10, 200, 0.4, 0.05, 150, 30000]",1740.984,424.6812360000331
"['f20', 30, -10, 10, 200, 0.4, 0.05, 150, 30000]",1741.308,424.6674709999934
"['f20', 30, -10, 10, 200, 0.4, 0.05, 150, 30000]",1742.078,419.72553599998355
"['f20', 30, -10, 10, 200, 0.4, 0.05, 150, 30000]",1741.183,422.535699
"['f20', 30, -10, 10, 200, 0.4, 0.05, 150, 30000]",1741.431,417.91470399999525
"['f20', 30, -10, 10, 200, 0.4, 0.05, 150, 30000]",1741.818,436.47573700000066
"['f20', 30, -10, 10, 200, 0.4, 0.05, 150, 30000]",1740.956,423.47813099995255
"['f20', 30, -10, 10, 200, 0.4, 0.05, 150, 30000]",1740.84,430.41762500000186
"['f20', 30, -10, 10, 200, 0.4, 0.05, 150, 30000]",1742.093,444.98374199995305
"['f20', 30, -10, 10, 200, 0.4, 0.05, 150, 30000]",1741.619,425.279395999969
"['f20', 30, -10, 10, 200, 0.4, 0.05, 150, 30000]",1740.654,429.7349000000395
"['f20', 30, -10, 10, 200, 0.4, 0.06, 150, 30000]",1741.42,414.55125199991744
"['f20', 30, -10, 10, 200, 0.4, 0.06, 150, 30000]",1741.347,425.64298500004224
"['f20', 30, -10, 10, 200, 0.4, 0.06, 150, 30000]",1741.295,428.0541009999579
"['f20', 30, -10, 10, 200, 0.4, 0.06, 150, 30000]",1742.116,416.75542000005953
"['f20', 30, -10, 10, 200, 0.4, 0.06, 150, 30000]",1740.982,427.0579269999871
"['f20', 30, -10, 10, 200, 0.4, 0.06, 150, 30000]",1741.65,422.45887400000356
"['f20', 30, -10, 10, 200, 0.4, 0.06, 150, 30000]",1741.335,424.5560790000018
"['f20', 30, -10, 10, 200, 0.4, 0.06, 150, 30000]",1741.88,424.6820080000907
"['f20', 30, -10, 10, 200, 0.4, 0.06, 150, 30000]",1740.683,430.9320089999819
"['f20', 30, -10, 10, 200, 0.4, 0.06, 150, 30000]",1741.19,436.19393800001126
"['f20', 30, -10, 10, 200, 0.4, 0.06, 150, 30000]",1740.701,424.1727139999857
"['f20', 30, -10, 10, 200, 0.4, 0.06, 150, 30000]",1740.885,423.5240970000159
"['f20', 30, -10, 10, 200, 0.4, 0.06, 150, 30000]",1742.15,420.8584760000231
"['f20', 30, -10, 10, 200, 0.4, 0.06, 150, 30000]",1741.78,405.8061629999429
"['f20', 30, -10, 10, 200, 0.4, 0.06, 150, 30000]",1740.899,410.9950269999681
"['f20', 30, -10, 10, 200, 0.4, 0.06, 150, 30000]",1740.847,432.4825600000331
"['f20', 30, -10, 10, 200, 0.4, 0.06, 150, 30000]",1741.227,413.6408459999366
"['f20', 30, -10, 10, 200, 0.4, 0.06, 150, 30000]",1743.168,418.32783199998084
"['f20', 30, -10, 10, 200, 0.4, 0.06, 150, 30000]",1740.852,427.7992789999116
"['f20', 30, -10, 10, 200, 0.4, 0.06, 150, 30000]",1741.269,411.5963459999766
"['f20', 30, -10, 10, 200, 0.5, 0.05, 150, 30000]",1742.465,424.936284000054
"['f20', 30, -10, 10, 200, 0.5, 0.05, 150, 30000]",1741.3,437.61430800007656
"['f20', 30, -10, 10, 200, 0.5, 0.05, 150, 30000]",1742.044,419.8809739999706
"['f20', 30, -10, 10, 200, 0.5, 0.05, 150, 30000]",1741.338,433.90047100000083
"['f20', 30, -10, 10, 200, 0.5, 0.05, 150, 30000]",1741.29,421.0993460000027
"['f20', 30, -10, 10, 200, 0.5, 0.05, 150, 30000]",1741.102,410.5145790000679
"['f20', 30, -10, 10, 200, 0.5, 0.05, 150, 30000]",1741.147,427.2469539999729
"['f20', 30, -10, 10, 200, 0.5, 0.05, 150, 30000]",1742.579,407.71852300001774
"['f20', 30, -10, 10, 200, 0.5, 0.05, 150, 30000]",1741.487,425.0105760000879
"['f20', 30, -10, 10, 200, 0.5, 0.05, 150, 30000]",1742.504,430.66654399991967
"['f20', 30, -10, 10, 200, 0.5, 0.05, 150, 30000]",1740.704,416.6794890000019
"['f20', 30, -10, 10, 200, 0.5, 0.05, 150, 30000]",1741.378,430.0285229999572
"['f20', 30, -10, 10, 200, 0.5, 0.05, 150, 30000]",1740.67,434.2780689999927
"['f20', 30, -10, 10, 200, 0.5, 0.05, 150, 30000]",1741.521,418.46675999998115
"['f20', 30, -10, 10, 200, 0.5, 0.05, 150, 30000]",1742.195,415.02513100008946
"['f20', 30, -10, 10, 200, 0.5, 0.05, 150, 30000]",1741.953,406.4984059999697
"['f20', 30, -10, 10, 200, 0.5, 0.05, 150, 30000]",1741.945,421.7032819999149
"['f20', 30, -10, 10, 200, 0.5, 0.05, 150, 30000]",1742.508,422.33427299989853
"['f20', 30, -10, 10, 200, 0.5, 0.05, 150, 30000]",1741.667,425.19424700003583
"['f20', 30, -10, 10, 200, 0.5, 0.05, 150, 30000]",1741.21,440.6710139999632
"['f20', 30, -10, 10, 200, 0.5, 0.06, 150, 30000]",1741.621,418.46917600010056
"['f20', 30, -10, 10, 200, 0.5, 0.06, 150, 30000]",1741.985,416.7204619999975
"['f20', 30, -10, 10, 200, 0.5, 0.06, 150, 30000]",1741.382,429.70481000002474
"['f20', 30, -10, 10, 200, 0.5, 0.06, 150, 30000]",1743.855,423.3871110000182
"['f20', 30, -10, 10, 200, 0.5, 0.06, 150, 30000]",1742.233,424.5227709999308
"['f20', 30, -10, 10, 200, 0.5, 0.06, 150, 30000]",1740.738,431.77666600001976
"['f20', 30, -10, 10, 200, 0.5, 0.06, 150, 30000]",1741.33,411.8528069999302
"['f20', 30, -10, 10, 200, 0.5, 0.06, 150, 30000]",1741.038,412.6713839999866
"['f20', 30, -10, 10, 200, 0.5, 0.06, 150, 30000]",1741.387,433.33851399994455
"['f20', 30, -10, 10, 200, 0.5, 0.06, 150, 30000]",1742.233,418.28908100002445
"['f20', 30, -10, 10, 200, 0.5, 0.06, 150, 30000]",1741.269,416.34915600006934
"['f20', 30, -10, 10, 200, 0.5, 0.06, 150, 30000]",1742.053,421.04798999999184
"['f20', 30, -10, 10, 200, 0.5, 0.06, 150, 30000]",1741.779,422.57472000003327
"['f20', 30, -10, 10, 200, 0.5, 0.06, 150, 30000]",1741.714,421.30844700010493
"['f20', 30, -10, 10, 200, 0.5, 0.06, 150, 30000]",1740.592,427.1322710000677
"['f20', 30, -10, 10, 200, 0.5, 0.06, 150, 30000]",1740.806,426.4650729999412
"['f20', 30, -10, 10, 200, 0.5, 0.06, 150, 30000]",1742.41,411.71344700001646
"['f20', 30, -10, 10, 200, 0.5, 0.06, 150, 30000]",1741.778,428.5376989999786
"['f20', 30, -10, 10, 200, 0.5, 0.06, 150, 30000]",1741.359,431.82862499996554
"['f20', 30, -10, 10, 200, 0.5, 0.06, 150, 30000]",1742.291,445.00079700001515
"['f20', 30, -100, 100, 100, 0.4, 0.05, 250, 25000]",1742.893,350.94009699998423
"['f20', 30, -100, 100, 100, 0.4, 0.05, 250, 25000]",1744.554,340.36718299996573
"['f20', 30, -100, 100, 100, 0.4, 0.05, 250, 25000]",1743.866,359.1173280000221
"['f20', 30, -100, 100, 100, 0.4, 0.05, 250, 25000]",1746.831,350.708432000014
"['f20', 30, -100, 100, 100, 0.4, 0.05, 250, 25000]",1742.089,354.5792490000604
"['f20', 30, -100, 100, 100, 0.4, 0.05, 250, 25000]",1743.909,344.81139199994504
"['f20', 30, -100, 100, 100, 0.4, 0.05, 250, 25000]",1745.108,358.5511820000829
"['f20', 30, -100, 100, 100, 0.4, 0.05, 250, 25000]",1744.476,353.25639400002547
"['f20', 30, -100, 100, 100, 0.4, 0.05, 250, 25000]",1742.303,351.7009299999336
"['f20', 30, -100, 100, 100, 0.4, 0.05, 250, 25000]",1743.722,352.0013799999142
"['f20', 30, -100, 100, 100, 0.4, 0.05, 250, 25000]",1743.443,358.99415599997155
"['f20', 30, -100, 100, 100, 0.4, 0.05, 250, 25000]",1741.694,354.6728919999441
"['f20', 30, -100, 100, 100, 0.4, 0.05, 250, 25000]",1744.921,355.76628099998925
"['f20', 30, -100, 100, 100, 0.4, 0.05, 250, 25000]",1743.195,367.58522899996024
"['f20', 30, -100, 100, 100, 0.4, 0.05, 250, 25000]",1742.092,360.2361319999909
"['f20', 30, -100, 100, 100, 0.4, 0.05, 250, 25000]",1743.419,357.18993600003887
"['f20', 30, -100, 100, 100, 0.4, 0.05, 250, 25000]",1742.259,370.46156299998984
"['f20', 30, -100, 100, 100, 0.4, 0.05, 250, 25000]",1743.303,356.9247510000132
"['f20', 30, -100, 100, 100, 0.4, 0.05, 250, 25000]",1742.876,357.9246989999665
"['f20', 30, -100, 100, 100, 0.4, 0.05, 250, 25000]",1742.046,365.7665900000138
"['f20', 30, -100, 100, 100, 0.4, 0.05, 300, 30000]",1742.686,433.990214999998
"['f20', 30, -100, 100, 100, 0.4, 0.05, 300, 30000]",1741.087,431.3874010000145
"['f20', 30, -100, 100, 100, 0.4, 0.05, 300, 30000]",1743.951,424.4305689999601
"['f20', 30, -100, 100, 100, 0.4, 0.05, 300, 30000]",1744.446,426.42868999997154
"['f20', 30, -100, 100, 100, 0.4, 0.05, 300, 30000]",1741.387,423.26869600010104
"['f20', 30, -100, 100, 100, 0.4, 0.05, 300, 30000]",1742.614,425.50535699992906
"['f20', 30, -100, 100, 100, 0.4, 0.05, 300, 30000]",1741.056,432.0458469999721
"['f20', 30, -100, 100, 100, 0.4, 0.05, 300, 30000]",1743.862,444.8172509999713
"['f20', 30, -100, 100, 100, 0.4, 0.05, 300, 30000]",1746.336,440.3680249999743
"['f20', 30, -100, 100, 100, 0.4, 0.05, 300, 30000]",1743.659,445.5640129999956
"['f20', 30, -100, 100, 100, 0.4, 0.05, 300, 30000]",1745.111,427.5560159999877
"['f20', 30, -100, 100, 100, 0.4, 0.05, 300, 30000]",1741.592,430.10253100004047
"['f20', 30, -100, 100, 100, 0.4, 0.05, 300, 30000]",1744.808,395.95071999996435
"['f20', 30, -100, 100, 100, 0.4, 0.05, 300, 30000]",1741.493,372.5020919999806
"['f20', 30, -100, 100, 100, 0.4, 0.05, 300, 30000]",1742.113,370.20167500001844
"['f20', 30, -100, 100, 100, 0.4, 0.05, 300, 30000]",1744.807,365.84485100000165
"['f20', 30, -100, 100, 100, 0.4, 0.05, 300, 30000]",1743.788,374.8494209999917
"['f20', 30, -100, 100, 100, 0.4, 0.05, 300, 30000]",1742.041,400.74040500004776
"['f20', 30, -100, 100, 100, 0.4, 0.05, 300, 30000]",1742.08,395.9021599999396
"['f20', 30, -100, 100, 100, 0.4, 0.05, 300, 30000]",1741.332,371.93638299999293
"['f20', 30, -100, 100, 100, 0.4, 0.06, 250, 25000]",1744.404,317.8916350000072
"['f20', 30, -100, 100, 100, 0.4, 0.06, 250, 25000]",1741.82,304.3216409999877
"['f20', 30, -100, 100, 100, 0.4, 0.06, 250, 25000]",1743.489,311.51053500000853
"['f20', 30, -100, 100, 100, 0.4, 0.06, 250, 25000]",1741.92,325.04421199997887
"['f20', 30, -100, 100, 100, 0.4, 0.06, 250, 25000]",1744.113,317.0632469999837
"['f20', 30, -100, 100, 100, 0.4, 0.06, 250, 25000]",1741.855,304.2620759999845
"['f20', 30, -100, 100, 100, 0.4, 0.06, 250, 25000]",1740.978,314.2308600000106
"['f20', 30, -100, 100, 100, 0.4, 0.06, 250, 25000]",1741.677,317.711306000012
"['f20', 30, -100, 100, 100, 0.4, 0.06, 250, 25000]",1742.494,309.5996270000469
"['f20', 30, -100, 100, 100, 0.4, 0.06, 250, 25000]",1741.707,315.9616889999015
"['f20', 30, -100, 100, 100, 0.4, 0.06, 250, 25000]",1741.668,311.3885189999128
"['f20', 30, -100, 100, 100, 0.4, 0.06, 250, 25000]",1742.35,312.9274570000125
"['f20', 30, -100, 100, 100, 0.4, 0.06, 250, 25000]",1740.998,313.55744100001175
"['f20', 30, -100, 100, 100, 0.4, 0.06, 250, 25000]",1742.61,305.417339000036
"['f20', 30, -100, 100, 100, 0.4, 0.06, 250, 25000]",1741.849,298.7985719999997
"['f20', 30, -100, 100, 100, 0.4, 0.06, 250, 25000]",1743.014,307.6551259999396
"['f20', 30, -100, 100, 100, 0.4, 0.06, 250, 25000]",1741.083,301.83247899997514
"['f20', 30, -100, 100, 100, 0.4, 0.06, 250, 25000]",1744.768,306.1971519999206
"['f20', 30, -100, 100, 100, 0.4, 0.06, 250, 25000]",1741.345,303.94787499995437
"['f20', 30, -100, 100, 100, 0.4, 0.06, 250, 25000]",1741.39,301.714850999997
"['f20', 30, -100, 100, 100, 0.4, 0.06, 300, 30000]",1742.52,374.9026910000248
"['f20', 30, -100, 100, 100, 0.4, 0.06, 300, 30000]",1742.142,382.6096360000083
"['f20', 30, -100, 100, 100, 0.4, 0.06, 300, 30000]",1740.92,364.5435469999211
"['f20', 30, -100, 100, 100, 0.4, 0.06, 300, 30000]",1744.41,375.13296499999706
"['f20', 30, -100, 100, 100, 0.4, 0.06, 300, 30000]",1741.07,369.1571460000705
"['f20', 30, -100, 100, 100, 0.4, 0.06, 300, 30000]",1742.455,367.7325670000864
"['f20', 30, -100, 100, 100, 0.4, 0.06, 300, 30000]",1741.562,361.74841800006106
"['f20', 30, -100, 100, 100, 0.4, 0.06, 300, 30000]",1742.288,365.2852179999463
"['f20', 30, -100, 100, 100, 0.4, 0.06, 300, 30000]",1743.385,381.61419500003103
"['f20', 30, -100, 100, 100, 0.4, 0.06, 300, 30000]",1742.969,379.3779379999032
"['f20', 30, -100, 100, 100, 0.4, 0.06, 300, 30000]",1743.071,378.6676659999648
"['f20', 30, -100, 100, 100, 0.4, 0.06, 300, 30000]",1742.464,385.4972040000139
"['f20', 30, -100, 100, 100, 0.4, 0.06, 300, 30000]",1742.449,365.1640159999952
"['f20', 30, -100, 100, 100, 0.4, 0.06, 300, 30000]",1742.021,372.14421599998605
"['f20', 30, -100, 100, 100, 0.4, 0.06, 300, 30000]",1742.997,375.3989790000487
"['f20', 30, -100, 100, 100, 0.4, 0.06, 300, 30000]",1743.176,407.87742899998557
"['f20', 30, -100, 100, 100, 0.4, 0.06, 300, 30000]",1742.88,377.28907299996354
"['f20', 30, -100, 100, 100, 0.4, 0.06, 300, 30000]",1742.718,369.7999309999868
"['f20', 30, -100, 100, 100, 0.4, 0.06, 300, 30000]",1742.426,402.40592900000047
"['f20', 30, -100, 100, 100, 0.4, 0.06, 300, 30000]",1741.883,374.64471100002993
"['f20', 30, -100, 100, 100, 0.5, 0.05, 250, 25000]",1742.794,321.1346490000142
"['f20', 30, -100, 100, 100, 0.5, 0.05, 250, 25000]",1744.358,316.3142269999953
"['f20', 30, -100, 100, 100, 0.5, 0.05, 250, 25000]",1742.995,318.9753689999925
"['f20', 30, -100, 100, 100, 0.5, 0.05, 250, 25000]",1743.437,305.8532239999622
"['f20', 30, -100, 100, 100, 0.5, 0.05, 250, 25000]",1742.685,307.14380099996924
"['f20', 30, -100, 100, 100, 0.5, 0.05, 250, 25000]",1742.181,319.59962000011
"['f20', 30, -100, 100, 100, 0.5, 0.05, 250, 25000]",1742.26,324.56245199998375
"['f20', 30, -100, 100, 100, 0.5, 0.05, 250, 25000]",1741.457,320.1767899999395
"['f20', 30, -100, 100, 100, 0.5, 0.05, 250, 25000]",1742.339,307.16952300001867
"['f20', 30, -100, 100, 100, 0.5, 0.05, 250, 25000]",1742.44,316.2248930000933
"['f20', 30, -100, 100, 100, 0.5, 0.05, 250, 25000]",1741.218,320.6985829999903
"['f20', 30, -100, 100, 100, 0.5, 0.05, 250, 25000]",1743.518,314.31098499998916
"['f20', 30, -100, 100, 100, 0.5, 0.05, 250, 25000]",1744.506,323.3742140000686
"['f20', 30, -100, 100, 100, 0.5, 0.05, 250, 25000]",1742.373,314.0879819999682
"['f20', 30, -100, 100, 100, 0.5, 0.05, 250, 25000]",1741.488,308.7423439999111
"['f20', 30, -100, 100, 100, 0.5, 0.05, 250, 25000]",1742.998,304.5511389999883
"['f20', 30, -100, 100, 100, 0.5, 0.05, 250, 25000]",1742.347,308.21569300000556
"['f20', 30, -100, 100, 100, 0.5, 0.05, 250, 25000]",1743.098,319.0778960000025
"['f20', 30, -100, 100, 100, 0.5, 0.05, 250, 25000]",1742.901,305.21476600004826
"['f20', 30, -100, 100, 100, 0.5, 0.05, 250, 25000]",1742.651,308.4888809999684
"['f20', 30, -100, 100, 100, 0.5, 0.05, 300, 30000]",1744.079,374.57321499998216
"['f20', 30, -100, 100, 100, 0.5, 0.05, 300, 30000]",1744.088,378.0725370000582
"['f20', 30, -100, 100, 100, 0.5, 0.05, 300, 30000]",1744.699,385.24702500004787
"['f20', 30, -100, 100, 100, 0.5, 0.05, 300, 30000]",1740.997,365.83367199997883
"['f20', 30, -100, 100, 100, 0.5, 0.05, 300, 30000]",1743.487,360.03621200006455
"['f20', 30, -100, 100, 100, 0.5, 0.05, 300, 30000]",1742.155,391.7807020000182
"['f20', 30, -100, 100, 100, 0.5, 0.05, 300, 30000]",1743.539,378.40671400004067
"['f20', 30, -100, 100, 100, 0.5, 0.05, 300, 30000]",1741.476,375.28371400001924
"['f20', 30, -100, 100, 100, 0.5, 0.05, 300, 30000]",1743.582,375.3649260000093
"['f20', 30, -100, 100, 100, 0.5, 0.05, 300, 30000]",1743.116,370.7469320000382
"['f20', 30, -100, 100, 100, 0.5, 0.05, 300, 30000]",1742.988,361.61765199992806
"['f20', 30, -100, 100, 100, 0.5, 0.05, 300, 30000]",1743.819,380.66333999997005
"['f20', 30, -100, 100, 100, 0.5, 0.05, 300, 30000]",1742.847,365.59267299994826
"['f20', 30, -100, 100, 100, 0.5, 0.05, 300, 30000]",1742.228,374.1977970000589
"['f20', 30, -100, 100, 100, 0.5, 0.05, 300, 30000]",1742.39,371.4355050000595
"['f20', 30, -100, 100, 100, 0.5, 0.05, 300, 30000]",1746.55,386.5317229999928
"['f20', 30, -100, 100, 100, 0.5, 0.05, 300, 30000]",1742.201,395.7141119999578
"['f20', 30, -100, 100, 100, 0.5, 0.05, 300, 30000]",1743.517,392.65685400005896
"['f20', 30, -100, 100, 100, 0.5, 0.05, 300, 30000]",1743.226,369.4602179999929
"['f20', 30, -100, 100, 100, 0.5, 0.05, 300, 30000]",1744.149,372.92980100004934
"['f20', 30, -100, 100, 100, 0.5, 0.06, 250, 25000]",1742.701,313.0266169999959
"['f20', 30, -100, 100, 100, 0.5, 0.06, 250, 25000]",1741.45,309.1618849999504
"['f20', 30, -100, 100, 100, 0.5, 0.06, 250, 25000]",1741.197,320.89592799998354
"['f20', 30, -100, 100, 100, 0.5, 0.06, 250, 25000]",1742.585,314.96779800008517
"['f20', 30, -100, 100, 100, 0.5, 0.06, 250, 25000]",1742.141,316.23646199994255
"['f20', 30, -100, 100, 100, 0.5, 0.06, 250, 25000]",1741.482,310.76353900006507
"['f20', 30, -100, 100, 100, 0.5, 0.06, 250, 25000]",1743.125,314.70405599998776
"['f20', 30, -100, 100, 100, 0.5, 0.06, 250, 25000]",1742.069,310.3485169999767
"['f20', 30, -100, 100, 100, 0.5, 0.06, 250, 25000]",1742.625,302.40657300001476
"['f20', 30, -100, 100, 100, 0.5, 0.06, 250, 25000]",1741.336,306.3705439999467
"['f20', 30, -100, 100, 100, 0.5, 0.06, 250, 25000]",1741.602,314.3202610000735
"['f20', 30, -100, 100, 100, 0.5, 0.06, 250, 25000]",1741.629,307.15830000001006
"['f20', 30, -100, 100, 100, 0.5, 0.06, 250, 25000]",1744.675,304.61928700003773
"['f20', 30, -100, 100, 100, 0.5, 0.06, 250, 25000]",1740.63,307.5557549999794
"['f20', 30, -100, 100, 100, 0.5, 0.06, 250, 25000]",1741.615,320.44373699999414
"['f20', 30, -100, 100, 100, 0.5, 0.06, 250, 25000]",1742.924,312.23486800002865
"['f20', 30, -100, 100, 100, 0.5, 0.06, 250, 25000]",1741.634,309.2607040000148
"['f20', 30, -100, 100, 100, 0.5, 0.06, 250, 25000]",1742.073,306.6081430000486
"['f20', 30, -100, 100, 100, 0.5, 0.06, 250, 25000]",1741.144,314.686846000026
"['f20', 30, -100, 100, 100, 0.5, 0.06, 250, 25000]",1743.246,314.4604330000002
"['f20', 30, -100, 100, 100, 0.5, 0.06, 300, 30000]",1742.819,378.86325599998236
"['f20', 30, -100, 100, 100, 0.5, 0.06, 300, 30000]",1741.794,388.90944199997466
"['f20', 30, -100, 100, 100, 0.5, 0.06, 300, 30000]",1741.64,361.66884699999355
"['f20', 30, -100, 100, 100, 0.5, 0.06, 300, 30000]",1741.104,373.60216000000946
"['f20', 30, -100, 100, 100, 0.5, 0.06, 300, 30000]",1744.013,380.34573900001124
"['f20', 30, -100, 100, 100, 0.5, 0.06, 300, 30000]",1743.633,374.4372570000123
"['f20', 30, -100, 100, 100, 0.5, 0.06, 300, 30000]",1743.165,400.18069099995773
"['f20', 30, -100, 100, 100, 0.5, 0.06, 300, 30000]",1741.401,369.5105109999422
"['f20', 30, -100, 100, 100, 0.5, 0.06, 300, 30000]",1742.06,369.15694299992174
"['f20', 30, -100, 100, 100, 0.5, 0.06, 300, 30000]",1740.579,378.981230000034
"['f20', 30, -100, 100, 100, 0.5, 0.06, 300, 30000]",1742.599,381.67958100000396
"['f20', 30, -100, 100, 100, 0.5, 0.06, 300, 30000]",1742.931,364.72295700001996
"['f20', 30, -100, 100, 100, 0.5, 0.06, 300, 30000]",1743.136,377.4372910000384
"['f20', 30, -100, 100, 100, 0.5, 0.06, 300, 30000]",1741.151,377.24465300003067
"['f20', 30, -100, 100, 100, 0.5, 0.06, 300, 30000]",1743.477,376.7024720000336
"['f20', 30, -100, 100, 100, 0.5, 0.06, 300, 30000]",1742.821,361.8586099999957
"['f20', 30, -100, 100, 100, 0.5, 0.06, 300, 30000]",1741.924,357.2425969999749
"['f20', 30, -100, 100, 100, 0.5, 0.06, 300, 30000]",1742.105,364.57202700001653
"['f20', 30, -100, 100, 100, 0.5, 0.06, 300, 30000]",1742.572,364.0764950000448
"['f20', 30, -100, 100, 100, 0.5, 0.06, 300, 30000]",1742.366,367.34522100002505
"['f20', 30, -100, 100, 200, 0.4, 0.05, 150, 30000]",1741.119,371.20530000003055
"['f20', 30, -100, 100, 200, 0.4, 0.05, 150, 30000]",1740.698,368.7293109999737
"['f20', 30, -100, 100, 200, 0.4, 0.05, 150, 30000]",1740.903,404.6436730000423
"['f20', 30, -100, 100, 200, 0.4, 0.05, 150, 30000]",1741.833,369.7471530000912
"['f20', 30, -100, 100, 200, 0.4, 0.05, 150, 30000]",1741.072,365.2785739999963
"['f20', 30, -100, 100, 200, 0.4, 0.05, 150, 30000]",1741.961,363.6964900000021
"['f20', 30, -100, 100, 200, 0.4, 0.05, 150, 30000]",1741.345,385.7404139999999
"['f20', 30, -100, 100, 200, 0.4, 0.05, 150, 30000]",1740.833,370.92525199998636
"['f20', 30, -100, 100, 200, 0.4, 0.05, 150, 30000]",1741.13,369.7165560000576
"['f20', 30, -100, 100, 200, 0.4, 0.05, 150, 30000]",1741.453,378.0295240000123
"['f20', 30, -100, 100, 200, 0.4, 0.05, 150, 30000]",1741.397,363.7742210000288
"['f20', 30, -100, 100, 200, 0.4, 0.05, 150, 30000]",1741.149,372.21033200004604
"['f20', 30, -100, 100, 200, 0.4, 0.05, 150, 30000]",1740.828,378.01353999995627
"['f20', 30, -100, 100, 200, 0.4, 0.05, 150, 30000]",1741.854,362.0631810000632
"['f20', 30, -100, 100, 200, 0.4, 0.05, 150, 30000]",1741.288,366.85283300001174
"['f20', 30, -100, 100, 200, 0.4, 0.05, 150, 30000]",1741.358,371.6765979999909
"['f20', 30, -100, 100, 200, 0.4, 0.05, 150, 30000]",1740.877,376.3981549999444
"['f20', 30, -100, 100, 200, 0.4, 0.05, 150, 30000]",1741.878,386.4817160000093
"['f20', 30, -100, 100, 200, 0.4, 0.05, 150, 30000]",1740.98,392.6714510000311
"['f20', 30, -100, 100, 200, 0.4, 0.05, 150, 30000]",1740.51,375.07721600006334
"['f20', 30, -100, 100, 200, 0.4, 0.06, 150, 30000]",1741.877,369.3465060000308
"['f20', 30, -100, 100, 200, 0.4, 0.06, 150, 30000]",1742.439,379.9308590000728
"['f20', 30, -100, 100, 200, 0.4, 0.06, 150, 30000]",1741.242,378.3257440000307
"['f20', 30, -100, 100, 200, 0.4, 0.06, 150, 30000]",1741.46,364.3521949999267
"['f20', 30, -100, 100, 200, 0.4, 0.06, 150, 30000]",1741.076,376.2973579999525
"['f20', 30, -100, 100, 200, 0.4, 0.06, 150, 30000]",1741.285,371.60959300003015
"['f20', 30, -100, 100, 200, 0.4, 0.06, 150, 30000]",1740.846,364.9662350000581
"['f20', 30, -100, 100, 200, 0.4, 0.06, 150, 30000]",1742.133,368.8338010000298
"['f20', 30, -100, 100, 200, 0.4, 0.06, 150, 30000]",1740.498,367.06867600011174
"['f20', 30, -100, 100, 200, 0.4, 0.06, 150, 30000]",1741.531,387.4487209999934
"['f20', 30, -100, 100, 200, 0.4, 0.06, 150, 30000]",1740.892,390.7353550000116
"['f20', 30, -100, 100, 200, 0.4, 0.06, 150, 30000]",1740.645,400.2316860000137
"['f20', 30, -100, 100, 200, 0.4, 0.06, 150, 30000]",1741.395,375.05469900008757
"['f20', 30, -100, 100, 200, 0.4, 0.06, 150, 30000]",1741.88,397.72964299994055
"['f20', 30, -100, 100, 200, 0.4, 0.06, 150, 30000]",1741.476,404.73012399999425
"['f20', 30, -100, 100, 200, 0.4, 0.06, 150, 30000]",1741.566,363.5182280000299
"['f20', 30, -100, 100, 200, 0.4, 0.06, 150, 30000]",1740.793,400.3557130000554
"['f20', 30, -100, 100, 200, 0.4, 0.06, 150, 30000]",1742.583,365.6921419999562
"['f20', 30, -100, 100, 200, 0.4, 0.06, 150, 30000]",1741.033,386.73059000005014
"['f20', 30, -100, 100, 200, 0.4, 0.06, 150, 30000]",1741.667,374.0060639999574
"['f20', 30, -100, 100, 200, 0.5, 0.05, 150, 30000]",1740.502,394.0613720000256
"['f20', 30, -100, 100, 200, 0.5, 0.05, 150, 30000]",1740.915,372.0853280000156
"['f20', 30, -100, 100, 200, 0.5, 0.05, 150, 30000]",1742.073,393.93645200005267
"['f20', 30, -100, 100, 200, 0.5, 0.05, 150, 30000]",1741.929,372.5119279999053
"['f20', 30, -100, 100, 200, 0.5, 0.05, 150, 30000]",1741.051,370.2417210000567
"['f20', 30, -100, 100, 200, 0.5, 0.05, 150, 30000]",1740.756,361.5589480000781
"['f20', 30, -100, 100, 200, 0.5, 0.05, 150, 30000]",1741.145,372.137570999912
"['f20', 30, -100, 100, 200, 0.5, 0.05, 150, 30000]",1742.297,370.94858600001317
"['f20', 30, -100, 100, 200, 0.5, 0.05, 150, 30000]",1741.834,369.1811490000691
"['f20', 30, -100, 100, 200, 0.5, 0.05, 150, 30000]",1741.773,370.9375310000032
"['f20', 30, -100, 100, 200, 0.5, 0.05, 150, 30000]",1741.113,365.2978149999399
"['f20', 30, -100, 100, 200, 0.5, 0.05, 150, 30000]",1741.601,382.3728419999825
"['f20', 30, -100, 100, 200, 0.5, 0.05, 150, 30000]",1741.317,373.48022600007243
"['f20', 30, -100, 100, 200, 0.5, 0.05, 150, 30000]",1740.679,378.5602770000696
"['f20', 30, -100, 100, 200, 0.5, 0.05, 150, 30000]",1742.356,370.33426599996164
"['f20', 30, -100, 100, 200, 0.5, 0.05, 150, 30000]",1743.499,380.1201619999483
"['f20', 30, -100, 100, 200, 0.5, 0.05, 150, 30000]",1741.431,377.13041300000623
"['f20', 30, -100, 100, 200, 0.5, 0.05, 150, 30000]",1741.714,387.3812639999669
"['f20', 30, -100, 100, 200, 0.5, 0.05, 150, 30000]",1741.67,391.9657690000022
"['f20', 30, -100, 100, 200, 0.5, 0.05, 150, 30000]",1742.488,371.82784600008745
"['f20', 30, -100, 100, 200, 0.5, 0.06, 150, 30000]",1742.076,365.78679000004195
"['f20', 30, -100, 100, 200, 0.5, 0.06, 150, 30000]",1741.029,369.49028500006534
"['f20', 30, -100, 100, 200, 0.5, 0.06, 150, 30000]",1742.299,378.25135299994145
"['f20', 30, -100, 100, 200, 0.5, 0.06, 150, 30000]",1742.688,379.935633999994
"['f20', 30, -100, 100, 200, 0.5, 0.06, 150, 30000]",1741.391,383.1550950000528
"['f20', 30, -100, 100, 200, 0.5, 0.06, 150, 30000]",1740.93,383.4114559999434
"['f20', 30, -100, 100, 200, 0.5, 0.06, 150, 30000]",1742.68,393.59393099998124
"['f20', 30, -100, 100, 200, 0.5, 0.06, 150, 30000]",1741.736,373.56872800004203
"['f20', 30, -100, 100, 200, 0.5, 0.06, 150, 30000]",1741.106,370.1537580000004
"['f20', 30, -100, 100, 200, 0.5, 0.06, 150, 30000]",1741.826,388.3784319999395
"['f20', 30, -100, 100, 200, 0.5, 0.06, 150, 30000]",1742.715,390.68219099997077
"['f20', 30, -100, 100, 200, 0.5, 0.06, 150, 30000]",1740.926,378.721833000076
"['f20', 30, -100, 100, 200, 0.5, 0.06, 150, 30000]",1741.505,387.93224000011105
"['f20', 30, -100, 100, 200, 0.5, 0.06, 150, 30000]",1741.823,380.6317079999717
"['f20', 30, -100, 100, 200, 0.5, 0.06, 150, 30000]",1741.818,369.1612329999916
"['f20', 30, -100, 100, 200, 0.5, 0.06, 150, 30000]",1741.633,395.92304300004616
"['f20', 30, -100, 100, 200, 0.5, 0.06, 150, 30000]",1741.404,389.5019340000581
"['f20', 30, -100, 100, 200, 0.5, 0.06, 150, 30000]",1740.57,374.5302650000667
"['f20', 30, -100, 100, 200, 0.5, 0.06, 150, 30000]",1741.447,374.48348900000565
"['f20', 30, -100, 100, 200, 0.5, 0.06, 150, 30000]",1741.231,382.14966400002595
"['f20', 50, -10, 10, 100, 0.4, 0.05, 250, 25000]",4904.548,506.2364519999828
"['f20', 50, -10, 10, 100, 0.4, 0.05, 250, 25000]",4905.385,520.6090549998917
"['f20', 50, -10, 10, 100, 0.4, 0.05, 250, 25000]",4903.75,533.0607719999971
"['f20', 50, -10, 10, 100, 0.4, 0.05, 250, 25000]",4902.829,506.2318979999982
"['f20', 50, -10, 10, 100, 0.4, 0.05, 250, 25000]",4904.924,515.4392899998929
"['f20', 50, -10, 10, 100, 0.4, 0.05, 250, 25000]",4905.151,512.6078210000414
"['f20', 50, -10, 10, 100, 0.4, 0.05, 250, 25000]",4906.518,520.9490409999853
"['f20', 50, -10, 10, 100, 0.4, 0.05, 250, 25000]",4903.348,535.2275640000589
"['f20', 50, -10, 10, 100, 0.4, 0.05, 250, 25000]",4903.233,521.7698319999035
"['f20', 50, -10, 10, 100, 0.4, 0.05, 250, 25000]",4904.569,509.6448789999122
"['f20', 50, -10, 10, 100, 0.4, 0.05, 250, 25000]",4904.108,524.7768030000152
"['f20', 50, -10, 10, 100, 0.4, 0.05, 250, 25000]",4907.402,500.9031609999947
"['f20', 50, -10, 10, 100, 0.4, 0.05, 250, 25000]",4902.103,535.6522269999841
"['f20', 50, -10, 10, 100, 0.4, 0.05, 250, 25000]",4903.015,519.7079069999745
"['f20', 50, -10, 10, 100, 0.4, 0.05, 250, 25000]",4903.083,526.2331899999408
"['f20', 50, -10, 10, 100, 0.4, 0.05, 250, 25000]",4905.355,526.857892
"['f20', 50, -10, 10, 100, 0.4, 0.05, 250, 25000]",4902.785,506.3590639999602
"['f20', 50, -10, 10, 100, 0.4, 0.05, 250, 25000]",4904.39,505.86480400001165
"['f20', 50, -10, 10, 100, 0.4, 0.05, 250, 25000]",4904.37,505.9297390000429
"['f20', 50, -10, 10, 100, 0.4, 0.05, 250, 25000]",4902.953,543.8463540000375
"['f20', 50, -10, 10, 100, 0.4, 0.05, 300, 30000]",4903.284,657.9399390000617
"['f20', 50, -10, 10, 100, 0.4, 0.05, 300, 30000]",4903.477,646.0482990000164
"['f20', 50, -10, 10, 100, 0.4, 0.05, 300, 30000]",4902.8,678.4080529999919
"['f20', 50, -10, 10, 100, 0.4, 0.05, 300, 30000]",4903.528,619.7251039999537
"['f20', 50, -10, 10, 100, 0.4, 0.05, 300, 30000]",4906.054,640.7705350000178
"['f20', 50, -10, 10, 100, 0.4, 0.05, 300, 30000]",4905.549,615.0636840000516
"['f20', 50, -10, 10, 100, 0.4, 0.05, 300, 30000]",4903.633,626.3679959999863
"['f20', 50, -10, 10, 100, 0.4, 0.05, 300, 30000]",4903.011,628.7772630000254
"['f20', 50, -10, 10, 100, 0.4, 0.05, 300, 30000]",4903.242,634.4961039999034
"['f20', 50, -10, 10, 100, 0.4, 0.05, 300, 30000]",4904.389,645.4659609999508
"['f20', 50, -10, 10, 100, 0.4, 0.05, 300, 30000]",4903.862,608.520549000008
"['f20', 50, -10, 10, 100, 0.4, 0.05, 300, 30000]",4903.079,614.9955280000577
"['f20', 50, -10, 10, 100, 0.4, 0.05, 300, 30000]",4905.412,634.1554389999947
"['f20', 50, -10, 10, 100, 0.4, 0.05, 300, 30000]",4902.396,621.0389489999507
"['f20', 50, -10, 10, 100, 0.4, 0.05, 300, 30000]",4905.556,650.1366269999417
"['f20', 50, -10, 10, 100, 0.4, 0.05, 300, 30000]",4904.277,631.0546430000104
"['f20', 50, -10, 10, 100, 0.4, 0.05, 300, 30000]",4906.013,615.0965399999404
"['f20', 50, -10, 10, 100, 0.4, 0.05, 300, 30000]",4903.433,628.8039580000332
"['f20', 50, -10, 10, 100, 0.4, 0.05, 300, 30000]",4903.599,644.3821659999667
"['f20', 50, -10, 10, 100, 0.4, 0.05, 300, 30000]",4905.034,617.0641130000586
"['f20', 50, -10, 10, 100, 0.4, 0.06, 250, 25000]",4901.178,504.39162199990824
"['f20', 50, -10, 10, 100, 0.4, 0.06, 250, 25000]",4902.241,501.7788639999926
"['f20', 50, -10, 10, 100, 0.4, 0.06, 250, 25000]",4903.521,514.7016600000206
"['f20', 50, -10, 10, 100, 0.4, 0.06, 250, 25000]",4902.668,516.4495810000226
"['f20', 50, -10, 10, 100, 0.4, 0.06, 250, 25000]",4902.421,521.7452870000852
"['f20', 50, -10, 10, 100, 0.4, 0.06, 250, 25000]",4902.029,534.5762600000016
"['f20', 50, -10, 10, 100, 0.4, 0.06, 250, 25000]",4902.713,532.4609020000789
"['f20', 50, -10, 10, 100, 0.4, 0.06, 250, 25000]",4903.928,532.2241670000367
"['f20', 50, -10, 10, 100, 0.4, 0.06, 250, 25000]",4901.908,534.8747839999851
"['f20', 50, -10, 10, 100, 0.4, 0.06, 250, 25000]",4902.06,514.7498990000458
"['f20', 50, -10, 10, 100, 0.4, 0.06, 250, 25000]",4902.872,541.6036539999768
"['f20', 50, -10, 10, 100, 0.4, 0.06, 250, 25000]",4904.349,516.6197819999652
"['f20', 50, -10, 10, 100, 0.4, 0.06, 250, 25000]",4904.731,527.1364659999963
"['f20', 50, -10, 10, 100, 0.4, 0.06, 250, 25000]",4902.902,521.6560680000111
"['f20', 50, -10, 10, 100, 0.4, 0.06, 250, 25000]",4902.424,503.04963000002317
"['f20', 50, -10, 10, 100, 0.4, 0.06, 250, 25000]",4903.597,523.0725079999538
"['f20', 50, -10, 10, 100, 0.4, 0.06, 250, 25000]",4902.702,534.0055829999037
"['f20', 50, -10, 10, 100, 0.4, 0.06, 250, 25000]",4906.897,515.9897849999834
"['f20', 50, -10, 10, 100, 0.4, 0.06, 250, 25000]",4903.829,508.7563139999984
"['f20', 50, -10, 10, 100, 0.4, 0.06, 250, 25000]",4908.041,516.258601999958
"['f20', 50, -10, 10, 100, 0.4, 0.06, 300, 30000]",4903.115,626.6466070000315
"['f20', 50, -10, 10, 100, 0.4, 0.06, 300, 30000]",4902.559,620.4543330000015
"['f20', 50, -10, 10, 100, 0.4, 0.06, 300, 30000]",4900.383,619.9954859999707
"['f20', 50, -10, 10, 100, 0.4, 0.06, 300, 30000]",4902.875,616.7895370000042
"['f20', 50, -10, 10, 100, 0.4, 0.06, 300, 30000]",4903.26,620.4901019999525
"['f20', 50, -10, 10, 100, 0.4, 0.06, 300, 30000]",4902.58,686.4725989999715
"['f20', 50, -10, 10, 100, 0.4, 0.06, 300, 30000]",4904.153,634.8991570000071
"['f20', 50, -10, 10, 100, 0.4, 0.06, 300, 30000]",4903.28,642.0099789999658
"['f20', 50, -10, 10, 100, 0.4, 0.06, 300, 30000]",4902.22,629.3992949998938
"['f20', 50, -10, 10, 100, 0.4, 0.06, 300, 30000]",4903.339,615.9959469999885
"['f20', 50, -10, 10, 100, 0.4, 0.06, 300, 30000]",4905.001,660.4510230000596
"['f20', 50, -10, 10, 100, 0.4, 0.06, 300, 30000]",4902.552,617.0217629999388
"['f20', 50, -10, 10, 100, 0.4, 0.06, 300, 30000]",4901.807,621.6323850000044
"['f20', 50, -10, 10, 100, 0.4, 0.06, 300, 30000]",4903.212,641.0240200000117
"['f20', 50, -10, 10, 100, 0.4, 0.06, 300, 30000]",4902.704,653.3261880000355
"['f20', 50, -10, 10, 100, 0.4, 0.06, 300, 30000]",4903.416,645.222015999956
"['f20', 50, -10, 10, 100, 0.4, 0.06, 300, 30000]",4903.335,611.8729290000629
"['f20', 50, -10, 10, 100, 0.4, 0.06, 300, 30000]",4902.253,616.5285359999398
"['f20', 50, -10, 10, 100, 0.4, 0.06, 300, 30000]",4904.127,608.6217670000624
"['f20', 50, -10, 10, 100, 0.4, 0.06, 300, 30000]",4902.67,616.4674129999476
"['f20', 50, -10, 10, 100, 0.5, 0.05, 250, 25000]",4902.731,524.4769879999803
"['f20', 50, -10, 10, 100, 0.5, 0.05, 250, 25000]",4902.322,549.0324629999232
"['f20', 50, -10, 10, 100, 0.5, 0.05, 250, 25000]",4902.804,566.8533639999805
"['f20', 50, -10, 10, 100, 0.5, 0.05, 250, 25000]",4906.13,521.7015009999741
"['f20', 50, -10, 10, 100, 0.5, 0.05, 250, 25000]",4905.076,510.027454999974
"['f20', 50, -10, 10, 100, 0.5, 0.05, 250, 25000]",4905.699,523.7270729999291
"['f20', 50, -10, 10, 100, 0.5, 0.05, 250, 25000]",4905.718,511.5139489999274
"['f20', 50, -10, 10, 100, 0.5, 0.05, 250, 25000]",4905.915,523.2111470000818
"['f20', 50, -10, 10, 100, 0.5, 0.05, 250, 25000]",4902.223,508.2187569999369
"['f20', 50, -10, 10, 100, 0.5, 0.05, 250, 25000]",4906.439,512.739239999908
"['f20', 50, -10, 10, 100, 0.5, 0.05, 250, 25000]",4902.065,509.5952830000315
"['f20', 50, -10, 10, 100, 0.5, 0.05, 250, 25000]",4905.59,517.4657110000262
"['f20', 50, -10, 10, 100, 0.5, 0.05, 250, 25000]",4903.568,518.5033879999537
"['f20', 50, -10, 10, 100, 0.5, 0.05, 250, 25000]",4905.365,525.760758999968
"['f20', 50, -10, 10, 100, 0.5, 0.05, 250, 25000]",4904.914,510.0051659999881
"['f20', 50, -10, 10, 100, 0.5, 0.05, 250, 25000]",4904.339,546.755747999996
"['f20', 50, -10, 10, 100, 0.5, 0.05, 250, 25000]",4904.894,501.43057900003623
"['f20', 50, -10, 10, 100, 0.5, 0.05, 250, 25000]",4904.125,514.6880279999459
"['f20', 50, -10, 10, 100, 0.5, 0.05, 250, 25000]",4905.898,525.8623730000108
"['f20', 50, -10, 10, 100, 0.5, 0.05, 250, 25000]",4902.299,518.5032999999821
"['f20', 50, -10, 10, 100, 0.5, 0.05, 300, 30000]",4904.219,631.2918160000117
"['f20', 50, -10, 10, 100, 0.5, 0.05, 300, 30000]",4903.544,621.0179980000248
"['f20', 50, -10, 10, 100, 0.5, 0.05, 300, 30000]",4902.017,649.0817620001035
"['f20', 50, -10, 10, 100, 0.5, 0.05, 300, 30000]",4905.327,609.7329639999662
"['f20', 50, -10, 10, 100, 0.5, 0.05, 300, 30000]",4904.792,613.4503239999758
"['f20', 50, -10, 10, 100, 0.5, 0.05, 300, 30000]",4906.558,620.0210639999714
"['f20', 50, -10, 10, 100, 0.5, 0.05, 300, 30000]",4904.421,648.1522240000777
"['f20', 50, -10, 10, 100, 0.5, 0.05, 300, 30000]",4908.281,610.032257999992
"['f20', 50, -10, 10, 100, 0.5, 0.05, 300, 30000]",4905.86,631.249417000101
"['f20', 50, -10, 10, 100, 0.5, 0.05, 300, 30000]",4906.297,602.9080880000256
"['f20', 50, -10, 10, 100, 0.5, 0.05, 300, 30000]",4902.101,615.0419959999854
"['f20', 50, -10, 10, 100, 0.5, 0.05, 300, 30000]",4906.099,643.8518459999468
"['f20', 50, -10, 10, 100, 0.5, 0.05, 300, 30000]",4902.233,609.1659919999074
"['f20', 50, -10, 10, 100, 0.5, 0.05, 300, 30000]",4905.064,615.0449960000115
"['f20', 50, -10, 10, 100, 0.5, 0.05, 300, 30000]",4905.685,627.771660999977
"['f20', 50, -10, 10, 100, 0.5, 0.05, 300, 30000]",4904.648,625.9976869999664
"['f20', 50, -10, 10, 100, 0.5, 0.05, 300, 30000]",4904.446,602.1650180000579
"['f20', 50, -10, 10, 100, 0.5, 0.05, 300, 30000]",4903.801,600.0259500000393
"['f20', 50, -10, 10, 100, 0.5, 0.05, 300, 30000]",4905.121,648.3947369999951
"['f20', 50, -10, 10, 100, 0.5, 0.05, 300, 30000]",4904.959,633.483142000041
"['f20', 50, -10, 10, 100, 0.5, 0.06, 250, 25000]",4902.545,528.0975940000499
"['f20', 50, -10, 10, 100, 0.5, 0.06, 250, 25000]",4902.754,507.65040400007274
"['f20', 50, -10, 10, 100, 0.5, 0.06, 250, 25000]",4902.749,510.5597070000367
"['f20', 50, -10, 10, 100, 0.5, 0.06, 250, 25000]",4901.529,513.4580299999798
"['f20', 50, -10, 10, 100, 0.5, 0.06, 250, 25000]",4902.046,547.8097950000083
"['f20', 50, -10, 10, 100, 0.5, 0.06, 250, 25000]",4902.785,521.828096000012
"['f20', 50, -10, 10, 100, 0.5, 0.06, 250, 25000]",4901.711,522.0357939999085
"['f20', 50, -10, 10, 100, 0.5, 0.06, 250, 25000]",4902.956,515.9141839999938
"['f20', 50, -10, 10, 100, 0.5, 0.06, 250, 25000]",4901.911,523.4770620000781
"['f20', 50, -10, 10, 100, 0.5, 0.06, 250, 25000]",4902.854,522.2526040000375
"['f20', 50, -10, 10, 100, 0.5, 0.06, 250, 25000]",4903.867,547.3754300000146
"['f20', 50, -10, 10, 100, 0.5, 0.06, 250, 25000]",4902.476,505.78865799994674
"['f20', 50, -10, 10, 100, 0.5, 0.06, 250, 25000]",4901.977,505.5764930000296
"['f20', 50, -10, 10, 100, 0.5, 0.06, 250, 25000]",4904.183,554.9619630000088
"['f20', 50, -10, 10, 100, 0.5, 0.06, 250, 25000]",4902.599,517.1127710000146
"['f20', 50, -10, 10, 100, 0.5, 0.06, 250, 25000]",4901.394,531.8174979999894
"['f20', 50, -10, 10, 100, 0.5, 0.06, 250, 25000]",4905.072,531.7805429999717
"['f20', 50, -10, 10, 100, 0.5, 0.06, 250, 25000]",4902.913,518.1138750000391
"['f20', 50, -10, 10, 100, 0.5, 0.06, 250, 25000]",4902.143,535.4788590000244
"['f20', 50, -10, 10, 100, 0.5, 0.06, 250, 25000]",4903.08,513.2558290000306
"['f20', 50, -10, 10, 100, 0.5, 0.06, 300, 30000]",4902.915,610.9288990000496
"['f20', 50, -10, 10, 100, 0.5, 0.06, 300, 30000]",4904.207,654.9517060000217
"['f20', 50, -10, 10, 100, 0.5, 0.06, 300, 30000]",4904.048,635.9809360000072
"['f20', 50, -10, 10, 100, 0.5, 0.06, 300, 30000]",4900.842,623.1722969999537
"['f20', 50, -10, 10, 100, 0.5, 0.06, 300, 30000]",4901.994,644.6668079999508
"['f20', 50, -10, 10, 100, 0.5, 0.06, 300, 30000]",4904.612,655.48277100001
"['f20', 50, -10, 10, 100, 0.5, 0.06, 300, 30000]",4903.239,613.378265999956
"['f20', 50, -10, 10, 100, 0.5, 0.06, 300, 30000]",4903.07,627.4718150000554
"['f20', 50, -10, 10, 100, 0.5, 0.06, 300, 30000]",4902.406,618.0651690000668
"['f20', 50, -10, 10, 100, 0.5, 0.06, 300, 30000]",4903.768,626.1913760000607
"['f20', 50, -10, 10, 100, 0.5, 0.06, 300, 30000]",4902.193,615.7276510000229
"['f20', 50, -10, 10, 100, 0.5, 0.06, 300, 30000]",4902.834,624.9030370000983
"['f20', 50, -10, 10, 100, 0.5, 0.06, 300, 30000]",4903.074,644.6482130000368
"['f20', 50, -10, 10, 100, 0.5, 0.06, 300, 30000]",4902.868,617.4810869999928
"['f20', 50, -10, 10, 100, 0.5, 0.06, 300, 30000]",4901.915,631.887555000023
"['f20', 50, -10, 10, 100, 0.5, 0.06, 300, 30000]",4904.409,621.9747219999554
"['f20', 50, -10, 10, 100, 0.5, 0.06, 300, 30000]",4903.579,649.389986999915
"['f20', 50, -10, 10, 100, 0.5, 0.06, 300, 30000]",4905.17,616.7903909999877
"['f20', 50, -10, 10, 100, 0.5, 0.06, 300, 30000]",4902.202,624.0724789999658
"['f20', 50, -10, 10, 100, 0.5, 0.06, 300, 30000]",4903.971,621.1062970000785
"['f20', 50, -10, 10, 200, 0.4, 0.05, 150, 30000]",4901.438,624.1106589999981
"['f20', 50, -10, 10, 200, 0.4, 0.05, 150, 30000]",4901.523,626.3269309999887
"['f20', 50, -10, 10, 200, 0.4, 0.05, 150, 30000]",4901.541,638.6438929999713
"['f20', 50, -10, 10, 200, 0.4, 0.05, 150, 30000]",4902.124,629.7117290000897
"['f20', 50, -10, 10, 200, 0.4, 0.05, 150, 30000]",4900.751,648.3572970000096
"['f20', 50, -10, 10, 200, 0.4, 0.05, 150, 30000]",4901.349,626.6529159999918
"['f20', 50, -10, 10, 200, 0.4, 0.05, 150, 30000]",4902.564,620.4188790000044
"['f20', 50, -10, 10, 200, 0.4, 0.05, 150, 30000]",4903.173,614.559741999954
"['f20', 50, -10, 10, 200, 0.4, 0.05, 150, 30000]",4901.946,617.7972919999156
"['f20', 50, -10, 10, 200, 0.4, 0.05, 150, 30000]",4902.279,628.3063969999785
"['f20', 50, -10, 10, 200, 0.4, 0.05, 150, 30000]",4901.436,631.3839070000686
"['f20', 50, -10, 10, 200, 0.4, 0.05, 150, 30000]",4901.23,629.628752999939
"['f20', 50, -10, 10, 200, 0.4, 0.05, 150, 30000]",4900.912,658.4538290000055
"['f20', 50, -10, 10, 200, 0.4, 0.05, 150, 30000]",4903.856,624.8404829999199
"['f20', 50, -10, 10, 200, 0.4, 0.05, 150, 30000]",4904.88,624.0769279999658
"['f20', 50, -10, 10, 200, 0.4, 0.05, 150, 30000]",4901.08,638.7929979999317
"['f20', 50, -10, 10, 200, 0.4, 0.05, 150, 30000]",4901.672,606.4716250000056
"['f20', 50, -10, 10, 200, 0.4, 0.05, 150, 30000]",4903.773,624.439054000075
"['f20', 50, -10, 10, 200, 0.4, 0.05, 150, 30000]",4902.308,602.1135840000352
"['f20', 50, -10, 10, 200, 0.4, 0.05, 150, 30000]",4901.706,622.6631780000171
"['f20', 50, -10, 10, 200, 0.4, 0.06, 150, 30000]",4901.376,636.0021750000305
"['f20', 50, -10, 10, 200, 0.4, 0.06, 150, 30000]",4902.157,619.1386920000659
"['f20', 50, -10, 10, 200, 0.4, 0.06, 150, 30000]",4902.091,628.9789940000046
"['f20', 50, -10, 10, 200, 0.4, 0.06, 150, 30000]",4900.697,609.7056950000115
"['f20', 50, -10, 10, 200, 0.4, 0.06, 150, 30000]",4903.621,628.2619699999923
"['f20', 50, -10, 10, 200, 0.4, 0.06, 150, 30000]",4902.051,619.2315699999453
"['f20', 50, -10, 10, 200, 0.4, 0.06, 150, 30000]",4901.208,626.7109080000082
"['f20', 50, -10, 10, 200, 0.4, 0.06, 150, 30000]",4903.58,618.6912139999913
"['f20', 50, -10, 10, 200, 0.4, 0.06, 150, 30000]",4900.618,613.3808339999523
"['f20', 50, -10, 10, 200, 0.4, 0.06, 150, 30000]",4902.147,614.1239640000276
"['f20', 50, -10, 10, 200, 0.4, 0.06, 150, 30000]",4902.512,640.2284620000282
"['f20', 50, -10, 10, 200, 0.4, 0.06, 150, 30000]",4901.598,629.707985999994
"['f20', 50, -10, 10, 200, 0.4, 0.06, 150, 30000]",4901.228,630.7555510000093
"['f20', 50, -10, 10, 200, 0.4, 0.06, 150, 30000]",4902.323,630.0929260000121
"['f20', 50, -10, 10, 200, 0.4, 0.06, 150, 30000]",4901.473,639.7453550000209
"['f20', 50, -10, 10, 200, 0.4, 0.06, 150, 30000]",4901.437,627.3943599999184
"['f20', 50, -10, 10, 200, 0.4, 0.06, 150, 30000]",4901.979,613.9667899999768
"['f20', 50, -10, 10, 200, 0.4, 0.06, 150, 30000]",4901.547,608.0949019999243
"['f20', 50, -10, 10, 200, 0.4, 0.06, 150, 30000]",4902.027,611.0893309999956
"['f20', 50, -10, 10, 200, 0.4, 0.06, 150, 30000]",4902.586,618.6866690000752
"['f20', 50, -10, 10, 200, 0.5, 0.05, 150, 30000]",4901.807,620.1924400000134
"['f20', 50, -10, 10, 200, 0.5, 0.05, 150, 30000]",4902.386,629.1273519999813
"['f20', 50, -10, 10, 200, 0.5, 0.05, 150, 30000]",4904.276,631.9548339999747
"['f20', 50, -10, 10, 200, 0.5, 0.05, 150, 30000]",4901.537,613.3019970000023
"['f20', 50, -10, 10, 200, 0.5, 0.05, 150, 30000]",4901.29,615.2123910000082
"['f20', 50, -10, 10, 200, 0.5, 0.05, 150, 30000]",4902.935,628.9624090000289
"['f20', 50, -10, 10, 200, 0.5, 0.05, 150, 30000]",4903.185,619.8149530000519
"['f20', 50, -10, 10, 200, 0.5, 0.05, 150, 30000]",4900.818,613.6260140000377
"['f20', 50, -10, 10, 200, 0.5, 0.05, 150, 30000]",4902.108,637.1457749999827
"['f20', 50, -10, 10, 200, 0.5, 0.05, 150, 30000]",4901.021,627.4099430000642
"['f20', 50, -10, 10, 200, 0.5, 0.05, 150, 30000]",4901.975,625.1053290000418
"['f20', 50, -10, 10, 200, 0.5, 0.05, 150, 30000]",4902.191,624.9891869999701
"['f20', 50, -10, 10, 200, 0.5, 0.05, 150, 30000]",4902.709,616.7837259999942
"['f20', 50, -10, 10, 200, 0.5, 0.05, 150, 30000]",4901.287,633.5267539999913
"['f20', 50, -10, 10, 200, 0.5, 0.05, 150, 30000]",4903.48,616.6575650000013
"['f20', 50, -10, 10, 200, 0.5, 0.05, 150, 30000]",4901.001,631.6845370000228
"['f20', 50, -10, 10, 200, 0.5, 0.05, 150, 30000]",4901.214,606.3863820000552
"['f20', 50, -10, 10, 200, 0.5, 0.05, 150, 30000]",4903.947,617.5480090000201
"['f20', 50, -10, 10, 200, 0.5, 0.05, 150, 30000]",4902.512,636.4549539999571
"['f20', 50, -10, 10, 200, 0.5, 0.05, 150, 30000]",4901.966,632.924319999991
"['f20', 50, -10, 10, 200, 0.5, 0.06, 150, 30000]",4903.598,642.828061999986
"['f20', 50, -10, 10, 200, 0.5, 0.06, 150, 30000]",4901.561,613.9826990000438
"['f20', 50, -10, 10, 200, 0.5, 0.06, 150, 30000]",4901.304,619.0246869999683
"['f20', 50, -10, 10, 200, 0.5, 0.06, 150, 30000]",4900.999,638.7433570000576
"['f20', 50, -10, 10, 200, 0.5, 0.06, 150, 30000]",4900.899,620.6887829999905
"['f20', 50, -10, 10, 200, 0.5, 0.06, 150, 30000]",4903.459,622.2280909999972
"['f20', 50, -10, 10, 200, 0.5, 0.06, 150, 30000]",4901.158,631.0340759999817
"['f20', 50, -10, 10, 200, 0.5, 0.06, 150, 30000]",4902.326,624.685066999984
"['f20', 50, -10, 10, 200, 0.5, 0.06, 150, 30000]",4901.549,626.2558130000252
"['f20', 50, -10, 10, 200, 0.5, 0.06, 150, 30000]",4900.937,603.131890000077
"['f20', 50, -10, 10, 200, 0.5, 0.06, 150, 30000]",4903.103,623.835493999999
"['f20', 50, -10, 10, 200, 0.5, 0.06, 150, 30000]",4900.837,628.2429140000604
"['f20', 50, -10, 10, 200, 0.5, 0.06, 150, 30000]",4900.634,615.6648499999428
"['f20', 50, -10, 10, 200, 0.5, 0.06, 150, 30000]",4901.995,634.7055590000236
"['f20', 50, -10, 10, 200, 0.5, 0.06, 150, 30000]",4900.926,618.8765729999868
"['f20', 50, -10, 10, 200, 0.5, 0.06, 150, 30000]",4901.765,651.2450309999986
"['f20', 50, -10, 10, 200, 0.5, 0.06, 150, 30000]",4901.658,618.1459409999661
"['f20', 50, -10, 10, 200, 0.5, 0.06, 150, 30000]",4902.265,626.9154059999855
"['f20', 50, -10, 10, 200, 0.5, 0.06, 150, 30000]",4900.373,624.3996200000402
"['f20', 50, -10, 10, 200, 0.5, 0.06, 150, 30000]",4901.227,624.3797940000659
