"combination = [fitness_function_name, dimension, range0, range1, m, n, l1, l2, max_ep, c1, c2, function evaluation]",gBest_fitness,total_time
"['f17', 20, -10, 10, 15, 5, 10, 300, 5, 2.05, 2.5, 26250]",0.0,10.707942000000912
"['f17', 20, -10, 10, 15, 5, 10, 300, 5, 2.05, 2.5, 26250]",6.1664007233730445e-12,10.791356000001542
"['f17', 20, -10, 10, 15, 5, 10, 300, 5, 2.05, 2.5, 26250]",0.0,10.65556099999958
"['f17', 20, -10, 10, 15, 5, 10, 300, 5, 2.05, 2.5, 26250]",0.0,10.802335000000312
"['f17', 20, -10, 10, 15, 5, 10, 300, 5, 2.05, 2.5, 26250]",0.0,10.813370000003488
"['f17', 20, -10, 10, 15, 5, 10, 300, 5, 2.05, 2.5, 26250]",0.0,10.625697000003129
"['f17', 20, -10, 10, 15, 5, 10, 300, 5, 2.05, 2.5, 26250]",0.0,10.767995000001974
"['f17', 20, -10, 10, 15, 5, 10, 300, 5, 2.05, 2.5, 26250]",5.094813460004843e-13,10.800609999998414
"['f17', 20, -10, 10, 15, 5, 10, 300, 5, 2.05, 2.5, 26250]",0.0,10.52440000000206
"['f17', 20, -10, 10, 15, 5, 10, 300, 5, 2.05, 2.5, 26250]",0.0,10.35625400000572
"['f17', 20, -10, 10, 15, 5, 10, 300, 5, 2.05, 2.5, 26250]",0.0,10.854458000001614
"['f17', 20, -10, 10, 15, 5, 10, 300, 5, 2.05, 2.5, 26250]",0.0,10.56222500000149
"['f17', 20, -10, 10, 15, 5, 10, 300, 5, 2.05, 2.5, 26250]",0.0,10.969372999999905
"['f17', 20, -10, 10, 15, 5, 10, 300, 5, 2.05, 2.5, 26250]",0.0,10.67526099999668
"['f17', 20, -10, 10, 15, 5, 10, 300, 5, 2.05, 2.5, 26250]",0.0,10.552847999999358
"['f17', 20, -10, 10, 15, 5, 10, 300, 5, 2.05, 2.5, 26250]",0.0,10.520180999999866
"['f17', 20, -10, 10, 15, 5, 10, 300, 5, 2.05, 2.5, 26250]",0.0,10.60209400000167
"['f17', 20, -10, 10, 15, 5, 10, 300, 5, 2.05, 2.5, 26250]",1.1102230246251565e-16,10.4123780000009
"['f17', 20, -10, 10, 15, 5, 10, 300, 5, 2.05, 2.5, 26250]",0.0,10.974390999996103
"['f17', 20, -10, 10, 15, 5, 10, 300, 5, 2.05, 2.5, 26250]",1.0859447875377626e-06,10.860596999998961
"['f17', 20, -10, 10, 15, 5, 20, 300, 5, 2.05, 2.5, 30000]",0.0005024676196208056,12.23386799999571
"['f17', 20, -10, 10, 15, 5, 20, 300, 5, 2.05, 2.5, 30000]",2.098013720053249e-05,12.473543000000063
"['f17', 20, -10, 10, 15, 5, 20, 300, 5, 2.05, 2.5, 30000]",0.0,12.456039999997301
"['f17', 20, -10, 10, 15, 5, 20, 300, 5, 2.05, 2.5, 30000]",0.0,12.457990999995673
"['f17', 20, -10, 10, 15, 5, 20, 300, 5, 2.05, 2.5, 30000]",0.0,12.217745999994804
"['f17', 20, -10, 10, 15, 5, 20, 300, 5, 2.05, 2.5, 30000]",5.276092340800176e-09,12.473457000000053
"['f17', 20, -10, 10, 15, 5, 20, 300, 5, 2.05, 2.5, 30000]",0.0,12.38413600000058
"['f17', 20, -10, 10, 15, 5, 20, 300, 5, 2.05, 2.5, 30000]",0.0,12.494527999995626
"['f17', 20, -10, 10, 15, 5, 20, 300, 5, 2.05, 2.5, 30000]",0.0,12.529797000002873
"['f17', 20, -10, 10, 15, 5, 20, 300, 5, 2.05, 2.5, 30000]",0.0,12.131786000005377
"['f17', 20, -10, 10, 15, 5, 20, 300, 5, 2.05, 2.5, 30000]",0.0,12.303100999997696
"['f17', 20, -10, 10, 15, 5, 20, 300, 5, 2.05, 2.5, 30000]",1.7064399748800696e-07,12.327323999998043
"['f17', 20, -10, 10, 15, 5, 20, 300, 5, 2.05, 2.5, 30000]",1.0265175006241023e-05,12.238115000000107
"['f17', 20, -10, 10, 15, 5, 20, 300, 5, 2.05, 2.5, 30000]",0.0,12.47281600000133
"['f17', 20, -10, 10, 15, 5, 20, 300, 5, 2.05, 2.5, 30000]",0.0,12.509314999995695
"['f17', 20, -10, 10, 15, 5, 20, 300, 5, 2.05, 2.5, 30000]",0.0,12.407536999999138
"['f17', 20, -10, 10, 15, 5, 20, 300, 5, 2.05, 2.5, 30000]",0.0,12.371533000005002
"['f17', 20, -10, 10, 15, 5, 20, 300, 5, 2.05, 2.5, 30000]",5.805339535758236e-07,12.518932999999379
"['f17', 20, -10, 10, 15, 5, 20, 300, 5, 2.05, 2.5, 30000]",0.0,12.481913999996323
"['f17', 20, -10, 10, 15, 5, 20, 300, 5, 2.05, 2.5, 30000]",0.0005401030739637935,12.41247100000328
"['f17', 20, -10, 10, 15, 10, 5, 300, 5, 2.05, 2.5, 26250]",0.0,10.63736400000198
"['f17', 20, -10, 10, 15, 10, 5, 300, 5, 2.05, 2.5, 26250]",0.0,10.892909000001964
"['f17', 20, -10, 10, 15, 10, 5, 300, 5, 2.05, 2.5, 26250]",0.0,10.498032999996212
"['f17', 20, -10, 10, 15, 10, 5, 300, 5, 2.05, 2.5, 26250]",9.442302495443755e-11,10.722246999997878
"['f17', 20, -10, 10, 15, 10, 5, 300, 5, 2.05, 2.5, 26250]",0.0,10.636473999998998
"['f17', 20, -10, 10, 15, 10, 5, 300, 5, 2.05, 2.5, 26250]",5.373656997154086e-08,10.615249000002223
"['f17', 20, -10, 10, 15, 10, 5, 300, 5, 2.05, 2.5, 26250]",0.0,10.805577999999514
"['f17', 20, -10, 10, 15, 10, 5, 300, 5, 2.05, 2.5, 26250]",0.0,10.73245300000417
"['f17', 20, -10, 10, 15, 10, 5, 300, 5, 2.05, 2.5, 26250]",0.0,10.576893999997992
"['f17', 20, -10, 10, 15, 10, 5, 300, 5, 2.05, 2.5, 26250]",0.0,10.722624999994878
"['f17', 20, -10, 10, 15, 10, 5, 300, 5, 2.05, 2.5, 26250]",0.0,10.850892000002204
"['f17', 20, -10, 10, 15, 10, 5, 300, 5, 2.05, 2.5, 26250]",0.0,10.743124000000535
"['f17', 20, -10, 10, 15, 10, 5, 300, 5, 2.05, 2.5, 26250]",0.0,10.732307000005676
"['f17', 20, -10, 10, 15, 10, 5, 300, 5, 2.05, 2.5, 26250]",0.0,10.615098000002035
"['f17', 20, -10, 10, 15, 10, 5, 300, 5, 2.05, 2.5, 26250]",0.0,10.72582799999509
"['f17', 20, -10, 10, 15, 10, 5, 300, 5, 2.05, 2.5, 26250]",1.8574034477136792e-07,10.587490999998408
"['f17', 20, -10, 10, 15, 10, 5, 300, 5, 2.05, 2.5, 26250]",0.0,10.49145700000372
"['f17', 20, -10, 10, 15, 10, 5, 300, 5, 2.05, 2.5, 26250]",0.0,10.789962999995623
"['f17', 20, -10, 10, 15, 10, 5, 300, 5, 2.05, 2.5, 26250]",0.0,10.848931000000448
"['f17', 20, -10, 10, 15, 10, 5, 300, 5, 2.05, 2.5, 26250]",0.0,10.712828999996418
"['f17', 20, -10, 10, 15, 10, 10, 300, 5, 2.05, 2.5, 30000]",0.0,12.640360999997938
"['f17', 20, -10, 10, 15, 10, 10, 300, 5, 2.05, 2.5, 30000]",0.0,12.361162000001059
"['f17', 20, -10, 10, 15, 10, 10, 300, 5, 2.05, 2.5, 30000]",2.2347313666237767e-08,12.525525999997626
"['f17', 20, -10, 10, 15, 10, 10, 300, 5, 2.05, 2.5, 30000]",0.0,12.302305000004708
"['f17', 20, -10, 10, 15, 10, 10, 300, 5, 2.05, 2.5, 30000]",0.0,12.218511999999464
"['f17', 20, -10, 10, 15, 10, 10, 300, 5, 2.05, 2.5, 30000]",0.0,12.21050099999411
"['f17', 20, -10, 10, 15, 10, 10, 300, 5, 2.05, 2.5, 30000]",0.0,12.279977999998664
"['f17', 20, -10, 10, 15, 10, 10, 300, 5, 2.05, 2.5, 30000]",0.0,12.564072000001033
"['f17', 20, -10, 10, 15, 10, 10, 300, 5, 2.05, 2.5, 30000]",0.0,12.395293000001402
"['f17', 20, -10, 10, 15, 10, 10, 300, 5, 2.05, 2.5, 30000]",0.0,12.2235939999955
"['f17', 20, -10, 10, 15, 10, 10, 300, 5, 2.05, 2.5, 30000]",1.259635071804155e-07,12.282270999996399
"['f17', 20, -10, 10, 15, 10, 10, 300, 5, 2.05, 2.5, 30000]",0.0,12.026037999996333
"['f17', 20, -10, 10, 15, 10, 10, 300, 5, 2.05, 2.5, 30000]",0.0,12.42101100000582
"['f17', 20, -10, 10, 15, 10, 10, 300, 5, 2.05, 2.5, 30000]",0.0,12.455368999995699
"['f17', 20, -10, 10, 15, 10, 10, 300, 5, 2.05, 2.5, 30000]",0.0,12.282172999999602
"['f17', 20, -10, 10, 15, 10, 10, 300, 5, 2.05, 2.5, 30000]",5.967688565533535e-10,12.29418699999951
"['f17', 20, -10, 10, 15, 10, 10, 300, 5, 2.05, 2.5, 30000]",0.0,12.72565300000133
"['f17', 20, -10, 10, 15, 10, 10, 300, 5, 2.05, 2.5, 30000]",0.0,12.592680000001565
"['f17', 20, -10, 10, 15, 10, 10, 300, 5, 2.05, 2.5, 30000]",0.0,12.388461999995343
"['f17', 20, -10, 10, 15, 10, 10, 300, 5, 2.05, 2.5, 30000]",0.0,12.590642000002845
"['f17', 20, -10, 10, 15, 20, 5, 300, 5, 2.05, 2.5, 30000]",0.0,12.224938999999722
"['f17', 20, -10, 10, 15, 20, 5, 300, 5, 2.05, 2.5, 30000]",0.0,12.389475000003586
"['f17', 20, -10, 10, 15, 20, 5, 300, 5, 2.05, 2.5, 30000]",0.0,12.229753999999957
"['f17', 20, -10, 10, 15, 20, 5, 300, 5, 2.05, 2.5, 30000]",0.0,12.947657000004256
"['f17', 20, -10, 10, 15, 20, 5, 300, 5, 2.05, 2.5, 30000]",4.902035444231956e-09,12.297583999999915
"['f17', 20, -10, 10, 15, 20, 5, 300, 5, 2.05, 2.5, 30000]",0.0,12.14404900000227
"['f17', 20, -10, 10, 15, 20, 5, 300, 5, 2.05, 2.5, 30000]",3.670586057324954e-11,12.202832000002672
"['f17', 20, -10, 10, 15, 20, 5, 300, 5, 2.05, 2.5, 30000]",2.92497881471121e-09,12.176144999997632
"['f17', 20, -10, 10, 15, 20, 5, 300, 5, 2.05, 2.5, 30000]",6.14613756555471e-06,12.27817800000048
"['f17', 20, -10, 10, 15, 20, 5, 300, 5, 2.05, 2.5, 30000]",0.0,12.353585999997449
"['f17', 20, -10, 10, 15, 20, 5, 300, 5, 2.05, 2.5, 30000]",0.0,12.40553799999907
"['f17', 20, -10, 10, 15, 20, 5, 300, 5, 2.05, 2.5, 30000]",0.0,12.536875999998301
"['f17', 20, -10, 10, 15, 20, 5, 300, 5, 2.05, 2.5, 30000]",0.0,12.357163000000583
"['f17', 20, -10, 10, 15, 20, 5, 300, 5, 2.05, 2.5, 30000]",0.0,12.120503000005556
"['f17', 20, -10, 10, 15, 20, 5, 300, 5, 2.05, 2.5, 30000]",0.0,12.192015000000538
"['f17', 20, -10, 10, 15, 20, 5, 300, 5, 2.05, 2.5, 30000]",1.8380489685831947e-08,12.3216059999977
"['f17', 20, -10, 10, 15, 20, 5, 300, 5, 2.05, 2.5, 30000]",0.0,12.346470000004047
"['f17', 20, -10, 10, 15, 20, 5, 300, 5, 2.05, 2.5, 30000]",3.2503342073386676e-07,12.498637000004237
"['f17', 20, -10, 10, 15, 20, 5, 300, 5, 2.05, 2.5, 30000]",5.831443206094633e-08,12.61377899999934
"['f17', 20, -10, 10, 15, 20, 5, 300, 5, 2.05, 2.5, 30000]",0.0,12.394225000003644
"['f17', 20, -100, 100, 15, 5, 10, 300, 5, 2.05, 2.5, 26250]",0.0,10.943843000000925
"['f17', 20, -100, 100, 15, 5, 10, 300, 5, 2.05, 2.5, 26250]",0.0,10.554894000000786
"['f17', 20, -100, 100, 15, 5, 10, 300, 5, 2.05, 2.5, 26250]",0.0,10.676605000000563
"['f17', 20, -100, 100, 15, 5, 10, 300, 5, 2.05, 2.5, 26250]",0.0,10.786014000004798
"['f17', 20, -100, 100, 15, 5, 10, 300, 5, 2.05, 2.5, 26250]",0.0,10.5892989999993
"['f17', 20, -100, 100, 15, 5, 10, 300, 5, 2.05, 2.5, 26250]",0.0,10.900102999999945
"['f17', 20, -100, 100, 15, 5, 10, 300, 5, 2.05, 2.5, 26250]",0.0,10.436356000005617
"['f17', 20, -100, 100, 15, 5, 10, 300, 5, 2.05, 2.5, 26250]",0.0,10.660321000003023
"['f17', 20, -100, 100, 15, 5, 10, 300, 5, 2.05, 2.5, 26250]",0.0,10.694252000001143
"['f17', 20, -100, 100, 15, 5, 10, 300, 5, 2.05, 2.5, 26250]",1.0462264450523615,10.429337000001397
"['f17', 20, -100, 100, 15, 5, 10, 300, 5, 2.05, 2.5, 26250]",0.0,10.437786000002234
"['f17', 20, -100, 100, 15, 5, 10, 300, 5, 2.05, 2.5, 26250]",0.0,10.68901399999595
"['f17', 20, -100, 100, 15, 5, 10, 300, 5, 2.05, 2.5, 26250]",0.0,10.640937999996822
"['f17', 20, -100, 100, 15, 5, 10, 300, 5, 2.05, 2.5, 26250]",0.0,10.754237000001012
"['f17', 20, -100, 100, 15, 5, 10, 300, 5, 2.05, 2.5, 26250]",0.0,10.548695999998017
"['f17', 20, -100, 100, 15, 5, 10, 300, 5, 2.05, 2.5, 26250]",2.8363925040269145,10.535451000003377
"['f17', 20, -100, 100, 15, 5, 10, 300, 5, 2.05, 2.5, 26250]",0.0,10.798901000001933
"['f17', 20, -100, 100, 15, 5, 10, 300, 5, 2.05, 2.5, 26250]",0.0,10.808022000004712
"['f17', 20, -100, 100, 15, 5, 10, 300, 5, 2.05, 2.5, 26250]",0.0,10.623414000001503
"['f17', 20, -100, 100, 15, 5, 10, 300, 5, 2.05, 2.5, 26250]",0.0,10.722869999997783
"['f17', 20, -100, 100, 15, 5, 20, 300, 5, 2.05, 2.5, 30000]",0.0,12.580322000001615
"['f17', 20, -100, 100, 15, 5, 20, 300, 5, 2.05, 2.5, 30000]",0.0,12.644959999997809
"['f17', 20, -100, 100, 15, 5, 20, 300, 5, 2.05, 2.5, 30000]",1.1182005606563952,12.432596999999078
"['f17', 20, -100, 100, 15, 5, 20, 300, 5, 2.05, 2.5, 30000]",0.0,12.511590000001888
"['f17', 20, -100, 100, 15, 5, 20, 300, 5, 2.05, 2.5, 30000]",0.0,12.370751000002201
"['f17', 20, -100, 100, 15, 5, 20, 300, 5, 2.05, 2.5, 30000]",0.0,12.33078199999727
"['f17', 20, -100, 100, 15, 5, 20, 300, 5, 2.05, 2.5, 30000]",0.0,12.339462999996613
"['f17', 20, -100, 100, 15, 5, 20, 300, 5, 2.05, 2.5, 30000]",0.0,12.453009000004386
"['f17', 20, -100, 100, 15, 5, 20, 300, 5, 2.05, 2.5, 30000]",1.45815766380136,12.388403000004473
"['f17', 20, -100, 100, 15, 5, 20, 300, 5, 2.05, 2.5, 30000]",1.1957412247195502,12.394716000002518
"['f17', 20, -100, 100, 15, 5, 20, 300, 5, 2.05, 2.5, 30000]",1.0239076624307006,12.26821899999777
"['f17', 20, -100, 100, 15, 5, 20, 300, 5, 2.05, 2.5, 30000]",0.0019462735987212376,12.373592000003555
"['f17', 20, -100, 100, 15, 5, 20, 300, 5, 2.05, 2.5, 30000]",1.0238469652190993,12.599286000004213
"['f17', 20, -100, 100, 15, 5, 20, 300, 5, 2.05, 2.5, 30000]",0.0,12.413064000000304
"['f17', 20, -100, 100, 15, 5, 20, 300, 5, 2.05, 2.5, 30000]",1.8758219416661857,12.49928799999907
"['f17', 20, -100, 100, 15, 5, 20, 300, 5, 2.05, 2.5, 30000]",0.0,12.274141000001691
"['f17', 20, -100, 100, 15, 5, 20, 300, 5, 2.05, 2.5, 30000]",0.0,12.688219999996363
"['f17', 20, -100, 100, 15, 5, 20, 300, 5, 2.05, 2.5, 30000]",0.0,12.283603999996558
"['f17', 20, -100, 100, 15, 5, 20, 300, 5, 2.05, 2.5, 30000]",0.0,12.451718999996956
"['f17', 20, -100, 100, 15, 5, 20, 300, 5, 2.05, 2.5, 30000]",2.1935381271601093,12.609610999999859
"['f17', 20, -100, 100, 15, 10, 5, 300, 5, 2.05, 2.5, 26250]",0.0,10.651002999999037
"['f17', 20, -100, 100, 15, 10, 5, 300, 5, 2.05, 2.5, 26250]",0.0,10.714366000000155
"['f17', 20, -100, 100, 15, 10, 5, 300, 5, 2.05, 2.5, 26250]",7.147239105169196,10.914390000005369
"['f17', 20, -100, 100, 15, 10, 5, 300, 5, 2.05, 2.5, 26250]",0.0,10.832523999997647
"['f17', 20, -100, 100, 15, 10, 5, 300, 5, 2.05, 2.5, 26250]",0.0,10.817180999998527
"['f17', 20, -100, 100, 15, 10, 5, 300, 5, 2.05, 2.5, 26250]",1.0464348209298366,10.561283000002732
"['f17', 20, -100, 100, 15, 10, 5, 300, 5, 2.05, 2.5, 26250]",2.353519942323805,10.722433999995701
"['f17', 20, -100, 100, 15, 10, 5, 300, 5, 2.05, 2.5, 26250]",0.0,10.88789099999849
"['f17', 20, -100, 100, 15, 10, 5, 300, 5, 2.05, 2.5, 26250]",0.0,10.587719000002835
"['f17', 20, -100, 100, 15, 10, 5, 300, 5, 2.05, 2.5, 26250]",1.95265823102355,10.667098000005353
"['f17', 20, -100, 100, 15, 10, 5, 300, 5, 2.05, 2.5, 26250]",0.0,10.866456999996444
"['f17', 20, -100, 100, 15, 10, 5, 300, 5, 2.05, 2.5, 26250]",0.0,10.684951999995974
"['f17', 20, -100, 100, 15, 10, 5, 300, 5, 2.05, 2.5, 26250]",0.0,10.657314999996743
"['f17', 20, -100, 100, 15, 10, 5, 300, 5, 2.05, 2.5, 26250]",0.0,10.77226299999893
"['f17', 20, -100, 100, 15, 10, 5, 300, 5, 2.05, 2.5, 26250]",0.0,11.037387999997009
"['f17', 20, -100, 100, 15, 10, 5, 300, 5, 2.05, 2.5, 26250]",0.0,10.492369999999937
"['f17', 20, -100, 100, 15, 10, 5, 300, 5, 2.05, 2.5, 26250]",1.2022734767719196,10.587192999999388
"['f17', 20, -100, 100, 15, 10, 5, 300, 5, 2.05, 2.5, 26250]",0.0,10.71518699999433
"['f17', 20, -100, 100, 15, 10, 5, 300, 5, 2.05, 2.5, 26250]",0.0,10.791995999999926
"['f17', 20, -100, 100, 15, 10, 5, 300, 5, 2.05, 2.5, 26250]",1.6107666285771094,10.617740999994567
"['f17', 20, -100, 100, 15, 10, 10, 300, 5, 2.05, 2.5, 30000]",0.06594688123065695,12.624675999999454
"['f17', 20, -100, 100, 15, 10, 10, 300, 5, 2.05, 2.5, 30000]",0.0,12.530582999999751
"['f17', 20, -100, 100, 15, 10, 10, 300, 5, 2.05, 2.5, 30000]",0.0,12.422230999996827
"['f17', 20, -100, 100, 15, 10, 10, 300, 5, 2.05, 2.5, 30000]",0.0,12.44207599999936
"['f17', 20, -100, 100, 15, 10, 10, 300, 5, 2.05, 2.5, 30000]",0.0,12.225076000002446
"['f17', 20, -100, 100, 15, 10, 10, 300, 5, 2.05, 2.5, 30000]",0.0,12.227935000002617
"['f17', 20, -100, 100, 15, 10, 10, 300, 5, 2.05, 2.5, 30000]",0.0,12.486017000002903
"['f17', 20, -100, 100, 15, 10, 10, 300, 5, 2.05, 2.5, 30000]",0.0,12.4064520000029
"['f17', 20, -100, 100, 15, 10, 10, 300, 5, 2.05, 2.5, 30000]",0.0,12.419465999999375
"['f17', 20, -100, 100, 15, 10, 10, 300, 5, 2.05, 2.5, 30000]",0.0,12.337610000002314
"['f17', 20, -100, 100, 15, 10, 10, 300, 5, 2.05, 2.5, 30000]",0.0,12.304535000002943
"['f17', 20, -100, 100, 15, 10, 10, 300, 5, 2.05, 2.5, 30000]",0.0,12.259582999999111
"['f17', 20, -100, 100, 15, 10, 10, 300, 5, 2.05, 2.5, 30000]",0.0,12.310686999997415
"['f17', 20, -100, 100, 15, 10, 10, 300, 5, 2.05, 2.5, 30000]",1.6518746614090984,12.36961799999699
"['f17', 20, -100, 100, 15, 10, 10, 300, 5, 2.05, 2.5, 30000]",1.2564408228768937,12.340087999997195
"['f17', 20, -100, 100, 15, 10, 10, 300, 5, 2.05, 2.5, 30000]",0.0,12.434392999995907
"['f17', 20, -100, 100, 15, 10, 10, 300, 5, 2.05, 2.5, 30000]",0.0,12.623403999998118
"['f17', 20, -100, 100, 15, 10, 10, 300, 5, 2.05, 2.5, 30000]",0.0,12.59487999999692
"['f17', 20, -100, 100, 15, 10, 10, 300, 5, 2.05, 2.5, 30000]",0.0,12.234996999999566
"['f17', 20, -100, 100, 15, 10, 10, 300, 5, 2.05, 2.5, 30000]",0.0,12.44690399999672
"['f17', 20, -100, 100, 15, 20, 5, 300, 5, 2.05, 2.5, 30000]",0.0,12.364480999996886
"['f17', 20, -100, 100, 15, 20, 5, 300, 5, 2.05, 2.5, 30000]",0.0,12.239562999995542
"['f17', 20, -100, 100, 15, 20, 5, 300, 5, 2.05, 2.5, 30000]",0.0,12.151549000001978
"['f17', 20, -100, 100, 15, 20, 5, 300, 5, 2.05, 2.5, 30000]",0.0,12.499683999994886
"['f17', 20, -100, 100, 15, 20, 5, 300, 5, 2.05, 2.5, 30000]",0.0,12.442066999996314
"['f17', 20, -100, 100, 15, 20, 5, 300, 5, 2.05, 2.5, 30000]",0.0,12.552588999998989
"['f17', 20, -100, 100, 15, 20, 5, 300, 5, 2.05, 2.5, 30000]",0.0,12.493505999998888
"['f17', 20, -100, 100, 15, 20, 5, 300, 5, 2.05, 2.5, 30000]",0.0,12.374612999999954
"['f17', 20, -100, 100, 15, 20, 5, 300, 5, 2.05, 2.5, 30000]",0.0,12.476119999999355
"['f17', 20, -100, 100, 15, 20, 5, 300, 5, 2.05, 2.5, 30000]",0.0,12.733087000000523
"['f17', 20, -100, 100, 15, 20, 5, 300, 5, 2.05, 2.5, 30000]",0.0,12.427637000000686
"['f17', 20, -100, 100, 15, 20, 5, 300, 5, 2.05, 2.5, 30000]",0.0,12.523058999999193
"['f17', 20, -100, 100, 15, 20, 5, 300, 5, 2.05, 2.5, 30000]",0.0,12.505789000002551
"['f17', 20, -100, 100, 15, 20, 5, 300, 5, 2.05, 2.5, 30000]",4.241835628043659,12.395612000000256
"['f17', 20, -100, 100, 15, 20, 5, 300, 5, 2.05, 2.5, 30000]",0.0,12.410717999999179
"['f17', 20, -100, 100, 15, 20, 5, 300, 5, 2.05, 2.5, 30000]",0.0,12.557424000005994
"['f17', 20, -100, 100, 15, 20, 5, 300, 5, 2.05, 2.5, 30000]",0.0,12.520688999997219
"['f17', 20, -100, 100, 15, 20, 5, 300, 5, 2.05, 2.5, 30000]",0.0,12.333779000000504
"['f17', 20, -100, 100, 15, 20, 5, 300, 5, 2.05, 2.5, 30000]",0.0,12.406399999999849
"['f17', 20, -100, 100, 15, 20, 5, 300, 5, 2.05, 2.5, 30000]",0.0,12.543790999996418
"['f17', 30, -10, 10, 15, 5, 10, 300, 5, 2.05, 2.5, 26250]",0.0,13.408814000002167
"['f17', 30, -10, 10, 15, 5, 10, 300, 5, 2.05, 2.5, 26250]",0.0,13.73920999999973
"['f17', 30, -10, 10, 15, 5, 10, 300, 5, 2.05, 2.5, 26250]",0.0,13.598320999997668
"['f17', 30, -10, 10, 15, 5, 10, 300, 5, 2.05, 2.5, 26250]",0.0,13.650369999995746
"['f17', 30, -10, 10, 15, 5, 10, 300, 5, 2.05, 2.5, 26250]",0.0,13.42018200000166
"['f17', 30, -10, 10, 15, 5, 10, 300, 5, 2.05, 2.5, 26250]",1.925903880817259e-12,13.428509000004851
"['f17', 30, -10, 10, 15, 5, 10, 300, 5, 2.05, 2.5, 26250]",0.0,13.530787000003329
"['f17', 30, -10, 10, 15, 5, 10, 300, 5, 2.05, 2.5, 26250]",0.0,13.417327999995905
"['f17', 30, -10, 10, 15, 5, 10, 300, 5, 2.05, 2.5, 26250]",0.0,13.458613000002515
"['f17', 30, -10, 10, 15, 5, 10, 300, 5, 2.05, 2.5, 26250]",0.0,13.59760400000232
"['f17', 30, -10, 10, 15, 5, 10, 300, 5, 2.05, 2.5, 26250]",0.0,13.219922000003862
"['f17', 30, -10, 10, 15, 5, 10, 300, 5, 2.05, 2.5, 26250]",0.0,13.259025999999722
"['f17', 30, -10, 10, 15, 5, 10, 300, 5, 2.05, 2.5, 26250]",0.0,13.61659199999849
"['f17', 30, -10, 10, 15, 5, 10, 300, 5, 2.05, 2.5, 26250]",0.0,13.460696000001917
"['f17', 30, -10, 10, 15, 5, 10, 300, 5, 2.05, 2.5, 26250]",0.0,13.274872000001778
"['f17', 30, -10, 10, 15, 5, 10, 300, 5, 2.05, 2.5, 26250]",0.0,13.231976999995823
"['f17', 30, -10, 10, 15, 5, 10, 300, 5, 2.05, 2.5, 26250]",0.0,13.278521000000183
"['f17', 30, -10, 10, 15, 5, 10, 300, 5, 2.05, 2.5, 26250]",0.0,13.302760999999009
"['f17', 30, -10, 10, 15, 5, 10, 300, 5, 2.05, 2.5, 26250]",0.0,13.557686000000103
"['f17', 30, -10, 10, 15, 5, 10, 300, 5, 2.05, 2.5, 26250]",0.0,13.394019999999728
"['f17', 30, -10, 10, 15, 5, 20, 300, 5, 2.05, 2.5, 30000]",0.0,15.721331000000646
"['f17', 30, -10, 10, 15, 5, 20, 300, 5, 2.05, 2.5, 30000]",0.0,15.579518999998982
"['f17', 30, -10, 10, 15, 5, 20, 300, 5, 2.05, 2.5, 30000]",0.0,15.982514999996056
"['f17', 30, -10, 10, 15, 5, 20, 300, 5, 2.05, 2.5, 30000]",0.0,15.69256000000314
"['f17', 30, -10, 10, 15, 5, 20, 300, 5, 2.05, 2.5, 30000]",2.6943436370885365e-10,15.816861999999674
"['f17', 30, -10, 10, 15, 5, 20, 300, 5, 2.05, 2.5, 30000]",0.0,16.18054999999731
"['f17', 30, -10, 10, 15, 5, 20, 300, 5, 2.05, 2.5, 30000]",0.0,15.681960000001709
"['f17', 30, -10, 10, 15, 5, 20, 300, 5, 2.05, 2.5, 30000]",0.0,15.621161000002758
"['f17', 30, -10, 10, 15, 5, 20, 300, 5, 2.05, 2.5, 30000]",0.0,15.68142600000283
"['f17', 30, -10, 10, 15, 5, 20, 300, 5, 2.05, 2.5, 30000]",1.8945844892925834e-11,15.84295099999872
"['f17', 30, -10, 10, 15, 5, 20, 300, 5, 2.05, 2.5, 30000]",0.0,15.863738000000012
"['f17', 30, -10, 10, 15, 5, 20, 300, 5, 2.05, 2.5, 30000]",0.0,15.624035000000731
"['f17', 30, -10, 10, 15, 5, 20, 300, 5, 2.05, 2.5, 30000]",1.4746204257676254e-11,16.00892400000157
"['f17', 30, -10, 10, 15, 5, 20, 300, 5, 2.05, 2.5, 30000]",0.0,15.704703999996127
"['f17', 30, -10, 10, 15, 5, 20, 300, 5, 2.05, 2.5, 30000]",0.0,15.394558999993023
"['f17', 30, -10, 10, 15, 5, 20, 300, 5, 2.05, 2.5, 30000]",0.0,15.94120099999418
"['f17', 30, -10, 10, 15, 5, 20, 300, 5, 2.05, 2.5, 30000]",9.589956606603778e-10,15.77108600000065
"['f17', 30, -10, 10, 15, 5, 20, 300, 5, 2.05, 2.5, 30000]",0.0,15.787098000000697
"['f17', 30, -10, 10, 15, 5, 20, 300, 5, 2.05, 2.5, 30000]",0.0,15.66287100000045
"['f17', 30, -10, 10, 15, 5, 20, 300, 5, 2.05, 2.5, 30000]",0.0,15.96182399999816
"['f17', 30, -10, 10, 15, 10, 5, 300, 5, 2.05, 2.5, 26250]",9.373523623956714e-09,13.54801099999895
"['f17', 30, -10, 10, 15, 10, 5, 300, 5, 2.05, 2.5, 26250]",0.0,13.502832999998645
"['f17', 30, -10, 10, 15, 10, 5, 300, 5, 2.05, 2.5, 26250]",0.0,13.44421400000283
"['f17', 30, -10, 10, 15, 10, 5, 300, 5, 2.05, 2.5, 26250]",0.0,13.69872999999643
"['f17', 30, -10, 10, 15, 10, 5, 300, 5, 2.05, 2.5, 26250]",0.0,14.138122999996995
"['f17', 30, -10, 10, 15, 10, 5, 300, 5, 2.05, 2.5, 26250]",0.0,13.38445800000045
"['f17', 30, -10, 10, 15, 10, 5, 300, 5, 2.05, 2.5, 26250]",0.0,13.695336000004318
"['f17', 30, -10, 10, 15, 10, 5, 300, 5, 2.05, 2.5, 26250]",1.9362157023250504e-06,13.624211000002106
"['f17', 30, -10, 10, 15, 10, 5, 300, 5, 2.05, 2.5, 26250]",0.0,13.36152199999924
"['f17', 30, -10, 10, 15, 10, 5, 300, 5, 2.05, 2.5, 26250]",0.0,13.606748999998672
"['f17', 30, -10, 10, 15, 10, 5, 300, 5, 2.05, 2.5, 26250]",0.0,13.827553000002808
"['f17', 30, -10, 10, 15, 10, 5, 300, 5, 2.05, 2.5, 26250]",0.0,13.586325999996916
"['f17', 30, -10, 10, 15, 10, 5, 300, 5, 2.05, 2.5, 26250]",0.0,14.080919999993057
"['f17', 30, -10, 10, 15, 10, 5, 300, 5, 2.05, 2.5, 26250]",0.0,13.871894999996584
"['f17', 30, -10, 10, 15, 10, 5, 300, 5, 2.05, 2.5, 26250]",0.0,13.495101999993494
"['f17', 30, -10, 10, 15, 10, 5, 300, 5, 2.05, 2.5, 26250]",0.0,13.53903100000025
"['f17', 30, -10, 10, 15, 10, 5, 300, 5, 2.05, 2.5, 26250]",0.0,13.74724900000001
"['f17', 30, -10, 10, 15, 10, 5, 300, 5, 2.05, 2.5, 26250]",2.5008883852706276e-12,13.635520000003453
"['f17', 30, -10, 10, 15, 10, 5, 300, 5, 2.05, 2.5, 26250]",1.2526313319938254e-11,13.502175000001444
"['f17', 30, -10, 10, 15, 10, 5, 300, 5, 2.05, 2.5, 26250]",0.0,13.591208999998344
"['f17', 30, -10, 10, 15, 10, 10, 300, 5, 2.05, 2.5, 30000]",6.654343742695801e-12,15.492735999992874
"['f17', 30, -10, 10, 15, 10, 10, 300, 5, 2.05, 2.5, 30000]",0.0,15.813872999999148
"['f17', 30, -10, 10, 15, 10, 10, 300, 5, 2.05, 2.5, 30000]",0.0,15.578225999997812
"['f17', 30, -10, 10, 15, 10, 10, 300, 5, 2.05, 2.5, 30000]",0.0,15.757831000002625
"['f17', 30, -10, 10, 15, 10, 10, 300, 5, 2.05, 2.5, 30000]",0.0,15.590758000005735
"['f17', 30, -10, 10, 15, 10, 10, 300, 5, 2.05, 2.5, 30000]",0.0,15.722771000000648
"['f17', 30, -10, 10, 15, 10, 10, 300, 5, 2.05, 2.5, 30000]",0.0,15.625354999996489
"['f17', 30, -10, 10, 15, 10, 10, 300, 5, 2.05, 2.5, 30000]",7.268341136246192e-05,15.815859999995155
"['f17', 30, -10, 10, 15, 10, 10, 300, 5, 2.05, 2.5, 30000]",0.0,15.778494000005594
"['f17', 30, -10, 10, 15, 10, 10, 300, 5, 2.05, 2.5, 30000]",0.0,15.598703000003297
"['f17', 30, -10, 10, 15, 10, 10, 300, 5, 2.05, 2.5, 30000]",6.235714690605576e-06,15.64258300000074
"['f17', 30, -10, 10, 15, 10, 10, 300, 5, 2.05, 2.5, 30000]",0.0,15.747371999997995
"['f17', 30, -10, 10, 15, 10, 10, 300, 5, 2.05, 2.5, 30000]",0.0,15.623596000004909
"['f17', 30, -10, 10, 15, 10, 10, 300, 5, 2.05, 2.5, 30000]",1.475897183245145e-06,15.772797000005085
"['f17', 30, -10, 10, 15, 10, 10, 300, 5, 2.05, 2.5, 30000]",0.0,15.712662000005366
"['f17', 30, -10, 10, 15, 10, 10, 300, 5, 2.05, 2.5, 30000]",0.0,15.76986300000135
"['f17', 30, -10, 10, 15, 10, 10, 300, 5, 2.05, 2.5, 30000]",0.00012016823216598471,15.718564000002516
"['f17', 30, -10, 10, 15, 10, 10, 300, 5, 2.05, 2.5, 30000]",0.0,15.679701999993995
"['f17', 30, -10, 10, 15, 10, 10, 300, 5, 2.05, 2.5, 30000]",0.00020932444156285257,15.862238000001526
"['f17', 30, -10, 10, 15, 10, 10, 300, 5, 2.05, 2.5, 30000]",0.0,18.110161000004155
"['f17', 30, -10, 10, 15, 20, 5, 300, 5, 2.05, 2.5, 30000]",9.919221066745365e-08,15.483263000001898
"['f17', 30, -10, 10, 15, 20, 5, 300, 5, 2.05, 2.5, 30000]",0.0,15.59037299999909
"['f17', 30, -10, 10, 15, 20, 5, 300, 5, 2.05, 2.5, 30000]",1.5883591442111822e-08,16.123726999998325
"['f17', 30, -10, 10, 15, 20, 5, 300, 5, 2.05, 2.5, 30000]",0.0,15.901287000000593
"['f17', 30, -10, 10, 15, 20, 5, 300, 5, 2.05, 2.5, 30000]",2.272169397077306e-08,15.659031999995932
"['f17', 30, -10, 10, 15, 20, 5, 300, 5, 2.05, 2.5, 30000]",0.0,15.683226999994076
"['f17', 30, -10, 10, 15, 20, 5, 300, 5, 2.05, 2.5, 30000]",0.0,15.916229000002204
"['f17', 30, -10, 10, 15, 20, 5, 300, 5, 2.05, 2.5, 30000]",0.0,15.661428999999771
"['f17', 30, -10, 10, 15, 20, 5, 300, 5, 2.05, 2.5, 30000]",0.0,15.660491000002366
"['f17', 30, -10, 10, 15, 20, 5, 300, 5, 2.05, 2.5, 30000]",0.0,16.268639000001713
"['f17', 30, -10, 10, 15, 20, 5, 300, 5, 2.05, 2.5, 30000]",0.0,15.724860000002082
"['f17', 30, -10, 10, 15, 20, 5, 300, 5, 2.05, 2.5, 30000]",9.992007221626409e-16,15.886030000001483
"['f17', 30, -10, 10, 15, 20, 5, 300, 5, 2.05, 2.5, 30000]",0.0,15.7633679999999
"['f17', 30, -10, 10, 15, 20, 5, 300, 5, 2.05, 2.5, 30000]",0.0,15.963882999996713
"['f17', 30, -10, 10, 15, 20, 5, 300, 5, 2.05, 2.5, 30000]",0.0,15.860589000003529
"['f17', 30, -10, 10, 15, 20, 5, 300, 5, 2.05, 2.5, 30000]",0.0,15.918636000002152
"['f17', 30, -10, 10, 15, 20, 5, 300, 5, 2.05, 2.5, 30000]",0.0,15.688353999998071
"['f17', 30, -10, 10, 15, 20, 5, 300, 5, 2.05, 2.5, 30000]",0.0,15.716871999997238
"['f17', 30, -10, 10, 15, 20, 5, 300, 5, 2.05, 2.5, 30000]",0.0,15.639138999998977
"['f17', 30, -10, 10, 15, 20, 5, 300, 5, 2.05, 2.5, 30000]",0.0,15.843463999997766
"['f17', 30, -100, 100, 15, 5, 10, 300, 5, 2.05, 2.5, 26250]",0.0,13.679947000004177
"['f17', 30, -100, 100, 15, 5, 10, 300, 5, 2.05, 2.5, 26250]",0.0,13.381664000000455
"['f17', 30, -100, 100, 15, 5, 10, 300, 5, 2.05, 2.5, 26250]",1.268410159320686,13.57427099999768
"['f17', 30, -100, 100, 15, 5, 10, 300, 5, 2.05, 2.5, 26250]",1.6422971821520786,13.40107299999363
"['f17', 30, -100, 100, 15, 5, 10, 300, 5, 2.05, 2.5, 26250]",0.0,13.448193999996874
"['f17', 30, -100, 100, 15, 5, 10, 300, 5, 2.05, 2.5, 26250]",0.02943138013950819,13.757204000001366
"['f17', 30, -100, 100, 15, 5, 10, 300, 5, 2.05, 2.5, 26250]",0.0,13.77341599999636
"['f17', 30, -100, 100, 15, 5, 10, 300, 5, 2.05, 2.5, 26250]",1.165873899972161,13.50348600000143
"['f17', 30, -100, 100, 15, 5, 10, 300, 5, 2.05, 2.5, 26250]",1.0253138828781725,13.48808999999892
"['f17', 30, -100, 100, 15, 5, 10, 300, 5, 2.05, 2.5, 26250]",0.0,14.15744299999642
"['f17', 30, -100, 100, 15, 5, 10, 300, 5, 2.05, 2.5, 26250]",0.0,13.27613299999939
"['f17', 30, -100, 100, 15, 5, 10, 300, 5, 2.05, 2.5, 26250]",0.0,13.440678999999363
"['f17', 30, -100, 100, 15, 5, 10, 300, 5, 2.05, 2.5, 26250]",0.0,13.368851999999606
"['f17', 30, -100, 100, 15, 5, 10, 300, 5, 2.05, 2.5, 26250]",0.0,13.56539000000339
"['f17', 30, -100, 100, 15, 5, 10, 300, 5, 2.05, 2.5, 26250]",0.0,13.85596099999384
"['f17', 30, -100, 100, 15, 5, 10, 300, 5, 2.05, 2.5, 26250]",0.0,13.896699999997509
"['f17', 30, -100, 100, 15, 5, 10, 300, 5, 2.05, 2.5, 26250]",0.0,13.638269000002765
"['f17', 30, -100, 100, 15, 5, 10, 300, 5, 2.05, 2.5, 26250]",0.0,13.50286899999628
"['f17', 30, -100, 100, 15, 5, 10, 300, 5, 2.05, 2.5, 26250]",0.0,13.938464000006206
"['f17', 30, -100, 100, 15, 5, 10, 300, 5, 2.05, 2.5, 26250]",0.0,13.62644100000034
"['f17', 30, -100, 100, 15, 5, 20, 300, 5, 2.05, 2.5, 30000]",1.237474559463306,15.978121000000101
"['f17', 30, -100, 100, 15, 5, 20, 300, 5, 2.05, 2.5, 30000]",1.0038633933888335,15.815838000002259
"['f17', 30, -100, 100, 15, 5, 20, 300, 5, 2.05, 2.5, 30000]",2.21012787325201,15.739435999996203
"['f17', 30, -100, 100, 15, 5, 20, 300, 5, 2.05, 2.5, 30000]",0.0,15.700532000002568
"['f17', 30, -100, 100, 15, 5, 20, 300, 5, 2.05, 2.5, 30000]",0.0,16.024655000001076
"['f17', 30, -100, 100, 15, 5, 20, 300, 5, 2.05, 2.5, 30000]",0.0,16.03914700000314
"['f17', 30, -100, 100, 15, 5, 20, 300, 5, 2.05, 2.5, 30000]",0.0,16.14834300000075
"['f17', 30, -100, 100, 15, 5, 20, 300, 5, 2.05, 2.5, 30000]",0.0,15.779049999997369
"['f17', 30, -100, 100, 15, 5, 20, 300, 5, 2.05, 2.5, 30000]",0.0,15.97925099999702
"['f17', 30, -100, 100, 15, 5, 20, 300, 5, 2.05, 2.5, 30000]",0.0,15.783129999996163
"['f17', 30, -100, 100, 15, 5, 20, 300, 5, 2.05, 2.5, 30000]",0.0,15.838513000002422
"['f17', 30, -100, 100, 15, 5, 20, 300, 5, 2.05, 2.5, 30000]",1.2673364202181898,15.780332999995153
"['f17', 30, -100, 100, 15, 5, 20, 300, 5, 2.05, 2.5, 30000]",0.0,15.80525900000066
"['f17', 30, -100, 100, 15, 5, 20, 300, 5, 2.05, 2.5, 30000]",0.0,15.793002999998862
"['f17', 30, -100, 100, 15, 5, 20, 300, 5, 2.05, 2.5, 30000]",0.45864964683751397,15.697389999993902
"['f17', 30, -100, 100, 15, 5, 20, 300, 5, 2.05, 2.5, 30000]",0.0,15.832870999998704
"['f17', 30, -100, 100, 15, 5, 20, 300, 5, 2.05, 2.5, 30000]",1.0261404024878933,15.994229999996605
"['f17', 30, -100, 100, 15, 5, 20, 300, 5, 2.05, 2.5, 30000]",0.0,15.86616900000081
"['f17', 30, -100, 100, 15, 5, 20, 300, 5, 2.05, 2.5, 30000]",0.0,15.924769000004744
"['f17', 30, -100, 100, 15, 5, 20, 300, 5, 2.05, 2.5, 30000]",0.0,15.986620999996376
"['f17', 30, -100, 100, 15, 10, 5, 300, 5, 2.05, 2.5, 26250]",0.0,13.545269000002008
"['f17', 30, -100, 100, 15, 10, 5, 300, 5, 2.05, 2.5, 26250]",0.0,13.339161000003514
"['f17', 30, -100, 100, 15, 10, 5, 300, 5, 2.05, 2.5, 26250]",0.0,13.595354999997653
"['f17', 30, -100, 100, 15, 10, 5, 300, 5, 2.05, 2.5, 26250]",0.15962133154955738,13.558850000001257
"['f17', 30, -100, 100, 15, 10, 5, 300, 5, 2.05, 2.5, 26250]",0.019759217961565212,13.903212999997777
"['f17', 30, -100, 100, 15, 10, 5, 300, 5, 2.05, 2.5, 26250]",0.0,13.829509000002872
"['f17', 30, -100, 100, 15, 10, 5, 300, 5, 2.05, 2.5, 26250]",0.0,13.522105999996711
"['f17', 30, -100, 100, 15, 10, 5, 300, 5, 2.05, 2.5, 26250]",0.0,13.536913999996614
"['f17', 30, -100, 100, 15, 10, 5, 300, 5, 2.05, 2.5, 26250]",0.0,13.789562999998452
"['f17', 30, -100, 100, 15, 10, 5, 300, 5, 2.05, 2.5, 26250]",0.0,13.509396000001288
"['f17', 30, -100, 100, 15, 10, 5, 300, 5, 2.05, 2.5, 26250]",0.0,13.574870999997074
"['f17', 30, -100, 100, 15, 10, 5, 300, 5, 2.05, 2.5, 26250]",0.0,13.448001000004297
"['f17', 30, -100, 100, 15, 10, 5, 300, 5, 2.05, 2.5, 26250]",0.0,13.655275000004622
"['f17', 30, -100, 100, 15, 10, 5, 300, 5, 2.05, 2.5, 26250]",10.726571360335535,13.86702100000548
"['f17', 30, -100, 100, 15, 10, 5, 300, 5, 2.05, 2.5, 26250]",0.0,13.802442000000156
"['f17', 30, -100, 100, 15, 10, 5, 300, 5, 2.05, 2.5, 26250]",0.0,13.534434000001056
"['f17', 30, -100, 100, 15, 10, 5, 300, 5, 2.05, 2.5, 26250]",0.0,13.524513999996998
"['f17', 30, -100, 100, 15, 10, 5, 300, 5, 2.05, 2.5, 26250]",0.0,14.005505999994057
"['f17', 30, -100, 100, 15, 10, 5, 300, 5, 2.05, 2.5, 26250]",0.0,13.958112000000256
"['f17', 30, -100, 100, 15, 10, 5, 300, 5, 2.05, 2.5, 26250]",0.0,13.399496999998519
"['f17', 30, -100, 100, 15, 10, 10, 300, 5, 2.05, 2.5, 30000]",3.1274164614966398,15.851534000001266
"['f17', 30, -100, 100, 15, 10, 10, 300, 5, 2.05, 2.5, 30000]",0.0,15.928197000001092
"['f17', 30, -100, 100, 15, 10, 10, 300, 5, 2.05, 2.5, 30000]",0.0,15.981779000001552
"['f17', 30, -100, 100, 15, 10, 10, 300, 5, 2.05, 2.5, 30000]",0.0,15.845164999998815
"['f17', 30, -100, 100, 15, 10, 10, 300, 5, 2.05, 2.5, 30000]",0.0,15.875567000002775
"['f17', 30, -100, 100, 15, 10, 10, 300, 5, 2.05, 2.5, 30000]",0.0,15.782983000004606
"['f17', 30, -100, 100, 15, 10, 10, 300, 5, 2.05, 2.5, 30000]",1.1574014237193828,16.000346000000718
"['f17', 30, -100, 100, 15, 10, 10, 300, 5, 2.05, 2.5, 30000]",0.0,15.910512999995262
"['f17', 30, -100, 100, 15, 10, 10, 300, 5, 2.05, 2.5, 30000]",3.3598339214906416,16.424261000000115
"['f17', 30, -100, 100, 15, 10, 10, 300, 5, 2.05, 2.5, 30000]",0.0,16.01391799999692
"['f17', 30, -100, 100, 15, 10, 10, 300, 5, 2.05, 2.5, 30000]",0.0,15.555403000005754
"['f17', 30, -100, 100, 15, 10, 10, 300, 5, 2.05, 2.5, 30000]",0.0,15.810048999999708
"['f17', 30, -100, 100, 15, 10, 10, 300, 5, 2.05, 2.5, 30000]",0.0,16.23248700000113
"['f17', 30, -100, 100, 15, 10, 10, 300, 5, 2.05, 2.5, 30000]",0.0,15.957714000003762
"['f17', 30, -100, 100, 15, 10, 10, 300, 5, 2.05, 2.5, 30000]",0.7932103066352607,15.786987999999837
"['f17', 30, -100, 100, 15, 10, 10, 300, 5, 2.05, 2.5, 30000]",0.0,15.91449200000352
"['f17', 30, -100, 100, 15, 10, 10, 300, 5, 2.05, 2.5, 30000]",0.0,15.701375000004191
"['f17', 30, -100, 100, 15, 10, 10, 300, 5, 2.05, 2.5, 30000]",8.296914927199902,15.727736000000732
"['f17', 30, -100, 100, 15, 10, 10, 300, 5, 2.05, 2.5, 30000]",0.0,15.579404999996768
"['f17', 30, -100, 100, 15, 10, 10, 300, 5, 2.05, 2.5, 30000]",0.0,16.291137000000163
"['f17', 30, -100, 100, 15, 20, 5, 300, 5, 2.05, 2.5, 30000]",1.103010140984622,15.912499999998545
"['f17', 30, -100, 100, 15, 20, 5, 300, 5, 2.05, 2.5, 30000]",0.0,15.748884000000544
"['f17', 30, -100, 100, 15, 20, 5, 300, 5, 2.05, 2.5, 30000]",0.0,15.929251000001386
"['f17', 30, -100, 100, 15, 20, 5, 300, 5, 2.05, 2.5, 30000]",0.0,16.213393999998516
"['f17', 30, -100, 100, 15, 20, 5, 300, 5, 2.05, 2.5, 30000]",0.0,15.798919999993814
"['f17', 30, -100, 100, 15, 20, 5, 300, 5, 2.05, 2.5, 30000]",0.0,15.834596000000602
"['f17', 30, -100, 100, 15, 20, 5, 300, 5, 2.05, 2.5, 30000]",0.0,16.043182000001252
"['f17', 30, -100, 100, 15, 20, 5, 300, 5, 2.05, 2.5, 30000]",0.0,15.922523000001092
"['f17', 30, -100, 100, 15, 20, 5, 300, 5, 2.05, 2.5, 30000]",0.0,15.834711000003153
"['f17', 30, -100, 100, 15, 20, 5, 300, 5, 2.05, 2.5, 30000]",0.0,15.743983999993361
"['f17', 30, -100, 100, 15, 20, 5, 300, 5, 2.05, 2.5, 30000]",0.0,15.889690999996674
"['f17', 30, -100, 100, 15, 20, 5, 300, 5, 2.05, 2.5, 30000]",1.0324680726005766,15.799807000003057
"['f17', 30, -100, 100, 15, 20, 5, 300, 5, 2.05, 2.5, 30000]",0.0,15.57927500000369
"['f17', 30, -100, 100, 15, 20, 5, 300, 5, 2.05, 2.5, 30000]",0.0,15.95184600000357
"['f17', 30, -100, 100, 15, 20, 5, 300, 5, 2.05, 2.5, 30000]",0.0,16.180248999997275
"['f17', 30, -100, 100, 15, 20, 5, 300, 5, 2.05, 2.5, 30000]",0.0,16.302716999998665
"['f17', 30, -100, 100, 15, 20, 5, 300, 5, 2.05, 2.5, 30000]",0.0,15.766526000006706
"['f17', 30, -100, 100, 15, 20, 5, 300, 5, 2.05, 2.5, 30000]",0.0,15.851417999998375
"['f17', 30, -100, 100, 15, 20, 5, 300, 5, 2.05, 2.5, 30000]",0.0,16.271269999997457
"['f17', 30, -100, 100, 15, 20, 5, 300, 5, 2.05, 2.5, 30000]",0.0,15.934775000001537
"['f17', 50, -10, 10, 15, 5, 10, 300, 5, 2.05, 2.5, 26250]",3.783218183173176e-11,19.52534200000082
"['f17', 50, -10, 10, 15, 5, 10, 300, 5, 2.05, 2.5, 26250]",0.0,19.044927999995707
"['f17', 50, -10, 10, 15, 5, 10, 300, 5, 2.05, 2.5, 26250]",2.9768917775285786e-08,19.199149000000034
"['f17', 50, -10, 10, 15, 5, 10, 300, 5, 2.05, 2.5, 26250]",0.0,19.284648000000743
"['f17', 50, -10, 10, 15, 5, 10, 300, 5, 2.05, 2.5, 26250]",0.0,19.461310999999114
"['f17', 50, -10, 10, 15, 5, 10, 300, 5, 2.05, 2.5, 26250]",0.0,19.248579999999492
"['f17', 50, -10, 10, 15, 5, 10, 300, 5, 2.05, 2.5, 26250]",2.471331433728796e-05,19.419677000005322
"['f17', 50, -10, 10, 15, 5, 10, 300, 5, 2.05, 2.5, 26250]",0.0001062387232630968,19.231959999997343
"['f17', 50, -10, 10, 15, 5, 10, 300, 5, 2.05, 2.5, 26250]",0.0,19.27238600000419
"['f17', 50, -10, 10, 15, 5, 10, 300, 5, 2.05, 2.5, 26250]",0.0,19.379854999999225
"['f17', 50, -10, 10, 15, 5, 10, 300, 5, 2.05, 2.5, 26250]",0.0,19.058237000004738
"['f17', 50, -10, 10, 15, 5, 10, 300, 5, 2.05, 2.5, 26250]",0.0,19.223035999995773
"['f17', 50, -10, 10, 15, 5, 10, 300, 5, 2.05, 2.5, 26250]",0.0,19.38493699999526
"['f17', 50, -10, 10, 15, 5, 10, 300, 5, 2.05, 2.5, 26250]",0.0,19.970198999995773
"['f17', 50, -10, 10, 15, 5, 10, 300, 5, 2.05, 2.5, 26250]",0.0,19.00233900000603
"['f17', 50, -10, 10, 15, 5, 10, 300, 5, 2.05, 2.5, 26250]",0.0,19.075904999997874
"['f17', 50, -10, 10, 15, 5, 10, 300, 5, 2.05, 2.5, 26250]",3.129130288215265e-10,19.60040900000604
"['f17', 50, -10, 10, 15, 5, 10, 300, 5, 2.05, 2.5, 26250]",0.0,19.211805999999342
"['f17', 50, -10, 10, 15, 5, 10, 300, 5, 2.05, 2.5, 26250]",0.0,19.172571999995853
"['f17', 50, -10, 10, 15, 5, 10, 300, 5, 2.05, 2.5, 26250]",4.884314711017801e-06,19.77476800000295
"['f17', 50, -10, 10, 15, 5, 20, 300, 5, 2.05, 2.5, 30000]",0.0,22.283527999999933
"['f17', 50, -10, 10, 15, 5, 20, 300, 5, 2.05, 2.5, 30000]",0.0,22.960543000001053
"['f17', 50, -10, 10, 15, 5, 20, 300, 5, 2.05, 2.5, 30000]",0.0,22.280449999998382
"['f17', 50, -10, 10, 15, 5, 20, 300, 5, 2.05, 2.5, 30000]",7.269046246682898e-05,22.463614000000234
"['f17', 50, -10, 10, 15, 5, 20, 300, 5, 2.05, 2.5, 30000]",0.0,22.851174000003084
"['f17', 50, -10, 10, 15, 5, 20, 300, 5, 2.05, 2.5, 30000]",1.09085353483529e-06,22.551258999999845
"['f17', 50, -10, 10, 15, 5, 20, 300, 5, 2.05, 2.5, 30000]",0.0019561214502237245,22.70977899999707
"['f17', 50, -10, 10, 15, 5, 20, 300, 5, 2.05, 2.5, 30000]",3.767874664495352e-07,22.56772799999453
"['f17', 50, -10, 10, 15, 5, 20, 300, 5, 2.05, 2.5, 30000]",1.0236035514199493e-05,22.736800999999105
"['f17', 50, -10, 10, 15, 5, 20, 300, 5, 2.05, 2.5, 30000]",0.0,22.796739999997953
"['f17', 50, -10, 10, 15, 5, 20, 300, 5, 2.05, 2.5, 30000]",3.252416591603691e-08,22.705939999999828
"['f17', 50, -10, 10, 15, 5, 20, 300, 5, 2.05, 2.5, 30000]",0.0,22.499691000004532
"['f17', 50, -10, 10, 15, 5, 20, 300, 5, 2.05, 2.5, 30000]",0.0,23.03433600000426
"['f17', 50, -10, 10, 15, 5, 20, 300, 5, 2.05, 2.5, 30000]",0.0,22.746321999999054
"['f17', 50, -10, 10, 15, 5, 20, 300, 5, 2.05, 2.5, 30000]",8.409558049038424e-06,22.895420999993803
"['f17', 50, -10, 10, 15, 5, 20, 300, 5, 2.05, 2.5, 30000]",0.0,22.491143999999622
"['f17', 50, -10, 10, 15, 5, 20, 300, 5, 2.05, 2.5, 30000]",0.0,22.592342000003555
"['f17', 50, -10, 10, 15, 5, 20, 300, 5, 2.05, 2.5, 30000]",0.0,22.64506799999799
"['f17', 50, -10, 10, 15, 5, 20, 300, 5, 2.05, 2.5, 30000]",3.5638159090467525e-14,22.389665000002424
"['f17', 50, -10, 10, 15, 5, 20, 300, 5, 2.05, 2.5, 30000]",0.0,22.859902999996848
"['f17', 50, -10, 10, 15, 10, 5, 300, 5, 2.05, 2.5, 26250]",0.0,19.172943000005034
"['f17', 50, -10, 10, 15, 10, 5, 300, 5, 2.05, 2.5, 26250]",1.7815375918939225e-07,19.601962999993702
"['f17', 50, -10, 10, 15, 10, 5, 300, 5, 2.05, 2.5, 26250]",0.0,19.72078899999906
"['f17', 50, -10, 10, 15, 10, 5, 300, 5, 2.05, 2.5, 26250]",0.0,19.45730700000422
"['f17', 50, -10, 10, 15, 10, 5, 300, 5, 2.05, 2.5, 26250]",0.0,19.37802199998987
"['f17', 50, -10, 10, 15, 10, 5, 300, 5, 2.05, 2.5, 26250]",0.0,19.612080999999307
"['f17', 50, -10, 10, 15, 10, 5, 300, 5, 2.05, 2.5, 26250]",0.0,19.00463700000546
"['f17', 50, -10, 10, 15, 10, 5, 300, 5, 2.05, 2.5, 26250]",0.0,18.981604000000516
"['f17', 50, -10, 10, 15, 10, 5, 300, 5, 2.05, 2.5, 26250]",0.0,19.64255800000683
"['f17', 50, -10, 10, 15, 10, 5, 300, 5, 2.05, 2.5, 26250]",0.0,19.058969999998226
"['f17', 50, -10, 10, 15, 10, 5, 300, 5, 2.05, 2.5, 26250]",0.0,19.584671999997227
"['f17', 50, -10, 10, 15, 10, 5, 300, 5, 2.05, 2.5, 26250]",0.0,19.39931200000865
"['f17', 50, -10, 10, 15, 10, 5, 300, 5, 2.05, 2.5, 26250]",0.0,20.176854999997886
"['f17', 50, -10, 10, 15, 10, 5, 300, 5, 2.05, 2.5, 26250]",0.0,19.292514000000665
"['f17', 50, -10, 10, 15, 10, 5, 300, 5, 2.05, 2.5, 26250]",0.0,19.479477999993833
"['f17', 50, -10, 10, 15, 10, 5, 300, 5, 2.05, 2.5, 26250]",0.0,19.72921299999871
"['f17', 50, -10, 10, 15, 10, 5, 300, 5, 2.05, 2.5, 26250]",0.0,19.316517999992357
"['f17', 50, -10, 10, 15, 10, 5, 300, 5, 2.05, 2.5, 26250]",0.0,19.34681499999715
"['f17', 50, -10, 10, 15, 10, 5, 300, 5, 2.05, 2.5, 26250]",0.0,19.380132000005688
"['f17', 50, -10, 10, 15, 10, 5, 300, 5, 2.05, 2.5, 26250]",0.0,19.39877700000943
"['f17', 50, -10, 10, 15, 10, 10, 300, 5, 2.05, 2.5, 30000]",0.0,22.783113999990746
"['f17', 50, -10, 10, 15, 10, 10, 300, 5, 2.05, 2.5, 30000]",0.0,22.687695999993593
"['f17', 50, -10, 10, 15, 10, 10, 300, 5, 2.05, 2.5, 30000]",0.0,22.698827000000165
"['f17', 50, -10, 10, 15, 10, 10, 300, 5, 2.05, 2.5, 30000]",3.8483293884894465e-08,22.8608760000061
"['f17', 50, -10, 10, 15, 10, 10, 300, 5, 2.05, 2.5, 30000]",1.8153667458165046e-10,22.811289999997825
"['f17', 50, -10, 10, 15, 10, 10, 300, 5, 2.05, 2.5, 30000]",0.0,22.78376199999184
"['f17', 50, -10, 10, 15, 10, 10, 300, 5, 2.05, 2.5, 30000]",0.0,22.641663999995217
"['f17', 50, -10, 10, 15, 10, 10, 300, 5, 2.05, 2.5, 30000]",0.0,22.76902200000768
"['f17', 50, -10, 10, 15, 10, 10, 300, 5, 2.05, 2.5, 30000]",0.0,22.38564700000279
"['f17', 50, -10, 10, 15, 10, 10, 300, 5, 2.05, 2.5, 30000]",0.0,22.285998000006657
"['f17', 50, -10, 10, 15, 10, 10, 300, 5, 2.05, 2.5, 30000]",0.0,22.583784000002197
"['f17', 50, -10, 10, 15, 10, 10, 300, 5, 2.05, 2.5, 30000]",0.0,22.694071999998414
"['f17', 50, -10, 10, 15, 10, 10, 300, 5, 2.05, 2.5, 30000]",0.0,22.31498900000588
"['f17', 50, -10, 10, 15, 10, 10, 300, 5, 2.05, 2.5, 30000]",0.0,22.770369999998366
"['f17', 50, -10, 10, 15, 10, 10, 300, 5, 2.05, 2.5, 30000]",0.0,22.476697999998578
"['f17', 50, -10, 10, 15, 10, 10, 300, 5, 2.05, 2.5, 30000]",2.1875620068723123e-06,22.51575700000103
"['f17', 50, -10, 10, 15, 10, 10, 300, 5, 2.05, 2.5, 30000]",0.00013814927332511662,23.22583100000338
"['f17', 50, -10, 10, 15, 10, 10, 300, 5, 2.05, 2.5, 30000]",0.0,22.2781590000086
"['f17', 50, -10, 10, 15, 10, 10, 300, 5, 2.05, 2.5, 30000]",0.0,22.404943000001367
"['f17', 50, -10, 10, 15, 10, 10, 300, 5, 2.05, 2.5, 30000]",0.0,28.130856999996467
"['f17', 50, -10, 10, 15, 20, 5, 300, 5, 2.05, 2.5, 30000]",0.0,22.872472999995807
"['f17', 50, -10, 10, 15, 20, 5, 300, 5, 2.05, 2.5, 30000]",0.0,22.401811000003363
"['f17', 50, -10, 10, 15, 20, 5, 300, 5, 2.05, 2.5, 30000]",0.0,22.465179000006174
"['f17', 50, -10, 10, 15, 20, 5, 300, 5, 2.05, 2.5, 30000]",0.0,22.53144799999427
"['f17', 50, -10, 10, 15, 20, 5, 300, 5, 2.05, 2.5, 30000]",0.0,22.536951999994926
"['f17', 50, -10, 10, 15, 20, 5, 300, 5, 2.05, 2.5, 30000]",0.0,22.75270100000489
"['f17', 50, -10, 10, 15, 20, 5, 300, 5, 2.05, 2.5, 30000]",0.0,22.515079999997397
"['f17', 50, -10, 10, 15, 20, 5, 300, 5, 2.05, 2.5, 30000]",0.0,22.686602000001585
"['f17', 50, -10, 10, 15, 20, 5, 300, 5, 2.05, 2.5, 30000]",0.0,23.241376999998465
"['f17', 50, -10, 10, 15, 20, 5, 300, 5, 2.05, 2.5, 30000]",0.0,22.835037999990163
"['f17', 50, -10, 10, 15, 20, 5, 300, 5, 2.05, 2.5, 30000]",0.0,22.2564080000011
"['f17', 50, -10, 10, 15, 20, 5, 300, 5, 2.05, 2.5, 30000]",0.0,23.014171000002534
"['f17', 50, -10, 10, 15, 20, 5, 300, 5, 2.05, 2.5, 30000]",0.0,22.59909800000605
"['f17', 50, -10, 10, 15, 20, 5, 300, 5, 2.05, 2.5, 30000]",0.0,22.482721000007587
"['f17', 50, -10, 10, 15, 20, 5, 300, 5, 2.05, 2.5, 30000]",0.0,22.557056000005105
"['f17', 50, -10, 10, 15, 20, 5, 300, 5, 2.05, 2.5, 30000]",0.0,22.37410399998771
"['f17', 50, -10, 10, 15, 20, 5, 300, 5, 2.05, 2.5, 30000]",1.5565461541910963e-07,22.749809000000823
"['f17', 50, -10, 10, 15, 20, 5, 300, 5, 2.05, 2.5, 30000]",0.0,22.4902010000078
"['f17', 50, -10, 10, 15, 20, 5, 300, 5, 2.05, 2.5, 30000]",0.0,22.587631000002148
"['f17', 50, -10, 10, 15, 20, 5, 300, 5, 2.05, 2.5, 30000]",0.0,23.276210000010906
"['f17', 50, -100, 100, 15, 5, 10, 300, 5, 2.05, 2.5, 26250]",11.410450882487854,19.305140999989817
"['f17', 50, -100, 100, 15, 5, 10, 300, 5, 2.05, 2.5, 26250]",0.0,19.42094999999972
"['f17', 50, -100, 100, 15, 5, 10, 300, 5, 2.05, 2.5, 26250]",0.0,19.508436999996775
"['f17', 50, -100, 100, 15, 5, 10, 300, 5, 2.05, 2.5, 26250]",5.819696239705238,19.512412999989465
"['f17', 50, -100, 100, 15, 5, 10, 300, 5, 2.05, 2.5, 26250]",0.0,19.24788300000364
"['f17', 50, -100, 100, 15, 5, 10, 300, 5, 2.05, 2.5, 26250]",0.0,19.42189199999848
"['f17', 50, -100, 100, 15, 5, 10, 300, 5, 2.05, 2.5, 26250]",0.0,19.134989999991376
"['f17', 50, -100, 100, 15, 5, 10, 300, 5, 2.05, 2.5, 26250]",11.21074053167306,19.478160999991815
"['f17', 50, -100, 100, 15, 5, 10, 300, 5, 2.05, 2.5, 26250]",0.0,19.28930499999842
"['f17', 50, -100, 100, 15, 5, 10, 300, 5, 2.05, 2.5, 26250]",0.0,19.156102000008104
"['f17', 50, -100, 100, 15, 5, 10, 300, 5, 2.05, 2.5, 26250]",1.258313932028689,19.028350000007777
"['f17', 50, -100, 100, 15, 5, 10, 300, 5, 2.05, 2.5, 26250]",0.0,19.55603500000143
"['f17', 50, -100, 100, 15, 5, 10, 300, 5, 2.05, 2.5, 26250]",0.0,19.04995699999563
"['f17', 50, -100, 100, 15, 5, 10, 300, 5, 2.05, 2.5, 26250]",2.5364550288739114,19.56027499999618
"['f17', 50, -100, 100, 15, 5, 10, 300, 5, 2.05, 2.5, 26250]",0.0,19.29288200000883
"['f17', 50, -100, 100, 15, 5, 10, 300, 5, 2.05, 2.5, 26250]",0.0,19.294343999994453
"['f17', 50, -100, 100, 15, 5, 10, 300, 5, 2.05, 2.5, 26250]",4.750220449665128,19.405872999996063
"['f17', 50, -100, 100, 15, 5, 10, 300, 5, 2.05, 2.5, 26250]",0.0,19.273457999996026
"['f17', 50, -100, 100, 15, 5, 10, 300, 5, 2.05, 2.5, 26250]",0.0,19.331580999991274
"['f17', 50, -100, 100, 15, 5, 10, 300, 5, 2.05, 2.5, 26250]",1.0845935943102032,19.39071100000001
"['f17', 50, -100, 100, 15, 5, 20, 300, 5, 2.05, 2.5, 30000]",0.0,23.077932000000146
"['f17', 50, -100, 100, 15, 5, 20, 300, 5, 2.05, 2.5, 30000]",0.0,22.59068799999659
"['f17', 50, -100, 100, 15, 5, 20, 300, 5, 2.05, 2.5, 30000]",0.0,23.173485999999684
"['f17', 50, -100, 100, 15, 5, 20, 300, 5, 2.05, 2.5, 30000]",0.0,22.855838999996195
"['f17', 50, -100, 100, 15, 5, 20, 300, 5, 2.05, 2.5, 30000]",0.0,23.129229999991367
"['f17', 50, -100, 100, 15, 5, 20, 300, 5, 2.05, 2.5, 30000]",0.0,22.880883999998332
"['f17', 50, -100, 100, 15, 5, 20, 300, 5, 2.05, 2.5, 30000]",0.0,22.407760000001872
"['f17', 50, -100, 100, 15, 5, 20, 300, 5, 2.05, 2.5, 30000]",0.0,22.539561000012327
"['f17', 50, -100, 100, 15, 5, 20, 300, 5, 2.05, 2.5, 30000]",0.0,22.670398000002024
"['f17', 50, -100, 100, 15, 5, 20, 300, 5, 2.05, 2.5, 30000]",0.0,22.50253499999235
"['f17', 50, -100, 100, 15, 5, 20, 300, 5, 2.05, 2.5, 30000]",2.5639022578353954,22.695858999999473
"['f17', 50, -100, 100, 15, 5, 20, 300, 5, 2.05, 2.5, 30000]",0.0,22.730175000004238
"['f17', 50, -100, 100, 15, 5, 20, 300, 5, 2.05, 2.5, 30000]",0.0,23.093259000001126
"['f17', 50, -100, 100, 15, 5, 20, 300, 5, 2.05, 2.5, 30000]",3.958997629580041,22.56654200000048
"['f17', 50, -100, 100, 15, 5, 20, 300, 5, 2.05, 2.5, 30000]",0.0,22.668422000002465
"['f17', 50, -100, 100, 15, 5, 20, 300, 5, 2.05, 2.5, 30000]",0.0,23.08998299999803
"['f17', 50, -100, 100, 15, 5, 20, 300, 5, 2.05, 2.5, 30000]",1.0363931628365406,22.550241000004462
"['f17', 50, -100, 100, 15, 5, 20, 300, 5, 2.05, 2.5, 30000]",0.0,22.775156999996398
"['f17', 50, -100, 100, 15, 5, 20, 300, 5, 2.05, 2.5, 30000]",0.0,22.539534000010462
"['f17', 50, -100, 100, 15, 5, 20, 300, 5, 2.05, 2.5, 30000]",1.0778406241700624,22.53267899999628
"['f17', 50, -100, 100, 15, 10, 5, 300, 5, 2.05, 2.5, 26250]",0.0,19.61795600000187
"['f17', 50, -100, 100, 15, 10, 5, 300, 5, 2.05, 2.5, 26250]",5.441821750484185,19.471317999996245
"['f17', 50, -100, 100, 15, 10, 5, 300, 5, 2.05, 2.5, 26250]",1.228475680270279,19.429897000009078
"['f17', 50, -100, 100, 15, 10, 5, 300, 5, 2.05, 2.5, 26250]",0.07848172117298591,19.919930999996723
"['f17', 50, -100, 100, 15, 10, 5, 300, 5, 2.05, 2.5, 26250]",0.23551861214973335,19.184296000006725
"['f17', 50, -100, 100, 15, 10, 5, 300, 5, 2.05, 2.5, 26250]",0.0,19.45141199999489
"['f17', 50, -100, 100, 15, 10, 5, 300, 5, 2.05, 2.5, 26250]",0.0,19.4584990000003
"['f17', 50, -100, 100, 15, 10, 5, 300, 5, 2.05, 2.5, 26250]",0.0,19.29835899999307
"['f17', 50, -100, 100, 15, 10, 5, 300, 5, 2.05, 2.5, 26250]",0.0,19.552270000000135
"['f17', 50, -100, 100, 15, 10, 5, 300, 5, 2.05, 2.5, 26250]",0.0,19.63830799999414
"['f17', 50, -100, 100, 15, 10, 5, 300, 5, 2.05, 2.5, 26250]",0.0,19.434481999996933
"['f17', 50, -100, 100, 15, 10, 5, 300, 5, 2.05, 2.5, 26250]",0.0,19.167341000007582
"['f17', 50, -100, 100, 15, 10, 5, 300, 5, 2.05, 2.5, 26250]",14.096508579421313,19.811730999994325
"['f17', 50, -100, 100, 15, 10, 5, 300, 5, 2.05, 2.5, 26250]",0.0,19.437837000004947
"['f17', 50, -100, 100, 15, 10, 5, 300, 5, 2.05, 2.5, 26250]",0.0,19.147137000007206
"['f17', 50, -100, 100, 15, 10, 5, 300, 5, 2.05, 2.5, 26250]",1.303702820822101,19.38012699999672
"['f17', 50, -100, 100, 15, 10, 5, 300, 5, 2.05, 2.5, 26250]",4.412360300863792,19.430116999996244
"['f17', 50, -100, 100, 15, 10, 5, 300, 5, 2.05, 2.5, 26250]",0.0,19.356180000002496
"['f17', 50, -100, 100, 15, 10, 5, 300, 5, 2.05, 2.5, 26250]",0.0,19.457635999991908
"['f17', 50, -100, 100, 15, 10, 5, 300, 5, 2.05, 2.5, 26250]",0.0,19.634369999999763
"['f17', 50, -100, 100, 15, 10, 10, 300, 5, 2.05, 2.5, 30000]",12.877403648682499,23.004834000006667
"['f17', 50, -100, 100, 15, 10, 10, 300, 5, 2.05, 2.5, 30000]",0.0,22.712490000005346
"['f17', 50, -100, 100, 15, 10, 10, 300, 5, 2.05, 2.5, 30000]",0.0,22.544999999998254
"['f17', 50, -100, 100, 15, 10, 10, 300, 5, 2.05, 2.5, 30000]",0.0,22.767881000007037
"['f17', 50, -100, 100, 15, 10, 10, 300, 5, 2.05, 2.5, 30000]",0.0,22.445401999997557
"['f17', 50, -100, 100, 15, 10, 10, 300, 5, 2.05, 2.5, 30000]",1.048711477970648,22.513418000002275
"['f17', 50, -100, 100, 15, 10, 10, 300, 5, 2.05, 2.5, 30000]",0.6645952134912838,22.678776999993715
"['f17', 50, -100, 100, 15, 10, 10, 300, 5, 2.05, 2.5, 30000]",0.0,22.659142000004067
"['f17', 50, -100, 100, 15, 10, 10, 300, 5, 2.05, 2.5, 30000]",0.0,22.708663999990677
"['f17', 50, -100, 100, 15, 10, 10, 300, 5, 2.05, 2.5, 30000]",2.635889783664247e-05,22.635974000004353
"['f17', 50, -100, 100, 15, 10, 10, 300, 5, 2.05, 2.5, 30000]",0.0,22.86030000000028
"['f17', 50, -100, 100, 15, 10, 10, 300, 5, 2.05, 2.5, 30000]",0.0,22.647537000011653
"['f17', 50, -100, 100, 15, 10, 10, 300, 5, 2.05, 2.5, 30000]",0.0,22.74442299999646
"['f17', 50, -100, 100, 15, 10, 10, 300, 5, 2.05, 2.5, 30000]",0.0,22.595545000003767
"['f17', 50, -100, 100, 15, 10, 10, 300, 5, 2.05, 2.5, 30000]",0.0,23.0663099999947
"['f17', 50, -100, 100, 15, 10, 10, 300, 5, 2.05, 2.5, 30000]",3.6059804552659305,22.54118699999526
"['f17', 50, -100, 100, 15, 10, 10, 300, 5, 2.05, 2.5, 30000]",0.027898602085641766,22.55011700000614
"['f17', 50, -100, 100, 15, 10, 10, 300, 5, 2.05, 2.5, 30000]",0.0,22.878356000001077
"['f17', 50, -100, 100, 15, 10, 10, 300, 5, 2.05, 2.5, 30000]",5.4160097016209905,22.846352000007755
"['f17', 50, -100, 100, 15, 10, 10, 300, 5, 2.05, 2.5, 30000]",0.0,28.302186999993864
"['f17', 50, -100, 100, 15, 20, 5, 300, 5, 2.05, 2.5, 30000]",0.0,22.78385399999388
"['f17', 50, -100, 100, 15, 20, 5, 300, 5, 2.05, 2.5, 30000]",0.0,22.835398000010173
"['f17', 50, -100, 100, 15, 20, 5, 300, 5, 2.05, 2.5, 30000]",0.0,22.568503000002238
"['f17', 50, -100, 100, 15, 20, 5, 300, 5, 2.05, 2.5, 30000]",0.0,22.8631849999947
"['f17', 50, -100, 100, 15, 20, 5, 300, 5, 2.05, 2.5, 30000]",0.0,22.88846200000262
"['f17', 50, -100, 100, 15, 20, 5, 300, 5, 2.05, 2.5, 30000]",0.0,22.94581200000539
"['f17', 50, -100, 100, 15, 20, 5, 300, 5, 2.05, 2.5, 30000]",0.0,24.169464999999036
"['f17', 50, -100, 100, 15, 20, 5, 300, 5, 2.05, 2.5, 30000]",0.0,22.541804000007687
"['f17', 50, -100, 100, 15, 20, 5, 300, 5, 2.05, 2.5, 30000]",0.0,23.066265999994357
"['f17', 50, -100, 100, 15, 20, 5, 300, 5, 2.05, 2.5, 30000]",2.890094082633307,22.759052000008523
"['f17', 50, -100, 100, 15, 20, 5, 300, 5, 2.05, 2.5, 30000]",0.0,22.46923100001004
"['f17', 50, -100, 100, 15, 20, 5, 300, 5, 2.05, 2.5, 30000]",0.0,22.84378199999628
"['f17', 50, -100, 100, 15, 20, 5, 300, 5, 2.05, 2.5, 30000]",0.0,22.599256000001333
"['f17', 50, -100, 100, 15, 20, 5, 300, 5, 2.05, 2.5, 30000]",0.0,22.60703800000192
"['f17', 50, -100, 100, 15, 20, 5, 300, 5, 2.05, 2.5, 30000]",0.0,23.55002299998887
"['f17', 50, -100, 100, 15, 20, 5, 300, 5, 2.05, 2.5, 30000]",0.0,22.92992999999842
"['f17', 50, -100, 100, 15, 20, 5, 300, 5, 2.05, 2.5, 30000]",0.0,22.728550999992876
"['f17', 50, -100, 100, 15, 20, 5, 300, 5, 2.05, 2.5, 30000]",0.0,23.419404000000213
"['f17', 50, -100, 100, 15, 20, 5, 300, 5, 2.05, 2.5, 30000]",6.699134737824024,22.558107999997446
"['f17', 50, -100, 100, 15, 20, 5, 300, 5, 2.05, 2.5, 30000]",8.822503443407683,23.149644000004628
"['f17', 100, -10, 10, 15, 5, 10, 300, 5, 2.05, 2.5, 26250]",0.0,34.307463000004645
"['f17', 100, -10, 10, 15, 5, 10, 300, 5, 2.05, 2.5, 26250]",0.0002724538350045158,34.19018400000641
"['f17', 100, -10, 10, 15, 5, 10, 300, 5, 2.05, 2.5, 26250]",0.0,33.85901300000842
"['f17', 100, -10, 10, 15, 5, 10, 300, 5, 2.05, 2.5, 26250]",3.0888627214897824e-06,34.01285499999358
"['f17', 100, -10, 10, 15, 5, 10, 300, 5, 2.05, 2.5, 26250]",9.155122268222904e-05,33.63279999999213
"['f17', 100, -10, 10, 15, 5, 10, 300, 5, 2.05, 2.5, 26250]",2.0112857623821867e-07,33.90085999999428
"['f17', 100, -10, 10, 15, 5, 10, 300, 5, 2.05, 2.5, 26250]",0.0,34.07544400000188
"['f17', 100, -10, 10, 15, 5, 10, 300, 5, 2.05, 2.5, 26250]",7.734685336657776e-09,33.95633600000292
"['f17', 100, -10, 10, 15, 5, 10, 300, 5, 2.05, 2.5, 26250]",0.0,33.82445500000904
"['f17', 100, -10, 10, 15, 5, 10, 300, 5, 2.05, 2.5, 26250]",0.0,34.3096979999973
"['f17', 100, -10, 10, 15, 5, 10, 300, 5, 2.05, 2.5, 26250]",0.0,34.016208000000915
"['f17', 100, -10, 10, 15, 5, 10, 300, 5, 2.05, 2.5, 26250]",0.0,34.30780799999775
"['f17', 100, -10, 10, 15, 5, 10, 300, 5, 2.05, 2.5, 26250]",1.0814799022651478e-05,34.20488400000613
"['f17', 100, -10, 10, 15, 5, 10, 300, 5, 2.05, 2.5, 26250]",1.1777436628168658e-06,33.59030499999062
"['f17', 100, -10, 10, 15, 5, 10, 300, 5, 2.05, 2.5, 26250]",0.0,34.02751400000125
"['f17', 100, -10, 10, 15, 5, 10, 300, 5, 2.05, 2.5, 26250]",0.0,34.326814999993076
"['f17', 100, -10, 10, 15, 5, 10, 300, 5, 2.05, 2.5, 26250]",0.0,33.90471400000388
"['f17', 100, -10, 10, 15, 5, 10, 300, 5, 2.05, 2.5, 26250]",0.0,33.582416999997804
"['f17', 100, -10, 10, 15, 5, 10, 300, 5, 2.05, 2.5, 26250]",0.019655307264401012,34.47613499998988
"['f17', 100, -10, 10, 15, 5, 10, 300, 5, 2.05, 2.5, 26250]",0.0,33.63115499999549
"['f17', 100, -10, 10, 15, 5, 20, 300, 5, 2.05, 2.5, 30000]",0.0,40.28642500001297
"['f17', 100, -10, 10, 15, 5, 20, 300, 5, 2.05, 2.5, 30000]",0.0,39.57451500000025
"['f17', 100, -10, 10, 15, 5, 20, 300, 5, 2.05, 2.5, 30000]",0.0,39.96730500001286
"['f17', 100, -10, 10, 15, 5, 20, 300, 5, 2.05, 2.5, 30000]",0.0,40.13941999999224
"['f17', 100, -10, 10, 15, 5, 20, 300, 5, 2.05, 2.5, 30000]",0.0,39.63955199999327
"['f17', 100, -10, 10, 15, 5, 20, 300, 5, 2.05, 2.5, 30000]",0.0,39.83099400000356
"['f17', 100, -10, 10, 15, 5, 20, 300, 5, 2.05, 2.5, 30000]",0.0,39.65790500000003
"['f17', 100, -10, 10, 15, 5, 20, 300, 5, 2.05, 2.5, 30000]",0.020683205015470718,40.13660900000832
"['f17', 100, -10, 10, 15, 5, 20, 300, 5, 2.05, 2.5, 30000]",2.3809550341868935e-05,39.91678800000227
"['f17', 100, -10, 10, 15, 5, 20, 300, 5, 2.05, 2.5, 30000]",0.0,40.49781499999517
"['f17', 100, -10, 10, 15, 5, 20, 300, 5, 2.05, 2.5, 30000]",0.0,39.8747849999927
"['f17', 100, -10, 10, 15, 5, 20, 300, 5, 2.05, 2.5, 30000]",0.0,40.03177100000903
"['f17', 100, -10, 10, 15, 5, 20, 300, 5, 2.05, 2.5, 30000]",0.0,40.05650700000115
"['f17', 100, -10, 10, 15, 5, 20, 300, 5, 2.05, 2.5, 30000]",2.7738405361077412e-05,39.82204000001366
"['f17', 100, -10, 10, 15, 5, 20, 300, 5, 2.05, 2.5, 30000]",0.0,39.77503699999943
"['f17', 100, -10, 10, 15, 5, 20, 300, 5, 2.05, 2.5, 30000]",1.4053342045627915e-08,40.43559200000891
"['f17', 100, -10, 10, 15, 5, 20, 300, 5, 2.05, 2.5, 30000]",0.0,40.474310999998124
"['f17', 100, -10, 10, 15, 5, 20, 300, 5, 2.05, 2.5, 30000]",0.0,40.2673300000024
"['f17', 100, -10, 10, 15, 5, 20, 300, 5, 2.05, 2.5, 30000]",3.415595043232411e-05,40.75762199999008
"['f17', 100, -10, 10, 15, 5, 20, 300, 5, 2.05, 2.5, 30000]",0.0,40.16993499999808
"['f17', 100, -10, 10, 15, 10, 5, 300, 5, 2.05, 2.5, 26250]",0.0,34.414368999990984
"['f17', 100, -10, 10, 15, 10, 5, 300, 5, 2.05, 2.5, 26250]",0.0,33.91934599999513
"['f17', 100, -10, 10, 15, 10, 5, 300, 5, 2.05, 2.5, 26250]",2.816258892757162e-09,34.095761999997194
"['f17', 100, -10, 10, 15, 10, 5, 300, 5, 2.05, 2.5, 26250]",0.0,33.603705000001355
"['f17', 100, -10, 10, 15, 10, 5, 300, 5, 2.05, 2.5, 26250]",4.637572782573152e-06,34.115976000000956
"['f17', 100, -10, 10, 15, 10, 5, 300, 5, 2.05, 2.5, 26250]",0.0,34.22987199999625
"['f17', 100, -10, 10, 15, 10, 5, 300, 5, 2.05, 2.5, 26250]",1.3464886101099971e-05,33.88083199999528
"['f17', 100, -10, 10, 15, 10, 5, 300, 5, 2.05, 2.5, 26250]",0.0,33.57055800000671
"['f17', 100, -10, 10, 15, 10, 5, 300, 5, 2.05, 2.5, 26250]",0.0,34.8798439999955
"['f17', 100, -10, 10, 15, 10, 5, 300, 5, 2.05, 2.5, 26250]",0.0,34.6694029999926
"['f17', 100, -10, 10, 15, 10, 5, 300, 5, 2.05, 2.5, 26250]",3.700439872389438e-05,33.834410999988904
"['f17', 100, -10, 10, 15, 10, 5, 300, 5, 2.05, 2.5, 26250]",0.0,34.21167199999036
"['f17', 100, -10, 10, 15, 10, 5, 300, 5, 2.05, 2.5, 26250]",0.0,34.39965700000175
"['f17', 100, -10, 10, 15, 10, 5, 300, 5, 2.05, 2.5, 26250]",0.0,34.693075000002864
"['f17', 100, -10, 10, 15, 10, 5, 300, 5, 2.05, 2.5, 26250]",0.0,33.873331999988295
"['f17', 100, -10, 10, 15, 10, 5, 300, 5, 2.05, 2.5, 26250]",0.0,34.37754600000335
"['f17', 100, -10, 10, 15, 10, 5, 300, 5, 2.05, 2.5, 26250]",0.0,34.12838699998974
"['f17', 100, -10, 10, 15, 10, 5, 300, 5, 2.05, 2.5, 26250]",0.0,34.11156299999857
"['f17', 100, -10, 10, 15, 10, 5, 300, 5, 2.05, 2.5, 26250]",0.0,34.20097099999839
"['f17', 100, -10, 10, 15, 10, 5, 300, 5, 2.05, 2.5, 26250]",0.0,36.39342000000761
"['f17', 100, -10, 10, 15, 10, 10, 300, 5, 2.05, 2.5, 30000]",5.1285556912361585e-09,39.825499999991735
"['f17', 100, -10, 10, 15, 10, 10, 300, 5, 2.05, 2.5, 30000]",0.0,40.64270100000431
"['f17', 100, -10, 10, 15, 10, 10, 300, 5, 2.05, 2.5, 30000]",1.1890760576171999e-07,40.32179500001075
"['f17', 100, -10, 10, 15, 10, 10, 300, 5, 2.05, 2.5, 30000]",0.0,40.364411999995355
"['f17', 100, -10, 10, 15, 10, 10, 300, 5, 2.05, 2.5, 30000]",0.0,40.306578000003356
"['f17', 100, -10, 10, 15, 10, 10, 300, 5, 2.05, 2.5, 30000]",0.0,40.35803800000576
"['f17', 100, -10, 10, 15, 10, 10, 300, 5, 2.05, 2.5, 30000]",0.0,39.80738199999905
"['f17', 100, -10, 10, 15, 10, 10, 300, 5, 2.05, 2.5, 30000]",0.0,40.06827200000407
"['f17', 100, -10, 10, 15, 10, 10, 300, 5, 2.05, 2.5, 30000]",0.0,40.083073000001605
"['f17', 100, -10, 10, 15, 10, 10, 300, 5, 2.05, 2.5, 30000]",0.0,40.167094000004
"['f17', 100, -10, 10, 15, 10, 10, 300, 5, 2.05, 2.5, 30000]",0.0,39.86852299999737
"['f17', 100, -10, 10, 15, 10, 10, 300, 5, 2.05, 2.5, 30000]",0.0,39.85370700000203
"['f17', 100, -10, 10, 15, 10, 10, 300, 5, 2.05, 2.5, 30000]",0.0,39.4398940000101
"['f17', 100, -10, 10, 15, 10, 10, 300, 5, 2.05, 2.5, 30000]",0.0,40.92483899999934
"['f17', 100, -10, 10, 15, 10, 10, 300, 5, 2.05, 2.5, 30000]",0.0,39.78140799999528
"['f17', 100, -10, 10, 15, 10, 10, 300, 5, 2.05, 2.5, 30000]",0.0,40.21235000000161
"['f17', 100, -10, 10, 15, 10, 10, 300, 5, 2.05, 2.5, 30000]",0.0,40.094370000006165
"['f17', 100, -10, 10, 15, 10, 10, 300, 5, 2.05, 2.5, 30000]",1.9749057944551396e-10,40.51477399999567
"['f17', 100, -10, 10, 15, 10, 10, 300, 5, 2.05, 2.5, 30000]",0.0,39.88132100000803
"['f17', 100, -10, 10, 15, 10, 10, 300, 5, 2.05, 2.5, 30000]",0.0,109.58710800000699
"['f17', 100, -10, 10, 15, 20, 5, 300, 5, 2.05, 2.5, 30000]",0.0,39.522122000009404
"['f17', 100, -10, 10, 15, 20, 5, 300, 5, 2.05, 2.5, 30000]",0.0,40.65487700000813
"['f17', 100, -10, 10, 15, 20, 5, 300, 5, 2.05, 2.5, 30000]",0.0,41.093141000004834
"['f17', 100, -10, 10, 15, 20, 5, 300, 5, 2.05, 2.5, 30000]",0.0,39.7716550000041
"['f17', 100, -10, 10, 15, 20, 5, 300, 5, 2.05, 2.5, 30000]",0.0,39.58475599999656
"['f17', 100, -10, 10, 15, 20, 5, 300, 5, 2.05, 2.5, 30000]",0.0,40.09774599999946
"['f17', 100, -10, 10, 15, 20, 5, 300, 5, 2.05, 2.5, 30000]",0.0,39.43629099999089
"['f17', 100, -10, 10, 15, 20, 5, 300, 5, 2.05, 2.5, 30000]",0.0,40.3782169999904
"['f17', 100, -10, 10, 15, 20, 5, 300, 5, 2.05, 2.5, 30000]",0.0,40.146051000003354
"['f17', 100, -10, 10, 15, 20, 5, 300, 5, 2.05, 2.5, 30000]",0.0,40.38843700000143
"['f17', 100, -10, 10, 15, 20, 5, 300, 5, 2.05, 2.5, 30000]",1.1258904919486667e-08,40.25945899999351
"['f17', 100, -10, 10, 15, 20, 5, 300, 5, 2.05, 2.5, 30000]",0.0,40.34407599999395
"['f17', 100, -10, 10, 15, 20, 5, 300, 5, 2.05, 2.5, 30000]",1.9014231138481108e-06,39.494100999989314
"['f17', 100, -10, 10, 15, 20, 5, 300, 5, 2.05, 2.5, 30000]",2.291056233616473e-12,39.98189399999683
"['f17', 100, -10, 10, 15, 20, 5, 300, 5, 2.05, 2.5, 30000]",0.0,39.38511699999799
"['f17', 100, -10, 10, 15, 20, 5, 300, 5, 2.05, 2.5, 30000]",0.0,39.892164999997476
"['f17', 100, -10, 10, 15, 20, 5, 300, 5, 2.05, 2.5, 30000]",0.0,39.982360000009066
"['f17', 100, -10, 10, 15, 20, 5, 300, 5, 2.05, 2.5, 30000]",0.0,39.68414899999334
"['f17', 100, -10, 10, 15, 20, 5, 300, 5, 2.05, 2.5, 30000]",4.1225420965851356e-08,40.292545000003884
"['f17', 100, -10, 10, 15, 20, 5, 300, 5, 2.05, 2.5, 30000]",0.0,40.73274500000116
"['f17', 100, -100, 100, 15, 5, 10, 300, 5, 2.05, 2.5, 26250]",12.527348319573,33.942104000001564
"['f17', 100, -100, 100, 15, 5, 10, 300, 5, 2.05, 2.5, 26250]",0.0,34.158743000007235
"['f17', 100, -100, 100, 15, 5, 10, 300, 5, 2.05, 2.5, 26250]",0.0,34.36602299999504
"['f17', 100, -100, 100, 15, 5, 10, 300, 5, 2.05, 2.5, 26250]",1.4228032321053192,34.29231400000572
"['f17', 100, -100, 100, 15, 5, 10, 300, 5, 2.05, 2.5, 26250]",0.0,34.16532400000142
"['f17', 100, -100, 100, 15, 5, 10, 300, 5, 2.05, 2.5, 26250]",22.342876488177385,34.20219699999143
"['f17', 100, -100, 100, 15, 5, 10, 300, 5, 2.05, 2.5, 26250]",0.0,34.37126299999363
"['f17', 100, -100, 100, 15, 5, 10, 300, 5, 2.05, 2.5, 26250]",0.0,34.900852000006125
"['f17', 100, -100, 100, 15, 5, 10, 300, 5, 2.05, 2.5, 26250]",29.669550124740454,33.95609800000966
"['f17', 100, -100, 100, 15, 5, 10, 300, 5, 2.05, 2.5, 26250]",0.0,33.744825999994646
"['f17', 100, -100, 100, 15, 5, 10, 300, 5, 2.05, 2.5, 26250]",0.0,34.39177899999777
"['f17', 100, -100, 100, 15, 5, 10, 300, 5, 2.05, 2.5, 26250]",0.0,34.43939699999464
"['f17', 100, -100, 100, 15, 5, 10, 300, 5, 2.05, 2.5, 26250]",0.5402337472369974,34.12764099999913
"['f17', 100, -100, 100, 15, 5, 10, 300, 5, 2.05, 2.5, 26250]",0.0,33.581726999997045
"['f17', 100, -100, 100, 15, 5, 10, 300, 5, 2.05, 2.5, 26250]",0.0,34.191199000008055
"['f17', 100, -100, 100, 15, 5, 10, 300, 5, 2.05, 2.5, 26250]",0.0,34.46013799999491
"['f17', 100, -100, 100, 15, 5, 10, 300, 5, 2.05, 2.5, 26250]",0.0,34.588168999995105
"['f17', 100, -100, 100, 15, 5, 10, 300, 5, 2.05, 2.5, 26250]",0.0,34.102639000004274
"['f17', 100, -100, 100, 15, 5, 10, 300, 5, 2.05, 2.5, 26250]",0.0,34.15431899999385
"['f17', 100, -100, 100, 15, 5, 10, 300, 5, 2.05, 2.5, 26250]",0.0,35.45664800000668
"['f17', 100, -100, 100, 15, 5, 20, 300, 5, 2.05, 2.5, 30000]",0.0,40.497913999992306
"['f17', 100, -100, 100, 15, 5, 20, 300, 5, 2.05, 2.5, 30000]",0.0,40.41408200000296
"['f17', 100, -100, 100, 15, 5, 20, 300, 5, 2.05, 2.5, 30000]",0.03212528029134665,40.40845200000331
"['f17', 100, -100, 100, 15, 5, 20, 300, 5, 2.05, 2.5, 30000]",0.0,40.21756799999275
"['f17', 100, -100, 100, 15, 5, 20, 300, 5, 2.05, 2.5, 30000]",0.0,39.949984000006225
"['f17', 100, -100, 100, 15, 5, 20, 300, 5, 2.05, 2.5, 30000]",0.0,40.20712600000843
"['f17', 100, -100, 100, 15, 5, 20, 300, 5, 2.05, 2.5, 30000]",0.0,40.410109999997076
"['f17', 100, -100, 100, 15, 5, 20, 300, 5, 2.05, 2.5, 30000]",0.0,40.14707300000009
"['f17', 100, -100, 100, 15, 5, 20, 300, 5, 2.05, 2.5, 30000]",0.0,39.95661599999585
"['f17', 100, -100, 100, 15, 5, 20, 300, 5, 2.05, 2.5, 30000]",0.0,39.61620300001232
"['f17', 100, -100, 100, 15, 5, 20, 300, 5, 2.05, 2.5, 30000]",0.0,40.1665639999992
"['f17', 100, -100, 100, 15, 5, 20, 300, 5, 2.05, 2.5, 30000]",0.0,40.201029999996535
"['f17', 100, -100, 100, 15, 5, 20, 300, 5, 2.05, 2.5, 30000]",0.0,40.246014000003925
"['f17', 100, -100, 100, 15, 5, 20, 300, 5, 2.05, 2.5, 30000]",0.0,39.77683800000523
"['f17', 100, -100, 100, 15, 5, 20, 300, 5, 2.05, 2.5, 30000]",0.0,40.18180099999881
"['f17', 100, -100, 100, 15, 5, 20, 300, 5, 2.05, 2.5, 30000]",0.0,40.168473999990965
"['f17', 100, -100, 100, 15, 5, 20, 300, 5, 2.05, 2.5, 30000]",6.332636913899316,40.04335200000787
"['f17', 100, -100, 100, 15, 5, 20, 300, 5, 2.05, 2.5, 30000]",0.0,40.32334099999571
"['f17', 100, -100, 100, 15, 5, 20, 300, 5, 2.05, 2.5, 30000]",0.0,40.884156000000075
"['f17', 100, -100, 100, 15, 5, 20, 300, 5, 2.05, 2.5, 30000]",0.0,40.97200100000191
"['f17', 100, -100, 100, 15, 10, 5, 300, 5, 2.05, 2.5, 26250]",26.277951069903324,33.48322900000494
"['f17', 100, -100, 100, 15, 10, 5, 300, 5, 2.05, 2.5, 26250]",0.0,34.1924849999923
"['f17', 100, -100, 100, 15, 10, 5, 300, 5, 2.05, 2.5, 26250]",2.1843540682981075,34.12125999999989
"['f17', 100, -100, 100, 15, 10, 5, 300, 5, 2.05, 2.5, 26250]",0.0,34.169691000002786
"['f17', 100, -100, 100, 15, 10, 5, 300, 5, 2.05, 2.5, 26250]",9.447272731255472,33.771833000006154
"['f17', 100, -100, 100, 15, 10, 5, 300, 5, 2.05, 2.5, 26250]",0.0,34.357190999988234
"['f17', 100, -100, 100, 15, 10, 5, 300, 5, 2.05, 2.5, 26250]",0.0,33.76928300000145
"['f17', 100, -100, 100, 15, 10, 5, 300, 5, 2.05, 2.5, 26250]",0.0,34.27619200000481
"['f17', 100, -100, 100, 15, 10, 5, 300, 5, 2.05, 2.5, 26250]",0.0,34.23355900000024
"['f17', 100, -100, 100, 15, 10, 5, 300, 5, 2.05, 2.5, 26250]",0.0,34.06465399998706
"['f17', 100, -100, 100, 15, 10, 5, 300, 5, 2.05, 2.5, 26250]",0.0,34.22467100000358
"['f17', 100, -100, 100, 15, 10, 5, 300, 5, 2.05, 2.5, 26250]",0.0,34.30662199998915
"['f17', 100, -100, 100, 15, 10, 5, 300, 5, 2.05, 2.5, 26250]",0.0,33.87763799999084
"['f17', 100, -100, 100, 15, 10, 5, 300, 5, 2.05, 2.5, 26250]",0.0,34.23529099998996
"['f17', 100, -100, 100, 15, 10, 5, 300, 5, 2.05, 2.5, 26250]",1.4671238126110568,34.16575699999521
"['f17', 100, -100, 100, 15, 10, 5, 300, 5, 2.05, 2.5, 26250]",0.0,34.194008999998914
"['f17', 100, -100, 100, 15, 10, 5, 300, 5, 2.05, 2.5, 26250]",0.0,34.126287000006414
"['f17', 100, -100, 100, 15, 10, 5, 300, 5, 2.05, 2.5, 26250]",0.0,34.516565999991144
"['f17', 100, -100, 100, 15, 10, 5, 300, 5, 2.05, 2.5, 26250]",0.0,34.02630800000043
"['f17', 100, -100, 100, 15, 10, 5, 300, 5, 2.05, 2.5, 26250]",1.480853731946679,104.4463240000041
"['f17', 100, -100, 100, 15, 10, 10, 300, 5, 2.05, 2.5, 30000]",0.0,40.85700800000632
"['f17', 100, -100, 100, 15, 10, 10, 300, 5, 2.05, 2.5, 30000]",0.0,40.46068999999261
"['f17', 100, -100, 100, 15, 10, 10, 300, 5, 2.05, 2.5, 30000]",0.0,40.4433629999985
"['f17', 100, -100, 100, 15, 10, 10, 300, 5, 2.05, 2.5, 30000]",0.0,40.73897299999953
"['f17', 100, -100, 100, 15, 10, 10, 300, 5, 2.05, 2.5, 30000]",0.0,40.01975500000117
"['f17', 100, -100, 100, 15, 10, 10, 300, 5, 2.05, 2.5, 30000]",0.0,40.35182700000587
"['f17', 100, -100, 100, 15, 10, 10, 300, 5, 2.05, 2.5, 30000]",0.0,40.64994899999874
"['f17', 100, -100, 100, 15, 10, 10, 300, 5, 2.05, 2.5, 30000]",0.0,39.945169000013266
"['f17', 100, -100, 100, 15, 10, 10, 300, 5, 2.05, 2.5, 30000]",0.0,40.762263999989955
"['f17', 100, -100, 100, 15, 10, 10, 300, 5, 2.05, 2.5, 30000]",2.3858370368346904,40.553200999987894
"['f17', 100, -100, 100, 15, 10, 10, 300, 5, 2.05, 2.5, 30000]",0.0,41.015236999999615
"['f17', 100, -100, 100, 15, 10, 10, 300, 5, 2.05, 2.5, 30000]",0.0,41.001579999996466
"['f17', 100, -100, 100, 15, 10, 10, 300, 5, 2.05, 2.5, 30000]",0.0,40.36929200000304
"['f17', 100, -100, 100, 15, 10, 10, 300, 5, 2.05, 2.5, 30000]",8.675673373802766,40.68898700000136
"['f17', 100, -100, 100, 15, 10, 10, 300, 5, 2.05, 2.5, 30000]",0.0,40.213010999999824
"['f17', 100, -100, 100, 15, 10, 10, 300, 5, 2.05, 2.5, 30000]",0.0,41.100806000002194
"['f17', 100, -100, 100, 15, 10, 10, 300, 5, 2.05, 2.5, 30000]",0.0,40.211421999993036
"['f17', 100, -100, 100, 15, 10, 10, 300, 5, 2.05, 2.5, 30000]",0.0,41.173448999994434
"['f17', 100, -100, 100, 15, 10, 10, 300, 5, 2.05, 2.5, 30000]",0.0,41.24170400000003
"['f17', 100, -100, 100, 15, 10, 10, 300, 5, 2.05, 2.5, 30000]",0.0,40.76315899999463
"['f17', 100, -100, 100, 15, 20, 5, 300, 5, 2.05, 2.5, 30000]",1.063832865568218,39.67025399999693
"['f17', 100, -100, 100, 15, 20, 5, 300, 5, 2.05, 2.5, 30000]",0.0,40.1323160000029
"['f17', 100, -100, 100, 15, 20, 5, 300, 5, 2.05, 2.5, 30000]",0.0,40.33420899999328
"['f17', 100, -100, 100, 15, 20, 5, 300, 5, 2.05, 2.5, 30000]",0.0,40.06785400000808
"['f17', 100, -100, 100, 15, 20, 5, 300, 5, 2.05, 2.5, 30000]",1.3648956794151141,39.56889100000262
"['f17', 100, -100, 100, 15, 20, 5, 300, 5, 2.05, 2.5, 30000]",0.0,40.28170199999295
"['f17', 100, -100, 100, 15, 20, 5, 300, 5, 2.05, 2.5, 30000]",0.0,40.42647299999953
"['f17', 100, -100, 100, 15, 20, 5, 300, 5, 2.05, 2.5, 30000]",0.0,40.304566999999224
"['f17', 100, -100, 100, 15, 20, 5, 300, 5, 2.05, 2.5, 30000]",0.0,40.719825000007404
"['f17', 100, -100, 100, 15, 20, 5, 300, 5, 2.05, 2.5, 30000]",0.0,39.73878299999342
"['f17', 100, -100, 100, 15, 20, 5, 300, 5, 2.05, 2.5, 30000]",0.0,40.550969999996596
"['f17', 100, -100, 100, 15, 20, 5, 300, 5, 2.05, 2.5, 30000]",0.0,39.981408999999985
"['f17', 100, -100, 100, 15, 20, 5, 300, 5, 2.05, 2.5, 30000]",0.0,39.9175499999983
"['f17', 100, -100, 100, 15, 20, 5, 300, 5, 2.05, 2.5, 30000]",0.0,40.69815499999095
"['f17', 100, -100, 100, 15, 20, 5, 300, 5, 2.05, 2.5, 30000]",0.0,40.5906329999998
"['f17', 100, -100, 100, 15, 20, 5, 300, 5, 2.05, 2.5, 30000]",0.0,40.04559100000188
"['f17', 100, -100, 100, 15, 20, 5, 300, 5, 2.05, 2.5, 30000]",0.0,40.658007000005455
"['f17', 100, -100, 100, 15, 20, 5, 300, 5, 2.05, 2.5, 30000]",7.889472551761106,39.52611900000193
"['f17', 100, -100, 100, 15, 20, 5, 300, 5, 2.05, 2.5, 30000]",0.0,40.69194299999799
"['f17', 100, -100, 100, 15, 20, 5, 300, 5, 2.05, 2.5, 30000]",0.0,40.68303800000285
