"combination = [fitness_function_name, dimension, range0, range1, m, n, l1, l2, max_ep, c1, c2, c3, c4, function evaluation]",gBest_fitness,total_time
"['f20', 20, -10, 10, 15, 5, 10, 300, 5, 2.05, 2.05, 2.05, 2.05, 26250]",779.1474521417052,319.9401180000277
"['f20', 20, -10, 10, 15, 5, 10, 300, 5, 2.05, 2.05, 2.05, 2.05, 26250]",777.4994014014762,319.8177709999727
"['f20', 20, -10, 10, 15, 5, 10, 300, 5, 2.05, 2.05, 2.05, 2.05, 26250]",776.0049478225927,317.71552899992093
"['f20', 20, -10, 10, 15, 5, 10, 300, 5, 2.05, 2.05, 2.05, 2.05, 26250]",775.8773366016025,324.0057680000318
"['f20', 20, -10, 10, 15, 5, 10, 300, 5, 2.05, 2.05, 2.05, 2.05, 26250]",777.5695077608915,316.8550840000389
"['f20', 20, -10, 10, 15, 5, 10, 300, 5, 2.05, 2.05, 2.05, 2.05, 26250]",775.3995447239455,316.9544730000198
"['f20', 20, -10, 10, 15, 5, 10, 300, 5, 2.05, 2.05, 2.05, 2.05, 26250]",777.104941901483,327.8743469999172
"['f20', 20, -10, 10, 15, 5, 10, 300, 5, 2.05, 2.05, 2.05, 2.05, 26250]",776.6695760562149,325.42496900004335
"['f20', 20, -10, 10, 15, 5, 10, 300, 5, 2.05, 2.05, 2.05, 2.05, 26250]",777.7666109430055,310.8419490000233
"['f20', 20, -10, 10, 15, 5, 10, 300, 5, 2.05, 2.05, 2.05, 2.05, 26250]",778.4155777492912,334.9318879999919
"['f20', 20, -10, 10, 15, 5, 10, 300, 5, 2.05, 2.05, 2.05, 2.05, 26250]",779.7564816307569,319.1147790000541
"['f20', 20, -10, 10, 15, 5, 10, 300, 5, 2.05, 2.05, 2.05, 2.05, 26250]",775.9975857629274,305.8063729999121
"['f20', 20, -10, 10, 15, 5, 10, 300, 5, 2.05, 2.05, 2.05, 2.05, 26250]",772.8375323521659,326.52842099999543
"['f20', 20, -10, 10, 15, 5, 10, 300, 5, 2.05, 2.05, 2.05, 2.05, 26250]",780.3861595830681,312.68175200000405
"['f20', 20, -10, 10, 15, 5, 10, 300, 5, 2.05, 2.05, 2.05, 2.05, 26250]",775.4945736903268,330.2748159999028
"['f20', 20, -10, 10, 15, 5, 10, 300, 5, 2.05, 2.05, 2.05, 2.05, 26250]",775.4222763094347,312.4380399999209
"['f20', 20, -10, 10, 15, 5, 10, 300, 5, 2.05, 2.05, 2.05, 2.05, 26250]",777.5893007312417,307.83087600010913
"['f20', 20, -10, 10, 15, 5, 10, 300, 5, 2.05, 2.05, 2.05, 2.05, 26250]",775.5470781274885,325.4583489999641
"['f20', 20, -10, 10, 15, 5, 10, 300, 5, 2.05, 2.05, 2.05, 2.05, 26250]",777.3127296600561,314.12706500000786
"['f20', 20, -10, 10, 15, 5, 10, 300, 5, 2.05, 2.05, 2.05, 2.05, 26250]",777.4153194489011,308.90142299991567
"['f20', 20, -10, 10, 15, 5, 20, 300, 5, 2.05, 2.05, 2.05, 2.05, 30000]",774.4719008231671,348.16941199998837
"['f20', 20, -10, 10, 15, 5, 20, 300, 5, 2.05, 2.05, 2.05, 2.05, 30000]",778.5618825733894,365.71587099996395
"['f20', 20, -10, 10, 15, 5, 20, 300, 5, 2.05, 2.05, 2.05, 2.05, 30000]",778.360983830017,361.84657000005245
"['f20', 20, -10, 10, 15, 5, 20, 300, 5, 2.05, 2.05, 2.05, 2.05, 30000]",775.6305621275466,386.5419080000138
"['f20', 20, -10, 10, 15, 5, 20, 300, 5, 2.05, 2.05, 2.05, 2.05, 30000]",776.2481720544914,360.85716800007503
"['f20', 20, -10, 10, 15, 5, 20, 300, 5, 2.05, 2.05, 2.05, 2.05, 30000]",778.8781274458817,365.3868960000109
"['f20', 20, -10, 10, 15, 5, 20, 300, 5, 2.05, 2.05, 2.05, 2.05, 30000]",776.112990137163,359.69538199994713
"['f20', 20, -10, 10, 15, 5, 20, 300, 5, 2.05, 2.05, 2.05, 2.05, 30000]",776.9168978186519,364.54166099999566
"['f20', 20, -10, 10, 15, 5, 20, 300, 5, 2.05, 2.05, 2.05, 2.05, 30000]",775.8213915479955,355.45978400006425
"['f20', 20, -10, 10, 15, 5, 20, 300, 5, 2.05, 2.05, 2.05, 2.05, 30000]",777.0915233746142,361.80789499997627
"['f20', 20, -10, 10, 15, 5, 20, 300, 5, 2.05, 2.05, 2.05, 2.05, 30000]",775.901853271337,358.9488109999802
"['f20', 20, -10, 10, 15, 5, 20, 300, 5, 2.05, 2.05, 2.05, 2.05, 30000]",778.9972252200071,355.83837399992626
"['f20', 20, -10, 10, 15, 5, 20, 300, 5, 2.05, 2.05, 2.05, 2.05, 30000]",778.0473110067239,357.08894499996677
"['f20', 20, -10, 10, 15, 5, 20, 300, 5, 2.05, 2.05, 2.05, 2.05, 30000]",780.7606447119191,359.23340700007975
"['f20', 20, -10, 10, 15, 5, 20, 300, 5, 2.05, 2.05, 2.05, 2.05, 30000]",779.1632965795968,369.0104890000075
"['f20', 20, -10, 10, 15, 5, 20, 300, 5, 2.05, 2.05, 2.05, 2.05, 30000]",777.1339338527124,359.47383899998385
"['f20', 20, -10, 10, 15, 5, 20, 300, 5, 2.05, 2.05, 2.05, 2.05, 30000]",771.1302865177845,357.79191100003663
"['f20', 20, -10, 10, 15, 5, 20, 300, 5, 2.05, 2.05, 2.05, 2.05, 30000]",778.2754901451577,369.7009669999825
"['f20', 20, -10, 10, 15, 5, 20, 300, 5, 2.05, 2.05, 2.05, 2.05, 30000]",781.6078479830767,358.03575200005434
"['f20', 20, -10, 10, 15, 5, 20, 300, 5, 2.05, 2.05, 2.05, 2.05, 30000]",774.7239057498682,353.2300549999345
"['f20', 20, -10, 10, 15, 10, 5, 300, 5, 2.05, 2.05, 2.05, 2.05, 26250]",777.4029183033498,315.33872100000735
"['f20', 20, -10, 10, 15, 10, 5, 300, 5, 2.05, 2.05, 2.05, 2.05, 26250]",780.2193504290723,315.7993569999235
"['f20', 20, -10, 10, 15, 10, 5, 300, 5, 2.05, 2.05, 2.05, 2.05, 26250]",780.2617353732848,319.7849560000468
"['f20', 20, -10, 10, 15, 10, 5, 300, 5, 2.05, 2.05, 2.05, 2.05, 26250]",778.5843252996588,311.671667000046
"['f20', 20, -10, 10, 15, 10, 5, 300, 5, 2.05, 2.05, 2.05, 2.05, 26250]",779.4694533629805,319.26046200003475
"['f20', 20, -10, 10, 15, 10, 5, 300, 5, 2.05, 2.05, 2.05, 2.05, 26250]",778.3875659842521,314.2487329998985
"['f20', 20, -10, 10, 15, 10, 5, 300, 5, 2.05, 2.05, 2.05, 2.05, 26250]",777.2585595325507,318.57269599998835
"['f20', 20, -10, 10, 15, 10, 5, 300, 5, 2.05, 2.05, 2.05, 2.05, 26250]",780.3394363401411,313.8726790000219
"['f20', 20, -10, 10, 15, 10, 5, 300, 5, 2.05, 2.05, 2.05, 2.05, 26250]",772.7984599386529,316.4033670000499
"['f20', 20, -10, 10, 15, 10, 5, 300, 5, 2.05, 2.05, 2.05, 2.05, 26250]",782.1263463493374,313.6966849999735
"['f20', 20, -10, 10, 15, 10, 5, 300, 5, 2.05, 2.05, 2.05, 2.05, 26250]",774.7265254810683,322.1879960000515
"['f20', 20, -10, 10, 15, 10, 5, 300, 5, 2.05, 2.05, 2.05, 2.05, 26250]",776.7978151404898,306.63089599995874
"['f20', 20, -10, 10, 15, 10, 5, 300, 5, 2.05, 2.05, 2.05, 2.05, 26250]",778.0386747500124,319.09870500001125
"['f20', 20, -10, 10, 15, 10, 5, 300, 5, 2.05, 2.05, 2.05, 2.05, 26250]",777.9049822968719,322.54669499990996
"['f20', 20, -10, 10, 15, 10, 5, 300, 5, 2.05, 2.05, 2.05, 2.05, 26250]",776.2194072403125,333.8272589999251
"['f20', 20, -10, 10, 15, 10, 5, 300, 5, 2.05, 2.05, 2.05, 2.05, 26250]",777.3547530374536,311.7706890000263
"['f20', 20, -10, 10, 15, 10, 5, 300, 5, 2.05, 2.05, 2.05, 2.05, 26250]",775.879589719082,315.5799050000496
"['f20', 20, -10, 10, 15, 10, 5, 300, 5, 2.05, 2.05, 2.05, 2.05, 26250]",775.0055568608759,311.144552999991
"['f20', 20, -10, 10, 15, 10, 5, 300, 5, 2.05, 2.05, 2.05, 2.05, 26250]",774.1287862831965,327.090876000002
"['f20', 20, -10, 10, 15, 10, 5, 300, 5, 2.05, 2.05, 2.05, 2.05, 26250]",776.6282179274211,314.74483900005
"['f20', 20, -10, 10, 15, 10, 10, 300, 5, 2.05, 2.05, 2.05, 2.05, 30000]",775.7808598790583,357.32130900002085
"['f20', 20, -10, 10, 15, 10, 10, 300, 5, 2.05, 2.05, 2.05, 2.05, 30000]",781.5021919441135,361.06283599999733
"['f20', 20, -10, 10, 15, 10, 10, 300, 5, 2.05, 2.05, 2.05, 2.05, 30000]",773.2010820435229,362.5948169999756
"['f20', 20, -10, 10, 15, 10, 10, 300, 5, 2.05, 2.05, 2.05, 2.05, 30000]",777.6370569863459,373.6890920000151
"['f20', 20, -10, 10, 15, 10, 10, 300, 5, 2.05, 2.05, 2.05, 2.05, 30000]",777.7695646310451,368.39363100007176
"['f20', 20, -10, 10, 15, 10, 10, 300, 5, 2.05, 2.05, 2.05, 2.05, 30000]",777.7613808611994,385.01422000001185
"['f20', 20, -10, 10, 15, 10, 10, 300, 5, 2.05, 2.05, 2.05, 2.05, 30000]",774.7125781769803,402.18190800002776
"['f20', 20, -10, 10, 15, 10, 10, 300, 5, 2.05, 2.05, 2.05, 2.05, 30000]",776.5438910401518,416.0201179999858
"['f20', 20, -10, 10, 15, 10, 10, 300, 5, 2.05, 2.05, 2.05, 2.05, 30000]",778.8223082881456,401.43494599999394
"['f20', 20, -10, 10, 15, 10, 10, 300, 5, 2.05, 2.05, 2.05, 2.05, 30000]",774.7871658400892,406.11028499994427
"['f20', 20, -10, 10, 15, 10, 10, 300, 5, 2.05, 2.05, 2.05, 2.05, 30000]",775.3679707975923,424.89832200005185
"['f20', 20, -10, 10, 15, 10, 10, 300, 5, 2.05, 2.05, 2.05, 2.05, 30000]",775.1671327351926,409.9764209999703
"['f20', 20, -10, 10, 15, 10, 10, 300, 5, 2.05, 2.05, 2.05, 2.05, 30000]",779.0838329550126,402.775585000054
"['f20', 20, -10, 10, 15, 10, 10, 300, 5, 2.05, 2.05, 2.05, 2.05, 30000]",774.8464372488428,408.7463530000532
"['f20', 20, -10, 10, 15, 10, 10, 300, 5, 2.05, 2.05, 2.05, 2.05, 30000]",776.5421172081582,414.45601199998055
"['f20', 20, -10, 10, 15, 10, 10, 300, 5, 2.05, 2.05, 2.05, 2.05, 30000]",777.4827225409749,413.6766340000322
"['f20', 20, -10, 10, 15, 10, 10, 300, 5, 2.05, 2.05, 2.05, 2.05, 30000]",774.6821077117071,416.8257910000393
"['f20', 20, -10, 10, 15, 10, 10, 300, 5, 2.05, 2.05, 2.05, 2.05, 30000]",777.5564841879068,416.3864499999909
"['f20', 20, -10, 10, 15, 10, 10, 300, 5, 2.05, 2.05, 2.05, 2.05, 30000]",777.0955719270014,390.62159300001804
"['f20', 20, -10, 10, 15, 10, 10, 300, 5, 2.05, 2.05, 2.05, 2.05, 30000]",776.9853816672161,411.18672899995
"['f20', 20, -10, 10, 15, 10, 20, 200, 5, 2.05, 2.05, 2.05, 2.05, 30000]",779.6013458024515,408.75769899995066
"['f20', 20, -10, 10, 15, 10, 20, 200, 5, 2.05, 2.05, 2.05, 2.05, 30000]",779.2028309121686,421.71099299995694
"['f20', 20, -10, 10, 15, 10, 20, 200, 5, 2.05, 2.05, 2.05, 2.05, 30000]",773.7467285440767,413.2562489999691
"['f20', 20, -10, 10, 15, 10, 20, 200, 5, 2.05, 2.05, 2.05, 2.05, 30000]",774.3148619378103,418.39231100003235
"['f20', 20, -10, 10, 15, 10, 20, 200, 5, 2.05, 2.05, 2.05, 2.05, 30000]",774.8211905322057,419.85361899994314
"['f20', 20, -10, 10, 15, 10, 20, 200, 5, 2.05, 2.05, 2.05, 2.05, 30000]",779.1588099752274,412.90620199998375
"['f20', 20, -10, 10, 15, 10, 20, 200, 5, 2.05, 2.05, 2.05, 2.05, 30000]",772.2807913126097,416.43143400002737
"['f20', 20, -10, 10, 15, 10, 20, 200, 5, 2.05, 2.05, 2.05, 2.05, 30000]",774.6402327622931,403.48821899993345
"['f20', 20, -10, 10, 15, 10, 20, 200, 5, 2.05, 2.05, 2.05, 2.05, 30000]",775.409545165779,409.18467099999543
"['f20', 20, -10, 10, 15, 10, 20, 200, 5, 2.05, 2.05, 2.05, 2.05, 30000]",776.5857136222755,414.52448599995114
"['f20', 20, -10, 10, 15, 10, 20, 200, 5, 2.05, 2.05, 2.05, 2.05, 30000]",774.5361116165891,423.1230789999245
"['f20', 20, -10, 10, 15, 10, 20, 200, 5, 2.05, 2.05, 2.05, 2.05, 30000]",777.0929522735664,419.3770079999231
"['f20', 20, -10, 10, 15, 10, 20, 200, 5, 2.05, 2.05, 2.05, 2.05, 30000]",778.0596680813875,414.83281300007366
"['f20', 20, -10, 10, 15, 10, 20, 200, 5, 2.05, 2.05, 2.05, 2.05, 30000]",775.767805069423,410.0468439999968
"['f20', 20, -10, 10, 15, 10, 20, 200, 5, 2.05, 2.05, 2.05, 2.05, 30000]",778.0143199416415,401.4751239999896
"['f20', 20, -10, 10, 15, 10, 20, 200, 5, 2.05, 2.05, 2.05, 2.05, 30000]",775.1504908683883,423.81942099996377
"['f20', 20, -10, 10, 15, 10, 20, 200, 5, 2.05, 2.05, 2.05, 2.05, 30000]",776.2902747716072,412.35077800008
"['f20', 20, -10, 10, 15, 10, 20, 200, 5, 2.05, 2.05, 2.05, 2.05, 30000]",776.6521765869654,416.1664500000188
"['f20', 20, -10, 10, 15, 10, 20, 200, 5, 2.05, 2.05, 2.05, 2.05, 30000]",777.9548895386994,418.0214299999643
"['f20', 20, -10, 10, 15, 10, 20, 200, 5, 2.05, 2.05, 2.05, 2.05, 30000]",775.2270336954019,412.47842000005767
"['f20', 20, -10, 10, 15, 20, 5, 300, 5, 2.05, 2.05, 2.05, 2.05, 30000]",776.7542746502933,418.5958760000067
"['f20', 20, -10, 10, 15, 20, 5, 300, 5, 2.05, 2.05, 2.05, 2.05, 30000]",782.3582258410457,421.85629500006326
"['f20', 20, -10, 10, 15, 20, 5, 300, 5, 2.05, 2.05, 2.05, 2.05, 30000]",777.4413403180655,403.0529310000129
"['f20', 20, -10, 10, 15, 20, 5, 300, 5, 2.05, 2.05, 2.05, 2.05, 30000]",776.2587028175748,411.8911069999449
"['f20', 20, -10, 10, 15, 20, 5, 300, 5, 2.05, 2.05, 2.05, 2.05, 30000]",779.2771212653613,408.6709020000417
"['f20', 20, -10, 10, 15, 20, 5, 300, 5, 2.05, 2.05, 2.05, 2.05, 30000]",775.785422249573,405.5058410000056
"['f20', 20, -10, 10, 15, 20, 5, 300, 5, 2.05, 2.05, 2.05, 2.05, 30000]",772.8747275917639,427.34181200002786
"['f20', 20, -10, 10, 15, 20, 5, 300, 5, 2.05, 2.05, 2.05, 2.05, 30000]",780.53554193356,413.8929210000206
"['f20', 20, -10, 10, 15, 20, 5, 300, 5, 2.05, 2.05, 2.05, 2.05, 30000]",777.9436360507534,427.2508969999617
"['f20', 20, -10, 10, 15, 20, 5, 300, 5, 2.05, 2.05, 2.05, 2.05, 30000]",777.3720720408004,416.8184900000924
"['f20', 20, -10, 10, 15, 20, 5, 300, 5, 2.05, 2.05, 2.05, 2.05, 30000]",774.5855965555645,427.902083999943
"['f20', 20, -10, 10, 15, 20, 5, 300, 5, 2.05, 2.05, 2.05, 2.05, 30000]",782.1479952893015,407.46583499992266
"['f20', 20, -10, 10, 15, 20, 5, 300, 5, 2.05, 2.05, 2.05, 2.05, 30000]",780.4691102472009,425.85883100004867
"['f20', 20, -10, 10, 15, 20, 5, 300, 5, 2.05, 2.05, 2.05, 2.05, 30000]",776.9084026761808,402.4447950000176
"['f20', 20, -10, 10, 15, 20, 5, 300, 5, 2.05, 2.05, 2.05, 2.05, 30000]",776.188321463211,412.41347499995027
"['f20', 20, -10, 10, 15, 20, 5, 300, 5, 2.05, 2.05, 2.05, 2.05, 30000]",778.3087295354927,403.74383099994157
"['f20', 20, -10, 10, 15, 20, 5, 300, 5, 2.05, 2.05, 2.05, 2.05, 30000]",783.592141456221,414.3297470000107
"['f20', 20, -10, 10, 15, 20, 5, 300, 5, 2.05, 2.05, 2.05, 2.05, 30000]",781.4939158397094,402.201938000042
"['f20', 20, -10, 10, 15, 20, 5, 300, 5, 2.05, 2.05, 2.05, 2.05, 30000]",783.3816832581414,404.2034519999288
"['f20', 20, -10, 10, 15, 20, 5, 300, 5, 2.05, 2.05, 2.05, 2.05, 30000]",774.7219523768867,413.73710700008087
"['f20', 20, -10, 10, 15, 20, 10, 200, 5, 2.05, 2.05, 2.05, 2.05, 30000]",775.7068203553932,403.83517099998426
"['f20', 20, -10, 10, 15, 20, 10, 200, 5, 2.05, 2.05, 2.05, 2.05, 30000]",774.9523456668722,423.37610200000927
"['f20', 20, -10, 10, 15, 20, 10, 200, 5, 2.05, 2.05, 2.05, 2.05, 30000]",778.0622508575975,421.3393690000521
"['f20', 20, -10, 10, 15, 20, 10, 200, 5, 2.05, 2.05, 2.05, 2.05, 30000]",774.9232331741721,413.9743489999091
"['f20', 20, -10, 10, 15, 20, 10, 200, 5, 2.05, 2.05, 2.05, 2.05, 30000]",775.3689982126713,409.05962199997157
"['f20', 20, -10, 10, 15, 20, 10, 200, 5, 2.05, 2.05, 2.05, 2.05, 30000]",771.9339327240164,405.13132500008214
"['f20', 20, -10, 10, 15, 20, 10, 200, 5, 2.05, 2.05, 2.05, 2.05, 30000]",775.833696674913,394.6236159999389
"['f20', 20, -10, 10, 15, 20, 10, 200, 5, 2.05, 2.05, 2.05, 2.05, 30000]",775.7962409756238,398.63346799998544
"['f20', 20, -10, 10, 15, 20, 10, 200, 5, 2.05, 2.05, 2.05, 2.05, 30000]",776.0799537202984,416.3834590000333
"['f20', 20, -10, 10, 15, 20, 10, 200, 5, 2.05, 2.05, 2.05, 2.05, 30000]",776.6713878809742,401.9544819999719
"['f20', 20, -10, 10, 15, 20, 10, 200, 5, 2.05, 2.05, 2.05, 2.05, 30000]",779.2857087645835,409.79996099998243
"['f20', 20, -10, 10, 15, 20, 10, 200, 5, 2.05, 2.05, 2.05, 2.05, 30000]",771.6520632414391,406.5134179999586
"['f20', 20, -10, 10, 15, 20, 10, 200, 5, 2.05, 2.05, 2.05, 2.05, 30000]",774.9767150174644,404.1592459999956
"['f20', 20, -10, 10, 15, 20, 10, 200, 5, 2.05, 2.05, 2.05, 2.05, 30000]",774.7404995932892,417.6292080000276
"['f20', 20, -10, 10, 15, 20, 10, 200, 5, 2.05, 2.05, 2.05, 2.05, 30000]",776.7879114042792,415.476948000025
"['f20', 20, -10, 10, 15, 20, 10, 200, 5, 2.05, 2.05, 2.05, 2.05, 30000]",776.0437121883131,423.51277400006074
"['f20', 20, -10, 10, 15, 20, 10, 200, 5, 2.05, 2.05, 2.05, 2.05, 30000]",776.8690166768505,416.32977499999106
"['f20', 20, -10, 10, 15, 20, 10, 200, 5, 2.05, 2.05, 2.05, 2.05, 30000]",775.382249176017,417.1498030000366
"['f20', 20, -10, 10, 15, 20, 10, 200, 5, 2.05, 2.05, 2.05, 2.05, 30000]",774.552565485113,413.85185500001535
"['f20', 20, -10, 10, 15, 20, 10, 200, 5, 2.05, 2.05, 2.05, 2.05, 30000]",772.3804752836256,405.2318759999471
"['f20', 20, -10, 10, 20, 5, 10, 200, 5, 2.05, 2.05, 2.05, 2.05, 25000]",776.0085693747709,339.00137399998493
"['f20', 20, -10, 10, 20, 5, 10, 200, 5, 2.05, 2.05, 2.05, 2.05, 25000]",772.7335762245377,328.7466280000517
"['f20', 20, -10, 10, 20, 5, 10, 200, 5, 2.05, 2.05, 2.05, 2.05, 25000]",775.9613901026809,345.4469350000145
"['f20', 20, -10, 10, 20, 5, 10, 200, 5, 2.05, 2.05, 2.05, 2.05, 25000]",775.445641009306,343.1441740000155
"['f20', 20, -10, 10, 20, 5, 10, 200, 5, 2.05, 2.05, 2.05, 2.05, 25000]",775.9834279650767,350.8566400000127
"['f20', 20, -10, 10, 20, 5, 10, 200, 5, 2.05, 2.05, 2.05, 2.05, 25000]",776.2938383488577,333.61835600004997
"['f20', 20, -10, 10, 20, 5, 10, 200, 5, 2.05, 2.05, 2.05, 2.05, 25000]",772.8659289070841,350.7959989999654
"['f20', 20, -10, 10, 20, 5, 10, 200, 5, 2.05, 2.05, 2.05, 2.05, 25000]",776.3293223758138,349.2094340000767
"['f20', 20, -10, 10, 20, 5, 10, 200, 5, 2.05, 2.05, 2.05, 2.05, 25000]",774.7311009162281,347.74418899999
"['f20', 20, -10, 10, 20, 5, 10, 200, 5, 2.05, 2.05, 2.05, 2.05, 25000]",775.7566917676407,332.3540000000503
"['f20', 20, -10, 10, 20, 5, 10, 200, 5, 2.05, 2.05, 2.05, 2.05, 25000]",772.1340233168448,338.3143610000843
"['f20', 20, -10, 10, 20, 5, 10, 200, 5, 2.05, 2.05, 2.05, 2.05, 25000]",774.8654786359135,333.00818500004243
"['f20', 20, -10, 10, 20, 5, 10, 200, 5, 2.05, 2.05, 2.05, 2.05, 25000]",774.8182512573339,345.5945710000815
"['f20', 20, -10, 10, 20, 5, 10, 200, 5, 2.05, 2.05, 2.05, 2.05, 25000]",779.7014535919471,341.7040879999986
"['f20', 20, -10, 10, 20, 5, 10, 200, 5, 2.05, 2.05, 2.05, 2.05, 25000]",779.4446515188092,345.6352089999709
"['f20', 20, -10, 10, 20, 5, 10, 200, 5, 2.05, 2.05, 2.05, 2.05, 25000]",773.5283961737292,349.01701499999035
"['f20', 20, -10, 10, 20, 5, 10, 200, 5, 2.05, 2.05, 2.05, 2.05, 25000]",776.4989509060471,354.691458000103
"['f20', 20, -10, 10, 20, 5, 10, 200, 5, 2.05, 2.05, 2.05, 2.05, 25000]",780.1202565703866,345.41090900008567
"['f20', 20, -10, 10, 20, 5, 10, 200, 5, 2.05, 2.05, 2.05, 2.05, 25000]",781.4967394520888,335.80575700011104
"['f20', 20, -10, 10, 20, 5, 10, 200, 5, 2.05, 2.05, 2.05, 2.05, 25000]",778.5018406053003,328.3975559999235
"['f20', 20, -10, 10, 20, 5, 20, 200, 5, 2.05, 2.05, 2.05, 2.05, 30000]",777.4853769822482,409.876571000088
"['f20', 20, -10, 10, 20, 5, 20, 200, 5, 2.05, 2.05, 2.05, 2.05, 30000]",777.5215588007966,420.20397999999113
"['f20', 20, -10, 10, 20, 5, 20, 200, 5, 2.05, 2.05, 2.05, 2.05, 30000]",776.9116048767606,416.26105500000995
"['f20', 20, -10, 10, 20, 5, 20, 200, 5, 2.05, 2.05, 2.05, 2.05, 30000]",776.754197357527,412.55412899993826
"['f20', 20, -10, 10, 20, 5, 20, 200, 5, 2.05, 2.05, 2.05, 2.05, 30000]",780.3975275634614,409.5526690001134
"['f20', 20, -10, 10, 20, 5, 20, 200, 5, 2.05, 2.05, 2.05, 2.05, 30000]",778.4339444487347,405.1552930000471
"['f20', 20, -10, 10, 20, 5, 20, 200, 5, 2.05, 2.05, 2.05, 2.05, 30000]",774.4045421939958,423.19943100004457
"['f20', 20, -10, 10, 20, 5, 20, 200, 5, 2.05, 2.05, 2.05, 2.05, 30000]",778.6625078872062,409.46266700001433
"['f20', 20, -10, 10, 20, 5, 20, 200, 5, 2.05, 2.05, 2.05, 2.05, 30000]",776.0711634637886,400.5170939998934
"['f20', 20, -10, 10, 20, 5, 20, 200, 5, 2.05, 2.05, 2.05, 2.05, 30000]",779.7531730550492,411.41276099998504
"['f20', 20, -10, 10, 20, 5, 20, 200, 5, 2.05, 2.05, 2.05, 2.05, 30000]",777.4614505528423,425.78532900009304
"['f20', 20, -10, 10, 20, 5, 20, 200, 5, 2.05, 2.05, 2.05, 2.05, 30000]",777.1889304333752,395.8097799998941
"['f20', 20, -10, 10, 20, 5, 20, 200, 5, 2.05, 2.05, 2.05, 2.05, 30000]",775.9267299945361,419.5936320000328
"['f20', 20, -10, 10, 20, 5, 20, 200, 5, 2.05, 2.05, 2.05, 2.05, 30000]",778.7429288851292,417.4328819999937
"['f20', 20, -10, 10, 20, 5, 20, 200, 5, 2.05, 2.05, 2.05, 2.05, 30000]",775.6303393328568,399.7962280000793
"['f20', 20, -10, 10, 20, 5, 20, 200, 5, 2.05, 2.05, 2.05, 2.05, 30000]",778.6042739916304,412.7339299999876
"['f20', 20, -10, 10, 20, 5, 20, 200, 5, 2.05, 2.05, 2.05, 2.05, 30000]",777.4616599540874,427.9796230000211
"['f20', 20, -10, 10, 20, 5, 20, 200, 5, 2.05, 2.05, 2.05, 2.05, 30000]",781.0072709091396,430.27392299997155
"['f20', 20, -10, 10, 20, 5, 20, 200, 5, 2.05, 2.05, 2.05, 2.05, 30000]",777.0283279743196,411.75284299999475
"['f20', 20, -10, 10, 20, 5, 20, 200, 5, 2.05, 2.05, 2.05, 2.05, 30000]",776.6784245301927,409.6002359999111
"['f20', 20, -10, 10, 20, 10, 5, 200, 5, 2.05, 2.05, 2.05, 2.05, 25000]",777.7031127121018,354.34745800006203
"['f20', 20, -10, 10, 20, 10, 5, 200, 5, 2.05, 2.05, 2.05, 2.05, 25000]",776.9931071160295,338.1168170000892
"['f20', 20, -10, 10, 20, 10, 5, 200, 5, 2.05, 2.05, 2.05, 2.05, 25000]",777.9870651129467,347.7990920000011
"['f20', 20, -10, 10, 20, 10, 5, 200, 5, 2.05, 2.05, 2.05, 2.05, 25000]",782.1055991126321,337.4258240000345
"['f20', 20, -10, 10, 20, 10, 5, 200, 5, 2.05, 2.05, 2.05, 2.05, 25000]",774.3177465952604,352.0537089999998
"['f20', 20, -10, 10, 20, 10, 5, 200, 5, 2.05, 2.05, 2.05, 2.05, 25000]",775.1080424197771,335.2301710000029
"['f20', 20, -10, 10, 20, 10, 5, 200, 5, 2.05, 2.05, 2.05, 2.05, 25000]",777.8466268360353,345.87478099996224
"['f20', 20, -10, 10, 20, 10, 5, 200, 5, 2.05, 2.05, 2.05, 2.05, 25000]",774.1155648027847,343.01479100005236
"['f20', 20, -10, 10, 20, 10, 5, 200, 5, 2.05, 2.05, 2.05, 2.05, 25000]",778.6481552080073,348.7627060000086
"['f20', 20, -10, 10, 20, 10, 5, 200, 5, 2.05, 2.05, 2.05, 2.05, 25000]",777.7755497622284,346.0084669999778
"['f20', 20, -10, 10, 20, 10, 5, 200, 5, 2.05, 2.05, 2.05, 2.05, 25000]",771.7371028795715,348.1459839999443
"['f20', 20, -10, 10, 20, 10, 5, 200, 5, 2.05, 2.05, 2.05, 2.05, 25000]",779.2589189789275,356.291225999943
"['f20', 20, -10, 10, 20, 10, 5, 200, 5, 2.05, 2.05, 2.05, 2.05, 25000]",778.141411572748,351.4306380000198
"['f20', 20, -10, 10, 20, 10, 5, 200, 5, 2.05, 2.05, 2.05, 2.05, 25000]",776.973267633847,349.5813709999202
"['f20', 20, -10, 10, 20, 10, 5, 200, 5, 2.05, 2.05, 2.05, 2.05, 25000]",779.1417069623361,356.4305490000406
"['f20', 20, -10, 10, 20, 10, 5, 200, 5, 2.05, 2.05, 2.05, 2.05, 25000]",778.6199564770149,347.1951129999943
"['f20', 20, -10, 10, 20, 10, 5, 200, 5, 2.05, 2.05, 2.05, 2.05, 25000]",775.8895527912352,345.6892719999887
"['f20', 20, -10, 10, 20, 10, 5, 200, 5, 2.05, 2.05, 2.05, 2.05, 25000]",779.0843404045335,354.2156579999719
"['f20', 20, -10, 10, 20, 10, 5, 200, 5, 2.05, 2.05, 2.05, 2.05, 25000]",778.3863750441024,340.44999200000893
"['f20', 20, -10, 10, 20, 10, 5, 200, 5, 2.05, 2.05, 2.05, 2.05, 25000]",779.225170043278,351.49690500006545
"['f20', 20, -10, 10, 20, 10, 10, 200, 5, 2.05, 2.05, 2.05, 2.05, 30000]",772.9239031111413,413.64136100001633
"['f20', 20, -10, 10, 20, 10, 10, 200, 5, 2.05, 2.05, 2.05, 2.05, 30000]",776.1380880956801,413.518233000068
"['f20', 20, -10, 10, 20, 10, 10, 200, 5, 2.05, 2.05, 2.05, 2.05, 30000]",774.0111024772845,412.7146059999941
"['f20', 20, -10, 10, 20, 10, 10, 200, 5, 2.05, 2.05, 2.05, 2.05, 30000]",779.772570769323,418.1704289999325
"['f20', 20, -10, 10, 20, 10, 10, 200, 5, 2.05, 2.05, 2.05, 2.05, 30000]",775.6781325434706,412.89202300005127
"['f20', 20, -10, 10, 20, 10, 10, 200, 5, 2.05, 2.05, 2.05, 2.05, 30000]",776.4687715858979,421.24852299992926
"['f20', 20, -10, 10, 20, 10, 10, 200, 5, 2.05, 2.05, 2.05, 2.05, 30000]",775.2037959528258,428.8615680000512
"['f20', 20, -10, 10, 20, 10, 10, 200, 5, 2.05, 2.05, 2.05, 2.05, 30000]",775.2239563246295,430.25367499992717
"['f20', 20, -10, 10, 20, 10, 10, 200, 5, 2.05, 2.05, 2.05, 2.05, 30000]",777.6414292287304,429.2593229999766
"['f20', 20, -10, 10, 20, 10, 10, 200, 5, 2.05, 2.05, 2.05, 2.05, 30000]",779.3619343129357,412.0176190000493
"['f20', 20, -10, 10, 20, 10, 10, 200, 5, 2.05, 2.05, 2.05, 2.05, 30000]",777.1351104692471,412.13902799994685
"['f20', 20, -10, 10, 20, 10, 10, 200, 5, 2.05, 2.05, 2.05, 2.05, 30000]",775.3951787492788,364.81682800001
"['f20', 20, -10, 10, 20, 10, 10, 200, 5, 2.05, 2.05, 2.05, 2.05, 30000]",777.3188814119181,360.72453699994367
"['f20', 20, -10, 10, 20, 10, 10, 200, 5, 2.05, 2.05, 2.05, 2.05, 30000]",777.0129193736806,357.9094289999921
"['f20', 20, -10, 10, 20, 10, 10, 200, 5, 2.05, 2.05, 2.05, 2.05, 30000]",777.052419839311,357.64739699999336
"['f20', 20, -10, 10, 20, 10, 10, 200, 5, 2.05, 2.05, 2.05, 2.05, 30000]",778.0840977958206,364.04452299990226
"['f20', 20, -10, 10, 20, 10, 10, 200, 5, 2.05, 2.05, 2.05, 2.05, 30000]",777.6413860918937,382.1191300000064
"['f20', 20, -10, 10, 20, 10, 10, 200, 5, 2.05, 2.05, 2.05, 2.05, 30000]",778.8675888369534,381.0637889999198
"['f20', 20, -10, 10, 20, 10, 10, 200, 5, 2.05, 2.05, 2.05, 2.05, 30000]",777.2580530221712,363.4759469999699
"['f20', 20, -10, 10, 20, 10, 10, 200, 5, 2.05, 2.05, 2.05, 2.05, 30000]",778.7829852550597,361.6731440000003
"['f20', 20, -10, 10, 20, 20, 5, 200, 5, 2.05, 2.05, 2.05, 2.05, 30000]",776.4093162629014,352.00124800007325
"['f20', 20, -10, 10, 20, 20, 5, 200, 5, 2.05, 2.05, 2.05, 2.05, 30000]",777.9453418485617,371.03978599992115
"['f20', 20, -10, 10, 20, 20, 5, 200, 5, 2.05, 2.05, 2.05, 2.05, 30000]",780.1302664671341,358.97838800004683
"['f20', 20, -10, 10, 20, 20, 5, 200, 5, 2.05, 2.05, 2.05, 2.05, 30000]",774.2735809739231,364.9880679999478
"['f20', 20, -10, 10, 20, 20, 5, 200, 5, 2.05, 2.05, 2.05, 2.05, 30000]",775.4078877754238,373.58063500002027
"['f20', 20, -10, 10, 20, 20, 5, 200, 5, 2.05, 2.05, 2.05, 2.05, 30000]",780.1028055913383,371.30366999993566
"['f20', 20, -10, 10, 20, 20, 5, 200, 5, 2.05, 2.05, 2.05, 2.05, 30000]",778.7830200198888,373.59444300003815
"['f20', 20, -10, 10, 20, 20, 5, 200, 5, 2.05, 2.05, 2.05, 2.05, 30000]",778.7013601562044,357.2160279999953
"['f20', 20, -10, 10, 20, 20, 5, 200, 5, 2.05, 2.05, 2.05, 2.05, 30000]",775.998414100463,366.5744179999456
"['f20', 20, -10, 10, 20, 20, 5, 200, 5, 2.05, 2.05, 2.05, 2.05, 30000]",779.3427211626098,364.33387400000356
"['f20', 20, -10, 10, 20, 20, 5, 200, 5, 2.05, 2.05, 2.05, 2.05, 30000]",781.1149577845027,355.9264209999237
"['f20', 20, -10, 10, 20, 20, 5, 200, 5, 2.05, 2.05, 2.05, 2.05, 30000]",777.1871361507981,347.380056999973
"['f20', 20, -10, 10, 20, 20, 5, 200, 5, 2.05, 2.05, 2.05, 2.05, 30000]",779.4640905176452,356.9434370000381
"['f20', 20, -10, 10, 20, 20, 5, 200, 5, 2.05, 2.05, 2.05, 2.05, 30000]",773.8103459052163,353.61800700007007
"['f20', 20, -10, 10, 20, 20, 5, 200, 5, 2.05, 2.05, 2.05, 2.05, 30000]",773.1363271560123,355.1311439999845
"['f20', 20, -10, 10, 20, 20, 5, 200, 5, 2.05, 2.05, 2.05, 2.05, 30000]",780.6527829065627,352.48308099992573
"['f20', 20, -10, 10, 20, 20, 5, 200, 5, 2.05, 2.05, 2.05, 2.05, 30000]",773.1401677821248,363.0064860000275
"['f20', 20, -10, 10, 20, 20, 5, 200, 5, 2.05, 2.05, 2.05, 2.05, 30000]",777.1039644737053,363.60150799993426
"['f20', 20, -10, 10, 20, 20, 5, 200, 5, 2.05, 2.05, 2.05, 2.05, 30000]",777.0512054085618,373.5135650000302
"['f20', 20, -10, 10, 20, 20, 5, 200, 5, 2.05, 2.05, 2.05, 2.05, 30000]",780.6787000134875,353.0511060000863
"['f20', 20, -10, 10, 25, 5, 5, 200, 5, 2.05, 2.05, 2.05, 2.05, 28125]",776.7722614486445,337.8188289999962
"['f20', 20, -10, 10, 25, 5, 5, 200, 5, 2.05, 2.05, 2.05, 2.05, 28125]",778.3726787707986,339.2964820000343
"['f20', 20, -10, 10, 25, 5, 5, 200, 5, 2.05, 2.05, 2.05, 2.05, 28125]",773.7618439255837,334.9704190000193
"['f20', 20, -10, 10, 25, 5, 5, 200, 5, 2.05, 2.05, 2.05, 2.05, 28125]",777.3361571122954,333.10743600002024
"['f20', 20, -10, 10, 25, 5, 5, 200, 5, 2.05, 2.05, 2.05, 2.05, 28125]",775.5811654174838,337.0646219999762
"['f20', 20, -10, 10, 25, 5, 5, 200, 5, 2.05, 2.05, 2.05, 2.05, 28125]",778.9650774277883,360.43653900001664
"['f20', 20, -10, 10, 25, 5, 5, 200, 5, 2.05, 2.05, 2.05, 2.05, 28125]",780.3494024581618,336.14255500002764
"['f20', 20, -10, 10, 25, 5, 5, 200, 5, 2.05, 2.05, 2.05, 2.05, 28125]",781.4482085495416,344.8123050000286
"['f20', 20, -10, 10, 25, 5, 5, 200, 5, 2.05, 2.05, 2.05, 2.05, 28125]",776.5574295085365,356.19439099996816
"['f20', 20, -10, 10, 25, 5, 5, 200, 5, 2.05, 2.05, 2.05, 2.05, 28125]",778.1669710801174,331.15603199996985
"['f20', 20, -10, 10, 25, 5, 5, 200, 5, 2.05, 2.05, 2.05, 2.05, 28125]",774.0228994646526,344.25770499999635
"['f20', 20, -10, 10, 25, 5, 5, 200, 5, 2.05, 2.05, 2.05, 2.05, 28125]",780.9023788699637,341.28353599994443
"['f20', 20, -10, 10, 25, 5, 5, 200, 5, 2.05, 2.05, 2.05, 2.05, 28125]",774.6279116760666,348.8352160000941
"['f20', 20, -10, 10, 25, 5, 5, 200, 5, 2.05, 2.05, 2.05, 2.05, 28125]",775.8721354635287,369.5828610000899
"['f20', 20, -10, 10, 25, 5, 5, 200, 5, 2.05, 2.05, 2.05, 2.05, 28125]",777.3714164168772,335.4561189999804
"['f20', 20, -10, 10, 25, 5, 5, 200, 5, 2.05, 2.05, 2.05, 2.05, 28125]",781.7618755434971,354.5486399999354
"['f20', 20, -10, 10, 25, 5, 5, 200, 5, 2.05, 2.05, 2.05, 2.05, 28125]",779.3845572910377,359.5243950000731
"['f20', 20, -10, 10, 25, 5, 5, 200, 5, 2.05, 2.05, 2.05, 2.05, 28125]",774.1482142062823,340.52917200000957
"['f20', 20, -10, 10, 25, 5, 5, 200, 5, 2.05, 2.05, 2.05, 2.05, 28125]",777.0041139474033,342.486615999951
"['f20', 20, -10, 10, 25, 5, 5, 200, 5, 2.05, 2.05, 2.05, 2.05, 28125]",775.3429033863962,352.426735999994
"['f20', 20, -100, 100, 15, 5, 10, 300, 5, 2.05, 2.05, 2.05, 2.05, 26250]",769.137953623646,315.53209200000856
"['f20', 20, -100, 100, 15, 5, 10, 300, 5, 2.05, 2.05, 2.05, 2.05, 26250]",770.6093797927024,304.6043849999551
"['f20', 20, -100, 100, 15, 5, 10, 300, 5, 2.05, 2.05, 2.05, 2.05, 26250]",774.046535281143,314.74087199999485
"['f20', 20, -100, 100, 15, 5, 10, 300, 5, 2.05, 2.05, 2.05, 2.05, 26250]",771.0688176084453,331.6055039999774
"['f20', 20, -100, 100, 15, 5, 10, 300, 5, 2.05, 2.05, 2.05, 2.05, 26250]",768.6319092768953,336.3066150000086
"['f20', 20, -100, 100, 15, 5, 10, 300, 5, 2.05, 2.05, 2.05, 2.05, 26250]",766.641427038551,315.8076529999962
"['f20', 20, -100, 100, 15, 5, 10, 300, 5, 2.05, 2.05, 2.05, 2.05, 26250]",768.8623383664725,321.17259700002614
"['f20', 20, -100, 100, 15, 5, 10, 300, 5, 2.05, 2.05, 2.05, 2.05, 26250]",770.241831604609,317.5347849999089
"['f20', 20, -100, 100, 15, 5, 10, 300, 5, 2.05, 2.05, 2.05, 2.05, 26250]",770.2817607518091,332.4758750000037
"['f20', 20, -100, 100, 15, 5, 10, 300, 5, 2.05, 2.05, 2.05, 2.05, 26250]",773.7581109570265,316.65979800000787
"['f20', 20, -100, 100, 15, 5, 10, 300, 5, 2.05, 2.05, 2.05, 2.05, 26250]",769.7990160412016,329.9668580000289
"['f20', 20, -100, 100, 15, 5, 10, 300, 5, 2.05, 2.05, 2.05, 2.05, 26250]",773.5629629645578,314.80345300002955
"['f20', 20, -100, 100, 15, 5, 10, 300, 5, 2.05, 2.05, 2.05, 2.05, 26250]",772.552641195526,317.3059750000248
"['f20', 20, -100, 100, 15, 5, 10, 300, 5, 2.05, 2.05, 2.05, 2.05, 26250]",774.0247091105199,310.57052499998827
"['f20', 20, -100, 100, 15, 5, 10, 300, 5, 2.05, 2.05, 2.05, 2.05, 26250]",775.2475586694065,327.2750390000874
"['f20', 20, -100, 100, 15, 5, 10, 300, 5, 2.05, 2.05, 2.05, 2.05, 26250]",773.0028722537226,308.3943440000294
"['f20', 20, -100, 100, 15, 5, 10, 300, 5, 2.05, 2.05, 2.05, 2.05, 26250]",768.62692039523,306.5428659999743
"['f20', 20, -100, 100, 15, 5, 10, 300, 5, 2.05, 2.05, 2.05, 2.05, 26250]",769.6275260689819,316.4154400000116
"['f20', 20, -100, 100, 15, 5, 10, 300, 5, 2.05, 2.05, 2.05, 2.05, 26250]",769.0825383906855,317.0877290000208
"['f20', 20, -100, 100, 15, 5, 10, 300, 5, 2.05, 2.05, 2.05, 2.05, 26250]",776.3904816214593,321.8395989999408
"['f20', 20, -100, 100, 15, 5, 20, 300, 5, 2.05, 2.05, 2.05, 2.05, 30000]",770.3176255967425,372.2090199999511
"['f20', 20, -100, 100, 15, 5, 20, 300, 5, 2.05, 2.05, 2.05, 2.05, 30000]",768.7094690345047,355.7030219999142
"['f20', 20, -100, 100, 15, 5, 20, 300, 5, 2.05, 2.05, 2.05, 2.05, 30000]",772.5879238098172,363.71071100002155
"['f20', 20, -100, 100, 15, 5, 20, 300, 5, 2.05, 2.05, 2.05, 2.05, 30000]",771.2340535487616,376.6604290000396
"['f20', 20, -100, 100, 15, 5, 20, 300, 5, 2.05, 2.05, 2.05, 2.05, 30000]",771.4513215391879,373.2611920000054
"['f20', 20, -100, 100, 15, 5, 20, 300, 5, 2.05, 2.05, 2.05, 2.05, 30000]",767.1234666249079,362.9965889999876
"['f20', 20, -100, 100, 15, 5, 20, 300, 5, 2.05, 2.05, 2.05, 2.05, 30000]",767.7371117082145,359.0802370000165
"['f20', 20, -100, 100, 15, 5, 20, 300, 5, 2.05, 2.05, 2.05, 2.05, 30000]",769.5462795149728,357.8406520000426
"['f20', 20, -100, 100, 15, 5, 20, 300, 5, 2.05, 2.05, 2.05, 2.05, 30000]",772.7055886767364,349.89840399997775
"['f20', 20, -100, 100, 15, 5, 20, 300, 5, 2.05, 2.05, 2.05, 2.05, 30000]",765.886059320861,368.6548039999325
"['f20', 20, -100, 100, 15, 5, 20, 300, 5, 2.05, 2.05, 2.05, 2.05, 30000]",768.7318877404612,365.7626399999717
"['f20', 20, -100, 100, 15, 5, 20, 300, 5, 2.05, 2.05, 2.05, 2.05, 30000]",776.5667884889535,370.48033199994825
"['f20', 20, -100, 100, 15, 5, 20, 300, 5, 2.05, 2.05, 2.05, 2.05, 30000]",767.1927511823991,358.32499400002416
"['f20', 20, -100, 100, 15, 5, 20, 300, 5, 2.05, 2.05, 2.05, 2.05, 30000]",771.9500582066923,367.24760999996215
"['f20', 20, -100, 100, 15, 5, 20, 300, 5, 2.05, 2.05, 2.05, 2.05, 30000]",769.8472115097983,388.12721300008707
"['f20', 20, -100, 100, 15, 5, 20, 300, 5, 2.05, 2.05, 2.05, 2.05, 30000]",772.430000324749,378.50044600002
"['f20', 20, -100, 100, 15, 5, 20, 300, 5, 2.05, 2.05, 2.05, 2.05, 30000]",770.2177526525304,362.9250339999562
"['f20', 20, -100, 100, 15, 5, 20, 300, 5, 2.05, 2.05, 2.05, 2.05, 30000]",774.3288136064226,353.7002779999748
"['f20', 20, -100, 100, 15, 5, 20, 300, 5, 2.05, 2.05, 2.05, 2.05, 30000]",775.7847375873419,373.970394999953
"['f20', 20, -100, 100, 15, 5, 20, 300, 5, 2.05, 2.05, 2.05, 2.05, 30000]",770.8357344280801,365.01281800004654
"['f20', 20, -100, 100, 15, 10, 5, 300, 5, 2.05, 2.05, 2.05, 2.05, 26250]",773.2039568724705,326.89165199990384
"['f20', 20, -100, 100, 15, 10, 5, 300, 5, 2.05, 2.05, 2.05, 2.05, 26250]",772.3492821866465,333.47711500001606
"['f20', 20, -100, 100, 15, 10, 5, 300, 5, 2.05, 2.05, 2.05, 2.05, 26250]",770.5758562901949,317.0004130000016
"['f20', 20, -100, 100, 15, 10, 5, 300, 5, 2.05, 2.05, 2.05, 2.05, 26250]",774.8732120039783,314.18474699999206
"['f20', 20, -100, 100, 15, 10, 5, 300, 5, 2.05, 2.05, 2.05, 2.05, 26250]",770.6694320596948,306.8645040000556
"['f20', 20, -100, 100, 15, 10, 5, 300, 5, 2.05, 2.05, 2.05, 2.05, 26250]",774.474759808862,320.16906800004654
"['f20', 20, -100, 100, 15, 10, 5, 300, 5, 2.05, 2.05, 2.05, 2.05, 26250]",767.6067246033822,311.09657999989577
"['f20', 20, -100, 100, 15, 10, 5, 300, 5, 2.05, 2.05, 2.05, 2.05, 26250]",773.6544415072765,327.62079299998004
"['f20', 20, -100, 100, 15, 10, 5, 300, 5, 2.05, 2.05, 2.05, 2.05, 26250]",767.7590691492638,320.12467499997
"['f20', 20, -100, 100, 15, 10, 5, 300, 5, 2.05, 2.05, 2.05, 2.05, 26250]",768.1659274613123,311.1816979999421
"['f20', 20, -100, 100, 15, 10, 5, 300, 5, 2.05, 2.05, 2.05, 2.05, 26250]",771.7310314439653,312.50331699999515
"['f20', 20, -100, 100, 15, 10, 5, 300, 5, 2.05, 2.05, 2.05, 2.05, 26250]",768.8564015452326,326.4244099999778
"['f20', 20, -100, 100, 15, 10, 5, 300, 5, 2.05, 2.05, 2.05, 2.05, 26250]",773.9410805584705,314.65109500009567
"['f20', 20, -100, 100, 15, 10, 5, 300, 5, 2.05, 2.05, 2.05, 2.05, 26250]",772.896997114902,323.5607949999394
"['f20', 20, -100, 100, 15, 10, 5, 300, 5, 2.05, 2.05, 2.05, 2.05, 26250]",770.1221185328335,310.8695510000689
"['f20', 20, -100, 100, 15, 10, 5, 300, 5, 2.05, 2.05, 2.05, 2.05, 26250]",773.0468989464067,325.0440070000477
"['f20', 20, -100, 100, 15, 10, 5, 300, 5, 2.05, 2.05, 2.05, 2.05, 26250]",770.4362644512836,322.9094760000007
"['f20', 20, -100, 100, 15, 10, 5, 300, 5, 2.05, 2.05, 2.05, 2.05, 26250]",768.6554666456302,317.8560529999668
"['f20', 20, -100, 100, 15, 10, 5, 300, 5, 2.05, 2.05, 2.05, 2.05, 26250]",767.5435891752787,346.48858800006565
"['f20', 20, -100, 100, 15, 10, 5, 300, 5, 2.05, 2.05, 2.05, 2.05, 26250]",773.3672886898851,314.2227249999996
"['f20', 20, -100, 100, 15, 10, 10, 300, 5, 2.05, 2.05, 2.05, 2.05, 30000]",770.2804177393273,351.1100730000762
"['f20', 20, -100, 100, 15, 10, 10, 300, 5, 2.05, 2.05, 2.05, 2.05, 30000]",769.0555904122535,367.12271300004795
"['f20', 20, -100, 100, 15, 10, 10, 300, 5, 2.05, 2.05, 2.05, 2.05, 30000]",769.0980029816184,359.6997650000267
"['f20', 20, -100, 100, 15, 10, 10, 300, 5, 2.05, 2.05, 2.05, 2.05, 30000]",772.5844786656078,362.23012500000186
"['f20', 20, -100, 100, 15, 10, 10, 300, 5, 2.05, 2.05, 2.05, 2.05, 30000]",773.8117991587111,391.0595350000076
"['f20', 20, -100, 100, 15, 10, 10, 300, 5, 2.05, 2.05, 2.05, 2.05, 30000]",770.389398871225,356.7767659999663
"['f20', 20, -100, 100, 15, 10, 10, 300, 5, 2.05, 2.05, 2.05, 2.05, 30000]",772.0919161912054,359.0320289999945
"['f20', 20, -100, 100, 15, 10, 10, 300, 5, 2.05, 2.05, 2.05, 2.05, 30000]",774.6687580403736,358.10203300009016
"['f20', 20, -100, 100, 15, 10, 10, 300, 5, 2.05, 2.05, 2.05, 2.05, 30000]",767.9727880379576,372.73406899999827
"['f20', 20, -100, 100, 15, 10, 10, 300, 5, 2.05, 2.05, 2.05, 2.05, 30000]",772.1225933235982,355.36987399996724
"['f20', 20, -100, 100, 15, 10, 10, 300, 5, 2.05, 2.05, 2.05, 2.05, 30000]",768.1441033989928,368.2058970000362
"['f20', 20, -100, 100, 15, 10, 10, 300, 5, 2.05, 2.05, 2.05, 2.05, 30000]",772.8837119451221,362.0475790000055
"['f20', 20, -100, 100, 15, 10, 10, 300, 5, 2.05, 2.05, 2.05, 2.05, 30000]",770.568900199744,376.06157699995674
"['f20', 20, -100, 100, 15, 10, 10, 300, 5, 2.05, 2.05, 2.05, 2.05, 30000]",767.1541448552541,347.2260490000481
"['f20', 20, -100, 100, 15, 10, 10, 300, 5, 2.05, 2.05, 2.05, 2.05, 30000]",766.5070111134085,348.91148000000976
"['f20', 20, -100, 100, 15, 10, 10, 300, 5, 2.05, 2.05, 2.05, 2.05, 30000]",771.6518741189842,357.4643849999411
"['f20', 20, -100, 100, 15, 10, 10, 300, 5, 2.05, 2.05, 2.05, 2.05, 30000]",775.1679059712257,357.9138190000085
"['f20', 20, -100, 100, 15, 10, 10, 300, 5, 2.05, 2.05, 2.05, 2.05, 30000]",771.3589846503511,353.2233599999454
"['f20', 20, -100, 100, 15, 10, 10, 300, 5, 2.05, 2.05, 2.05, 2.05, 30000]",768.1604119752442,362.86106900009327
"['f20', 20, -100, 100, 15, 10, 10, 300, 5, 2.05, 2.05, 2.05, 2.05, 30000]",767.9103860350829,360.0998140000738
"['f20', 20, -100, 100, 15, 10, 20, 200, 5, 2.05, 2.05, 2.05, 2.05, 30000]",772.7209694359472,363.5428809999721
"['f20', 20, -100, 100, 15, 10, 20, 200, 5, 2.05, 2.05, 2.05, 2.05, 30000]",771.9627307437038,376.9965680000605
"['f20', 20, -100, 100, 15, 10, 20, 200, 5, 2.05, 2.05, 2.05, 2.05, 30000]",772.4292281939038,355.8852199999383
"['f20', 20, -100, 100, 15, 10, 20, 200, 5, 2.05, 2.05, 2.05, 2.05, 30000]",768.6069606600747,351.7335070000263
"['f20', 20, -100, 100, 15, 10, 20, 200, 5, 2.05, 2.05, 2.05, 2.05, 30000]",769.6477901530424,371.5742539999774
"['f20', 20, -100, 100, 15, 10, 20, 200, 5, 2.05, 2.05, 2.05, 2.05, 30000]",768.7028149477799,351.2861640000483
"['f20', 20, -100, 100, 15, 10, 20, 200, 5, 2.05, 2.05, 2.05, 2.05, 30000]",769.2065182620715,354.0271300000604
"['f20', 20, -100, 100, 15, 10, 20, 200, 5, 2.05, 2.05, 2.05, 2.05, 30000]",770.468180512593,364.5772480000742
"['f20', 20, -100, 100, 15, 10, 20, 200, 5, 2.05, 2.05, 2.05, 2.05, 30000]",768.0053714002626,362.4233190000523
"['f20', 20, -100, 100, 15, 10, 20, 200, 5, 2.05, 2.05, 2.05, 2.05, 30000]",767.9169803663493,354.3118539999705
"['f20', 20, -100, 100, 15, 10, 20, 200, 5, 2.05, 2.05, 2.05, 2.05, 30000]",766.5047553410495,360.6659230000805
"['f20', 20, -100, 100, 15, 10, 20, 200, 5, 2.05, 2.05, 2.05, 2.05, 30000]",767.2303480993527,364.2298779999837
"['f20', 20, -100, 100, 15, 10, 20, 200, 5, 2.05, 2.05, 2.05, 2.05, 30000]",768.2539345280112,358.2451379999984
"['f20', 20, -100, 100, 15, 10, 20, 200, 5, 2.05, 2.05, 2.05, 2.05, 30000]",768.9946893326379,350.4157760000089
"['f20', 20, -100, 100, 15, 10, 20, 200, 5, 2.05, 2.05, 2.05, 2.05, 30000]",771.2354574395677,350.95420999999624
"['f20', 20, -100, 100, 15, 10, 20, 200, 5, 2.05, 2.05, 2.05, 2.05, 30000]",772.3993580606375,366.36188400001265
"['f20', 20, -100, 100, 15, 10, 20, 200, 5, 2.05, 2.05, 2.05, 2.05, 30000]",767.8389213451231,371.46232099994086
"['f20', 20, -100, 100, 15, 10, 20, 200, 5, 2.05, 2.05, 2.05, 2.05, 30000]",769.2519621466433,377.94997899990994
"['f20', 20, -100, 100, 15, 10, 20, 200, 5, 2.05, 2.05, 2.05, 2.05, 30000]",771.6772051994247,363.3178589999443
"['f20', 20, -100, 100, 15, 10, 20, 200, 5, 2.05, 2.05, 2.05, 2.05, 30000]",771.3543096357729,369.0897170000244
"['f20', 20, -100, 100, 15, 20, 5, 300, 5, 2.05, 2.05, 2.05, 2.05, 30000]",767.6306450585614,367.2991659999825
"['f20', 20, -100, 100, 15, 20, 5, 300, 5, 2.05, 2.05, 2.05, 2.05, 30000]",768.3459272658772,361.2866999999387
"['f20', 20, -100, 100, 15, 20, 5, 300, 5, 2.05, 2.05, 2.05, 2.05, 30000]",770.224321068936,358.61476700007915
"['f20', 20, -100, 100, 15, 20, 5, 300, 5, 2.05, 2.05, 2.05, 2.05, 30000]",772.0913278586353,364.43155900004786
"['f20', 20, -100, 100, 15, 20, 5, 300, 5, 2.05, 2.05, 2.05, 2.05, 30000]",771.933783623597,358.5308700000169
"['f20', 20, -100, 100, 15, 20, 5, 300, 5, 2.05, 2.05, 2.05, 2.05, 30000]",772.1312590133361,357.7439420000883
"['f20', 20, -100, 100, 15, 20, 5, 300, 5, 2.05, 2.05, 2.05, 2.05, 30000]",770.8807917807953,354.06058300007135
"['f20', 20, -100, 100, 15, 20, 5, 300, 5, 2.05, 2.05, 2.05, 2.05, 30000]",769.0086550951323,361.44182300008833
"['f20', 20, -100, 100, 15, 20, 5, 300, 5, 2.05, 2.05, 2.05, 2.05, 30000]",769.6209215316145,379.08365100005176
"['f20', 20, -100, 100, 15, 20, 5, 300, 5, 2.05, 2.05, 2.05, 2.05, 30000]",770.5527309520082,378.5645610000938
"['f20', 20, -100, 100, 15, 20, 5, 300, 5, 2.05, 2.05, 2.05, 2.05, 30000]",772.7685282394639,369.7365479998989
"['f20', 20, -100, 100, 15, 20, 5, 300, 5, 2.05, 2.05, 2.05, 2.05, 30000]",772.1285412635563,386.3236380000599
"['f20', 20, -100, 100, 15, 20, 5, 300, 5, 2.05, 2.05, 2.05, 2.05, 30000]",770.5621098176755,375.46236599993426
"['f20', 20, -100, 100, 15, 20, 5, 300, 5, 2.05, 2.05, 2.05, 2.05, 30000]",769.8978214852734,402.39239399996586
"['f20', 20, -100, 100, 15, 20, 5, 300, 5, 2.05, 2.05, 2.05, 2.05, 30000]",770.9968498722387,359.21121400000993
"['f20', 20, -100, 100, 15, 20, 5, 300, 5, 2.05, 2.05, 2.05, 2.05, 30000]",771.8386668545859,365.208789999946
"['f20', 20, -100, 100, 15, 20, 5, 300, 5, 2.05, 2.05, 2.05, 2.05, 30000]",768.4168738778316,387.968496000045
"['f20', 20, -100, 100, 15, 20, 5, 300, 5, 2.05, 2.05, 2.05, 2.05, 30000]",771.8183171301413,360.93737100006547
"['f20', 20, -100, 100, 15, 20, 5, 300, 5, 2.05, 2.05, 2.05, 2.05, 30000]",770.8382205947192,366.05412700003944
"['f20', 20, -100, 100, 15, 20, 5, 300, 5, 2.05, 2.05, 2.05, 2.05, 30000]",771.1101217446585,352.1476450000191
"['f20', 20, -100, 100, 15, 20, 10, 200, 5, 2.05, 2.05, 2.05, 2.05, 30000]",769.802035398716,384.2455319999717
"['f20', 20, -100, 100, 15, 20, 10, 200, 5, 2.05, 2.05, 2.05, 2.05, 30000]",770.6423851277466,359.8387380000204
"['f20', 20, -100, 100, 15, 20, 10, 200, 5, 2.05, 2.05, 2.05, 2.05, 30000]",765.0543958407775,380.61364200001117
"['f20', 20, -100, 100, 15, 20, 10, 200, 5, 2.05, 2.05, 2.05, 2.05, 30000]",772.4780530525767,357.65675799991004
"['f20', 20, -100, 100, 15, 20, 10, 200, 5, 2.05, 2.05, 2.05, 2.05, 30000]",770.6898178125722,358.85636100010015
"['f20', 20, -100, 100, 15, 20, 10, 200, 5, 2.05, 2.05, 2.05, 2.05, 30000]",773.355265071868,349.6593270000303
"['f20', 20, -100, 100, 15, 20, 10, 200, 5, 2.05, 2.05, 2.05, 2.05, 30000]",770.928336527813,359.3422149999533
"['f20', 20, -100, 100, 15, 20, 10, 200, 5, 2.05, 2.05, 2.05, 2.05, 30000]",771.4972691967205,361.98122700001113
"['f20', 20, -100, 100, 15, 20, 10, 200, 5, 2.05, 2.05, 2.05, 2.05, 30000]",768.0980597344291,356.51245499996
"['f20', 20, -100, 100, 15, 20, 10, 200, 5, 2.05, 2.05, 2.05, 2.05, 30000]",770.3080517038504,354.1563759999117
"['f20', 20, -100, 100, 15, 20, 10, 200, 5, 2.05, 2.05, 2.05, 2.05, 30000]",768.6401307716884,351.88301600003615
"['f20', 20, -100, 100, 15, 20, 10, 200, 5, 2.05, 2.05, 2.05, 2.05, 30000]",770.169013559717,357.783015999943
"['f20', 20, -100, 100, 15, 20, 10, 200, 5, 2.05, 2.05, 2.05, 2.05, 30000]",770.713027084066,374.25301200000104
"['f20', 20, -100, 100, 15, 20, 10, 200, 5, 2.05, 2.05, 2.05, 2.05, 30000]",769.0531810335958,359.7247389999684
"['f20', 20, -100, 100, 15, 20, 10, 200, 5, 2.05, 2.05, 2.05, 2.05, 30000]",770.1959989296464,352.7866299999878
"['f20', 20, -100, 100, 15, 20, 10, 200, 5, 2.05, 2.05, 2.05, 2.05, 30000]",766.4798156024584,367.8697009999305
"['f20', 20, -100, 100, 15, 20, 10, 200, 5, 2.05, 2.05, 2.05, 2.05, 30000]",767.6906326837476,364.03243199991994
"['f20', 20, -100, 100, 15, 20, 10, 200, 5, 2.05, 2.05, 2.05, 2.05, 30000]",768.1510664865232,351.2956949999789
"['f20', 20, -100, 100, 15, 20, 10, 200, 5, 2.05, 2.05, 2.05, 2.05, 30000]",770.5593374980022,374.7247819999466
"['f20', 20, -100, 100, 15, 20, 10, 200, 5, 2.05, 2.05, 2.05, 2.05, 30000]",772.0022558349519,384.03405699995346
"['f20', 20, -100, 100, 20, 5, 10, 200, 5, 2.05, 2.05, 2.05, 2.05, 25000]",766.5479493396543,308.0939889999572
"['f20', 20, -100, 100, 20, 5, 10, 200, 5, 2.05, 2.05, 2.05, 2.05, 25000]",767.7986991002167,291.37202500004787
"['f20', 20, -100, 100, 20, 5, 10, 200, 5, 2.05, 2.05, 2.05, 2.05, 25000]",771.9834570698235,301.916760000051
"['f20', 20, -100, 100, 20, 5, 10, 200, 5, 2.05, 2.05, 2.05, 2.05, 25000]",772.7472331138212,299.57200599997304
"['f20', 20, -100, 100, 20, 5, 10, 200, 5, 2.05, 2.05, 2.05, 2.05, 25000]",769.2988383927103,303.5771299999906
"['f20', 20, -100, 100, 20, 5, 10, 200, 5, 2.05, 2.05, 2.05, 2.05, 25000]",768.0449501990055,310.71877600008156
"['f20', 20, -100, 100, 20, 5, 10, 200, 5, 2.05, 2.05, 2.05, 2.05, 25000]",768.2662748762012,312.3839770000195
"['f20', 20, -100, 100, 20, 5, 10, 200, 5, 2.05, 2.05, 2.05, 2.05, 25000]",770.2802851145769,301.0867739999667
"['f20', 20, -100, 100, 20, 5, 10, 200, 5, 2.05, 2.05, 2.05, 2.05, 25000]",767.9655046616127,322.0221869999077
"['f20', 20, -100, 100, 20, 5, 10, 200, 5, 2.05, 2.05, 2.05, 2.05, 25000]",767.0717511764775,303.2131839999929
"['f20', 20, -100, 100, 20, 5, 10, 200, 5, 2.05, 2.05, 2.05, 2.05, 25000]",768.957876017616,302.29397900006734
"['f20', 20, -100, 100, 20, 5, 10, 200, 5, 2.05, 2.05, 2.05, 2.05, 25000]",766.9276507589817,296.5102940000361
"['f20', 20, -100, 100, 20, 5, 10, 200, 5, 2.05, 2.05, 2.05, 2.05, 25000]",771.1362646357976,308.03304600005504
"['f20', 20, -100, 100, 20, 5, 10, 200, 5, 2.05, 2.05, 2.05, 2.05, 25000]",769.5442206492422,299.39740999997593
"['f20', 20, -100, 100, 20, 5, 10, 200, 5, 2.05, 2.05, 2.05, 2.05, 25000]",770.4188650405297,323.3922429999802
"['f20', 20, -100, 100, 20, 5, 10, 200, 5, 2.05, 2.05, 2.05, 2.05, 25000]",766.58481140981,298.5695429999614
"['f20', 20, -100, 100, 20, 5, 10, 200, 5, 2.05, 2.05, 2.05, 2.05, 25000]",766.4153098953059,315.5761319999583
"['f20', 20, -100, 100, 20, 5, 10, 200, 5, 2.05, 2.05, 2.05, 2.05, 25000]",767.549497119577,308.66024700005073
"['f20', 20, -100, 100, 20, 5, 10, 200, 5, 2.05, 2.05, 2.05, 2.05, 25000]",769.8658422649526,297.2065409999341
"['f20', 20, -100, 100, 20, 5, 10, 200, 5, 2.05, 2.05, 2.05, 2.05, 25000]",766.8530283886047,293.9491420000559
"['f20', 20, -100, 100, 20, 5, 20, 200, 5, 2.05, 2.05, 2.05, 2.05, 30000]",767.4635037658941,383.3002460000571
"['f20', 20, -100, 100, 20, 5, 20, 200, 5, 2.05, 2.05, 2.05, 2.05, 30000]",765.1186884641127,362.5791700000409
"['f20', 20, -100, 100, 20, 5, 20, 200, 5, 2.05, 2.05, 2.05, 2.05, 30000]",771.580598286904,360.29485300008673
"['f20', 20, -100, 100, 20, 5, 20, 200, 5, 2.05, 2.05, 2.05, 2.05, 30000]",768.1255287646683,372.9648129999405
"['f20', 20, -100, 100, 20, 5, 20, 200, 5, 2.05, 2.05, 2.05, 2.05, 30000]",765.3359993989386,377.09415599994827
"['f20', 20, -100, 100, 20, 5, 20, 200, 5, 2.05, 2.05, 2.05, 2.05, 30000]",768.1139248265188,355.6066250000149
"['f20', 20, -100, 100, 20, 5, 20, 200, 5, 2.05, 2.05, 2.05, 2.05, 30000]",765.731499063495,363.41817399999127
"['f20', 20, -100, 100, 20, 5, 20, 200, 5, 2.05, 2.05, 2.05, 2.05, 30000]",764.6564664233803,357.9518799999496
"['f20', 20, -100, 100, 20, 5, 20, 200, 5, 2.05, 2.05, 2.05, 2.05, 30000]",769.4941795983302,371.85503499989863
"['f20', 20, -100, 100, 20, 5, 20, 200, 5, 2.05, 2.05, 2.05, 2.05, 30000]",768.6873492293671,359.6481170000043
"['f20', 20, -100, 100, 20, 5, 20, 200, 5, 2.05, 2.05, 2.05, 2.05, 30000]",768.2706550270353,360.884963999968
"['f20', 20, -100, 100, 20, 5, 20, 200, 5, 2.05, 2.05, 2.05, 2.05, 30000]",767.5073682044758,359.17021200002637
"['f20', 20, -100, 100, 20, 5, 20, 200, 5, 2.05, 2.05, 2.05, 2.05, 30000]",764.2233958586619,364.30832199996803
"['f20', 20, -100, 100, 20, 5, 20, 200, 5, 2.05, 2.05, 2.05, 2.05, 30000]",769.889249179857,356.9684240000788
"['f20', 20, -100, 100, 20, 5, 20, 200, 5, 2.05, 2.05, 2.05, 2.05, 30000]",765.1661811541347,364.36209199996665
"['f20', 20, -100, 100, 20, 5, 20, 200, 5, 2.05, 2.05, 2.05, 2.05, 30000]",769.1952505939539,373.35524199996144
"['f20', 20, -100, 100, 20, 5, 20, 200, 5, 2.05, 2.05, 2.05, 2.05, 30000]",767.7595920418449,363.27505799999926
"['f20', 20, -100, 100, 20, 5, 20, 200, 5, 2.05, 2.05, 2.05, 2.05, 30000]",770.4252890842591,367.48752199998125
"['f20', 20, -100, 100, 20, 5, 20, 200, 5, 2.05, 2.05, 2.05, 2.05, 30000]",770.0180930995742,352.3547709999839
"['f20', 20, -100, 100, 20, 5, 20, 200, 5, 2.05, 2.05, 2.05, 2.05, 30000]",771.4031431392557,364.04307000001427
"['f20', 20, -100, 100, 20, 10, 5, 200, 5, 2.05, 2.05, 2.05, 2.05, 25000]",769.4455827189352,296.2595410000067
"['f20', 20, -100, 100, 20, 10, 5, 200, 5, 2.05, 2.05, 2.05, 2.05, 25000]",771.8477202142788,291.04949599993415
"['f20', 20, -100, 100, 20, 10, 5, 200, 5, 2.05, 2.05, 2.05, 2.05, 25000]",771.7663394595234,323.488660999923
"['f20', 20, -100, 100, 20, 10, 5, 200, 5, 2.05, 2.05, 2.05, 2.05, 25000]",767.7765966731216,295.70501099992543
"['f20', 20, -100, 100, 20, 10, 5, 200, 5, 2.05, 2.05, 2.05, 2.05, 25000]",766.622431142961,295.70314200001303
"['f20', 20, -100, 100, 20, 10, 5, 200, 5, 2.05, 2.05, 2.05, 2.05, 25000]",770.4798512930748,306.97609999997076
"['f20', 20, -100, 100, 20, 10, 5, 200, 5, 2.05, 2.05, 2.05, 2.05, 25000]",767.5652030484089,308.4230629999656
"['f20', 20, -100, 100, 20, 10, 5, 200, 5, 2.05, 2.05, 2.05, 2.05, 25000]",766.6054539144218,317.76153100002557
"['f20', 20, -100, 100, 20, 10, 5, 200, 5, 2.05, 2.05, 2.05, 2.05, 25000]",768.0612399397618,300.90711499995086
"['f20', 20, -100, 100, 20, 10, 5, 200, 5, 2.05, 2.05, 2.05, 2.05, 25000]",768.5291404363527,291.5484709999291
"['f20', 20, -100, 100, 20, 10, 5, 200, 5, 2.05, 2.05, 2.05, 2.05, 25000]",768.4703321862703,304.3070949999383
"['f20', 20, -100, 100, 20, 10, 5, 200, 5, 2.05, 2.05, 2.05, 2.05, 25000]",768.4692247766469,292.2541419999907
"['f20', 20, -100, 100, 20, 10, 5, 200, 5, 2.05, 2.05, 2.05, 2.05, 25000]",766.6134588090773,301.4487909999443
"['f20', 20, -100, 100, 20, 10, 5, 200, 5, 2.05, 2.05, 2.05, 2.05, 25000]",768.1149995116191,301.0685620000586
"['f20', 20, -100, 100, 20, 10, 5, 200, 5, 2.05, 2.05, 2.05, 2.05, 25000]",768.8145165641174,311.2509639998898
"['f20', 20, -100, 100, 20, 10, 5, 200, 5, 2.05, 2.05, 2.05, 2.05, 25000]",769.4877968943154,314.0753980000736
"['f20', 20, -100, 100, 20, 10, 5, 200, 5, 2.05, 2.05, 2.05, 2.05, 25000]",769.260982544534,316.23885500000324
"['f20', 20, -100, 100, 20, 10, 5, 200, 5, 2.05, 2.05, 2.05, 2.05, 25000]",766.2485471290861,299.5325560000492
"['f20', 20, -100, 100, 20, 10, 5, 200, 5, 2.05, 2.05, 2.05, 2.05, 25000]",763.2824281861532,327.52021700004116
"['f20', 20, -100, 100, 20, 10, 5, 200, 5, 2.05, 2.05, 2.05, 2.05, 25000]",766.5506157405532,316.84015099995304
"['f20', 20, -100, 100, 20, 10, 10, 200, 5, 2.05, 2.05, 2.05, 2.05, 30000]",768.1439272884306,401.87794500007294
"['f20', 20, -100, 100, 20, 10, 10, 200, 5, 2.05, 2.05, 2.05, 2.05, 30000]",771.327588815502,371.67620899993926
"['f20', 20, -100, 100, 20, 10, 10, 200, 5, 2.05, 2.05, 2.05, 2.05, 30000]",765.8864159168324,369.3591160000069
"['f20', 20, -100, 100, 20, 10, 10, 200, 5, 2.05, 2.05, 2.05, 2.05, 30000]",771.1146921577157,362.02260399993975
"['f20', 20, -100, 100, 20, 10, 10, 200, 5, 2.05, 2.05, 2.05, 2.05, 30000]",773.6021270981242,380.85811100003775
"['f20', 20, -100, 100, 20, 10, 10, 200, 5, 2.05, 2.05, 2.05, 2.05, 30000]",766.4641475523042,362.92488099995535
"['f20', 20, -100, 100, 20, 10, 10, 200, 5, 2.05, 2.05, 2.05, 2.05, 30000]",770.9582420749363,365.82934200007
"['f20', 20, -100, 100, 20, 10, 10, 200, 5, 2.05, 2.05, 2.05, 2.05, 30000]",770.9389981847831,358.9229630000191
"['f20', 20, -100, 100, 20, 10, 10, 200, 5, 2.05, 2.05, 2.05, 2.05, 30000]",768.8693367833046,377.1874940000707
"['f20', 20, -100, 100, 20, 10, 10, 200, 5, 2.05, 2.05, 2.05, 2.05, 30000]",766.924999138206,359.94363200000953
"['f20', 20, -100, 100, 20, 10, 10, 200, 5, 2.05, 2.05, 2.05, 2.05, 30000]",774.0360576883738,373.58897800010163
"['f20', 20, -100, 100, 20, 10, 10, 200, 5, 2.05, 2.05, 2.05, 2.05, 30000]",775.0685916623078,367.56070100003853
"['f20', 20, -100, 100, 20, 10, 10, 200, 5, 2.05, 2.05, 2.05, 2.05, 30000]",770.241181611672,366.96140699996613
"['f20', 20, -100, 100, 20, 10, 10, 200, 5, 2.05, 2.05, 2.05, 2.05, 30000]",771.7454896233558,375.6503269999521
"['f20', 20, -100, 100, 20, 10, 10, 200, 5, 2.05, 2.05, 2.05, 2.05, 30000]",767.8819938043781,352.14797599997837
"['f20', 20, -100, 100, 20, 10, 10, 200, 5, 2.05, 2.05, 2.05, 2.05, 30000]",768.583445995978,355.5398049999494
"['f20', 20, -100, 100, 20, 10, 10, 200, 5, 2.05, 2.05, 2.05, 2.05, 30000]",770.1343003307344,356.85527399997227
"['f20', 20, -100, 100, 20, 10, 10, 200, 5, 2.05, 2.05, 2.05, 2.05, 30000]",768.5953972457299,363.64303100004327
"['f20', 20, -100, 100, 20, 10, 10, 200, 5, 2.05, 2.05, 2.05, 2.05, 30000]",769.7933365361073,362.87221599998884
"['f20', 20, -100, 100, 20, 10, 10, 200, 5, 2.05, 2.05, 2.05, 2.05, 30000]",765.4426049140443,363.39632299996447
"['f20', 20, -100, 100, 20, 20, 5, 200, 5, 2.05, 2.05, 2.05, 2.05, 30000]",770.3217645647779,385.38604199991096
"['f20', 20, -100, 100, 20, 20, 5, 200, 5, 2.05, 2.05, 2.05, 2.05, 30000]",765.6540164752488,361.7924409999978
"['f20', 20, -100, 100, 20, 20, 5, 200, 5, 2.05, 2.05, 2.05, 2.05, 30000]",775.9850529326887,370.56770699995104
"['f20', 20, -100, 100, 20, 20, 5, 200, 5, 2.05, 2.05, 2.05, 2.05, 30000]",770.9987339926805,370.1067279999843
"['f20', 20, -100, 100, 20, 20, 5, 200, 5, 2.05, 2.05, 2.05, 2.05, 30000]",767.5265430150253,356.30772599997
"['f20', 20, -100, 100, 20, 20, 5, 200, 5, 2.05, 2.05, 2.05, 2.05, 30000]",768.9984357177193,371.9474789999658
"['f20', 20, -100, 100, 20, 20, 5, 200, 5, 2.05, 2.05, 2.05, 2.05, 30000]",768.5227269637992,361.64067400002386
"['f20', 20, -100, 100, 20, 20, 5, 200, 5, 2.05, 2.05, 2.05, 2.05, 30000]",764.5006310710081,371.84708000009414
"['f20', 20, -100, 100, 20, 20, 5, 200, 5, 2.05, 2.05, 2.05, 2.05, 30000]",773.4955236469459,372.62561200000346
"['f20', 20, -100, 100, 20, 20, 5, 200, 5, 2.05, 2.05, 2.05, 2.05, 30000]",767.8260635164704,354.5656810000073
"['f20', 20, -100, 100, 20, 20, 5, 200, 5, 2.05, 2.05, 2.05, 2.05, 30000]",768.664044063264,362.98468399990816
"['f20', 20, -100, 100, 20, 20, 5, 200, 5, 2.05, 2.05, 2.05, 2.05, 30000]",774.2271242615847,359.79320000007283
"['f20', 20, -100, 100, 20, 20, 5, 200, 5, 2.05, 2.05, 2.05, 2.05, 30000]",768.2163323866315,352.21151900000405
"['f20', 20, -100, 100, 20, 20, 5, 200, 5, 2.05, 2.05, 2.05, 2.05, 30000]",768.1467086295255,351.33545200002845
"['f20', 20, -100, 100, 20, 20, 5, 200, 5, 2.05, 2.05, 2.05, 2.05, 30000]",771.9067938568359,358.09452599997167
"['f20', 20, -100, 100, 20, 20, 5, 200, 5, 2.05, 2.05, 2.05, 2.05, 30000]",765.2838924267844,356.4863459999906
"['f20', 20, -100, 100, 20, 20, 5, 200, 5, 2.05, 2.05, 2.05, 2.05, 30000]",769.5003395575802,358.7535860000644
"['f20', 20, -100, 100, 20, 20, 5, 200, 5, 2.05, 2.05, 2.05, 2.05, 30000]",770.1661908783667,376.2115000000922
"['f20', 20, -100, 100, 20, 20, 5, 200, 5, 2.05, 2.05, 2.05, 2.05, 30000]",767.2859242317772,370.2098189999815
"['f20', 20, -100, 100, 20, 20, 5, 200, 5, 2.05, 2.05, 2.05, 2.05, 30000]",769.2981949494688,375.0501520000398
"['f20', 20, -100, 100, 25, 5, 5, 200, 5, 2.05, 2.05, 2.05, 2.05, 28125]",770.9052154226962,339.4240530000534
"['f20', 20, -100, 100, 25, 5, 5, 200, 5, 2.05, 2.05, 2.05, 2.05, 28125]",767.4510972144213,349.02114200009964
"['f20', 20, -100, 100, 25, 5, 5, 200, 5, 2.05, 2.05, 2.05, 2.05, 28125]",769.3730886619264,350.352034999989
"['f20', 20, -100, 100, 25, 5, 5, 200, 5, 2.05, 2.05, 2.05, 2.05, 28125]",767.664526426335,351.6033210000023
"['f20', 20, -100, 100, 25, 5, 5, 200, 5, 2.05, 2.05, 2.05, 2.05, 28125]",768.4493995822667,342.384355999995
"['f20', 20, -100, 100, 25, 5, 5, 200, 5, 2.05, 2.05, 2.05, 2.05, 28125]",768.7745338979806,353.654191999929
"['f20', 20, -100, 100, 25, 5, 5, 200, 5, 2.05, 2.05, 2.05, 2.05, 28125]",765.3106028346543,349.57562999997754
"['f20', 20, -100, 100, 25, 5, 5, 200, 5, 2.05, 2.05, 2.05, 2.05, 28125]",769.2601912997176,350.73758199997246
"['f20', 20, -100, 100, 25, 5, 5, 200, 5, 2.05, 2.05, 2.05, 2.05, 28125]",765.2441021187952,331.3515109999571
"['f20', 20, -100, 100, 25, 5, 5, 200, 5, 2.05, 2.05, 2.05, 2.05, 28125]",767.8144576063163,352.8738499999745
"['f20', 20, -100, 100, 25, 5, 5, 200, 5, 2.05, 2.05, 2.05, 2.05, 28125]",773.4473985041185,350.89626800001133
"['f20', 20, -100, 100, 25, 5, 5, 200, 5, 2.05, 2.05, 2.05, 2.05, 28125]",767.9118022549899,339.07165099994745
"['f20', 20, -100, 100, 25, 5, 5, 200, 5, 2.05, 2.05, 2.05, 2.05, 28125]",765.5428419950246,327.9913490000181
"['f20', 20, -100, 100, 25, 5, 5, 200, 5, 2.05, 2.05, 2.05, 2.05, 28125]",770.602018009121,337.7833269999828
"['f20', 20, -100, 100, 25, 5, 5, 200, 5, 2.05, 2.05, 2.05, 2.05, 28125]",768.9725454260875,350.7058149999939
"['f20', 20, -100, 100, 25, 5, 5, 200, 5, 2.05, 2.05, 2.05, 2.05, 28125]",764.9401669654834,351.93095299997367
"['f20', 20, -100, 100, 25, 5, 5, 200, 5, 2.05, 2.05, 2.05, 2.05, 28125]",764.6701163353919,338.23553399997763
"['f20', 20, -100, 100, 25, 5, 5, 200, 5, 2.05, 2.05, 2.05, 2.05, 28125]",767.6126388830464,337.69186200003605
"['f20', 20, -100, 100, 25, 5, 5, 200, 5, 2.05, 2.05, 2.05, 2.05, 28125]",772.4652272748683,334.45160799997393
"['f20', 20, -100, 100, 25, 5, 5, 200, 5, 2.05, 2.05, 2.05, 2.05, 28125]",764.2648455144033,338.00028699997347
"['f20', 30, -10, 10, 15, 5, 10, 300, 5, 2.05, 2.05, 2.05, 2.05, 26250]",1767.4578220669073,470.51554599998053
"['f20', 30, -10, 10, 15, 5, 10, 300, 5, 2.05, 2.05, 2.05, 2.05, 26250]",1769.598646426657,480.8386480000336
"['f20', 30, -10, 10, 15, 5, 10, 300, 5, 2.05, 2.05, 2.05, 2.05, 26250]",1774.2855505053285,469.5073159999447
"['f20', 30, -10, 10, 15, 5, 10, 300, 5, 2.05, 2.05, 2.05, 2.05, 26250]",1769.8480007222338,466.3499620000366
"['f20', 30, -10, 10, 15, 5, 10, 300, 5, 2.05, 2.05, 2.05, 2.05, 26250]",1772.7487272234425,473.679480999941
"['f20', 30, -10, 10, 15, 5, 10, 300, 5, 2.05, 2.05, 2.05, 2.05, 26250]",1771.1544352425776,474.3293419999536
"['f20', 30, -10, 10, 15, 5, 10, 300, 5, 2.05, 2.05, 2.05, 2.05, 26250]",1773.7094439895025,466.82990600005724
"['f20', 30, -10, 10, 15, 5, 10, 300, 5, 2.05, 2.05, 2.05, 2.05, 26250]",1780.3736896542998,545.8570400000317
"['f20', 30, -10, 10, 15, 5, 10, 300, 5, 2.05, 2.05, 2.05, 2.05, 26250]",1777.888655992277,462.0625829999335
"['f20', 30, -10, 10, 15, 5, 10, 300, 5, 2.05, 2.05, 2.05, 2.05, 26250]",1773.68113498154,494.6920040000696
"['f20', 30, -10, 10, 15, 5, 10, 300, 5, 2.05, 2.05, 2.05, 2.05, 26250]",1772.9616526854354,492.1270980000263
"['f20', 30, -10, 10, 15, 5, 10, 300, 5, 2.05, 2.05, 2.05, 2.05, 26250]",1769.9861408269685,478.7701540000271
"['f20', 30, -10, 10, 15, 5, 10, 300, 5, 2.05, 2.05, 2.05, 2.05, 26250]",1776.501398489018,479.258477000054
"['f20', 30, -10, 10, 15, 5, 10, 300, 5, 2.05, 2.05, 2.05, 2.05, 26250]",1774.9784716465635,472.0833069999935
"['f20', 30, -10, 10, 15, 5, 10, 300, 5, 2.05, 2.05, 2.05, 2.05, 26250]",1776.5955828681213,510.722945000045
"['f20', 30, -10, 10, 15, 5, 10, 300, 5, 2.05, 2.05, 2.05, 2.05, 26250]",1767.02475897088,466.98593399999663
"['f20', 30, -10, 10, 15, 5, 10, 300, 5, 2.05, 2.05, 2.05, 2.05, 26250]",1770.7925157699444,477.3696719999425
"['f20', 30, -10, 10, 15, 5, 10, 300, 5, 2.05, 2.05, 2.05, 2.05, 26250]",1770.9438528407686,471.4888219999848
"['f20', 30, -10, 10, 15, 5, 10, 300, 5, 2.05, 2.05, 2.05, 2.05, 26250]",1766.4792531070443,490.10362000006717
"['f20', 30, -10, 10, 15, 5, 10, 300, 5, 2.05, 2.05, 2.05, 2.05, 26250]",1766.612781788786,505.35881600005087
"['f20', 30, -10, 10, 15, 5, 20, 300, 5, 2.05, 2.05, 2.05, 2.05, 30000]",1771.440944728551,537.3985710000852
"['f20', 30, -10, 10, 15, 5, 20, 300, 5, 2.05, 2.05, 2.05, 2.05, 30000]",1772.2788072991043,536.3989859999856
"['f20', 30, -10, 10, 15, 5, 20, 300, 5, 2.05, 2.05, 2.05, 2.05, 30000]",1769.5165710455117,550.0272839999525
"['f20', 30, -10, 10, 15, 5, 20, 300, 5, 2.05, 2.05, 2.05, 2.05, 30000]",1770.3476211818504,530.6791700000176
"['f20', 30, -10, 10, 15, 5, 20, 300, 5, 2.05, 2.05, 2.05, 2.05, 30000]",1769.4720555420222,530.5079210000113
"['f20', 30, -10, 10, 15, 5, 20, 300, 5, 2.05, 2.05, 2.05, 2.05, 30000]",1771.4026014696929,535.9056529999943
"['f20', 30, -10, 10, 15, 5, 20, 300, 5, 2.05, 2.05, 2.05, 2.05, 30000]",1766.212430866755,546.2182640000246
"['f20', 30, -10, 10, 15, 5, 20, 300, 5, 2.05, 2.05, 2.05, 2.05, 30000]",1772.434018164245,569.6231549999211
"['f20', 30, -10, 10, 15, 5, 20, 300, 5, 2.05, 2.05, 2.05, 2.05, 30000]",1771.1079374700164,585.8280450000893
"['f20', 30, -10, 10, 15, 5, 20, 300, 5, 2.05, 2.05, 2.05, 2.05, 30000]",1770.6984201630933,542.0838050000602
"['f20', 30, -10, 10, 15, 5, 20, 300, 5, 2.05, 2.05, 2.05, 2.05, 30000]",1765.6354678068174,533.9884050000692
"['f20', 30, -10, 10, 15, 5, 20, 300, 5, 2.05, 2.05, 2.05, 2.05, 30000]",1770.1907593914332,544.5763509999961
"['f20', 30, -10, 10, 15, 5, 20, 300, 5, 2.05, 2.05, 2.05, 2.05, 30000]",1770.9614661014698,528.7403909999412
"['f20', 30, -10, 10, 15, 5, 20, 300, 5, 2.05, 2.05, 2.05, 2.05, 30000]",1770.3118423371254,545.3199219999369
"['f20', 30, -10, 10, 15, 5, 20, 300, 5, 2.05, 2.05, 2.05, 2.05, 30000]",1769.206103801467,535.4488359999377
"['f20', 30, -10, 10, 15, 5, 20, 300, 5, 2.05, 2.05, 2.05, 2.05, 30000]",1765.021203901717,541.6985420000274
"['f20', 30, -10, 10, 15, 5, 20, 300, 5, 2.05, 2.05, 2.05, 2.05, 30000]",1774.1911618402737,526.5927910000319
"['f20', 30, -10, 10, 15, 5, 20, 300, 5, 2.05, 2.05, 2.05, 2.05, 30000]",1772.0295524847695,553.8212800000329
"['f20', 30, -10, 10, 15, 5, 20, 300, 5, 2.05, 2.05, 2.05, 2.05, 30000]",1772.479056186263,541.5496419999981
"['f20', 30, -10, 10, 15, 5, 20, 300, 5, 2.05, 2.05, 2.05, 2.05, 30000]",1767.661881448093,546.0113470000215
"['f20', 30, -10, 10, 15, 10, 5, 300, 5, 2.05, 2.05, 2.05, 2.05, 26250]",1772.5969481556956,493.55612100008875
"['f20', 30, -10, 10, 15, 10, 5, 300, 5, 2.05, 2.05, 2.05, 2.05, 26250]",1777.5538709613247,463.3029289999977
"['f20', 30, -10, 10, 15, 10, 5, 300, 5, 2.05, 2.05, 2.05, 2.05, 26250]",1773.3622902416976,476.50070800003596
"['f20', 30, -10, 10, 15, 10, 5, 300, 5, 2.05, 2.05, 2.05, 2.05, 26250]",1769.4064252304527,477.02852500008885
"['f20', 30, -10, 10, 15, 10, 5, 300, 5, 2.05, 2.05, 2.05, 2.05, 26250]",1773.816522919932,474.1400150000118
"['f20', 30, -10, 10, 15, 10, 5, 300, 5, 2.05, 2.05, 2.05, 2.05, 26250]",1770.086063679536,469.2499110000208
"['f20', 30, -10, 10, 15, 10, 5, 300, 5, 2.05, 2.05, 2.05, 2.05, 26250]",1775.3161048821323,469.5140590000665
"['f20', 30, -10, 10, 15, 10, 5, 300, 5, 2.05, 2.05, 2.05, 2.05, 26250]",1770.4376121109924,484.2287030000007
"['f20', 30, -10, 10, 15, 10, 5, 300, 5, 2.05, 2.05, 2.05, 2.05, 26250]",1770.8588583835347,461.7818640000187
"['f20', 30, -10, 10, 15, 10, 5, 300, 5, 2.05, 2.05, 2.05, 2.05, 26250]",1771.6021207283416,498.7485530000413
"['f20', 30, -10, 10, 15, 10, 5, 300, 5, 2.05, 2.05, 2.05, 2.05, 26250]",1772.1042337967804,470.2933769999072
"['f20', 30, -10, 10, 15, 10, 5, 300, 5, 2.05, 2.05, 2.05, 2.05, 26250]",1770.7943926046296,480.9381520000752
"['f20', 30, -10, 10, 15, 10, 5, 300, 5, 2.05, 2.05, 2.05, 2.05, 26250]",1777.3742256470628,468.66486799996346
"['f20', 30, -10, 10, 15, 10, 5, 300, 5, 2.05, 2.05, 2.05, 2.05, 26250]",1771.901953604441,461.64133900008164
"['f20', 30, -10, 10, 15, 10, 5, 300, 5, 2.05, 2.05, 2.05, 2.05, 26250]",1769.7844230092153,502.9049609999638
"['f20', 30, -10, 10, 15, 10, 5, 300, 5, 2.05, 2.05, 2.05, 2.05, 26250]",1768.722719047864,457.8650609999895
"['f20', 30, -10, 10, 15, 10, 5, 300, 5, 2.05, 2.05, 2.05, 2.05, 26250]",1777.311820980632,473.6593860000139
"['f20', 30, -10, 10, 15, 10, 5, 300, 5, 2.05, 2.05, 2.05, 2.05, 26250]",1769.1990448031952,475.82207400002517
"['f20', 30, -10, 10, 15, 10, 5, 300, 5, 2.05, 2.05, 2.05, 2.05, 26250]",1777.1163152228576,456.3365880000638
"['f20', 30, -10, 10, 15, 10, 5, 300, 5, 2.05, 2.05, 2.05, 2.05, 26250]",1768.4885638495434,467.03939399996307
"['f20', 30, -10, 10, 15, 10, 10, 300, 5, 2.05, 2.05, 2.05, 2.05, 30000]",1774.4507091504165,554.2751569999382
"['f20', 30, -10, 10, 15, 10, 10, 300, 5, 2.05, 2.05, 2.05, 2.05, 30000]",1766.1082545474887,542.7038610000163
"['f20', 30, -10, 10, 15, 10, 10, 300, 5, 2.05, 2.05, 2.05, 2.05, 30000]",1769.0320838730547,531.3729910000693
"['f20', 30, -10, 10, 15, 10, 10, 300, 5, 2.05, 2.05, 2.05, 2.05, 30000]",1768.3906946525024,546.8103530000662
"['f20', 30, -10, 10, 15, 10, 10, 300, 5, 2.05, 2.05, 2.05, 2.05, 30000]",1768.8200849059626,563.7103460000362
"['f20', 30, -10, 10, 15, 10, 10, 300, 5, 2.05, 2.05, 2.05, 2.05, 30000]",1767.6499773620028,539.7434420000063
"['f20', 30, -10, 10, 15, 10, 10, 300, 5, 2.05, 2.05, 2.05, 2.05, 30000]",1761.4294068017346,528.6999000000069
"['f20', 30, -10, 10, 15, 10, 10, 300, 5, 2.05, 2.05, 2.05, 2.05, 30000]",1771.984916344351,531.0338239999255
"['f20', 30, -10, 10, 15, 10, 10, 300, 5, 2.05, 2.05, 2.05, 2.05, 30000]",1768.3994793715488,600.9805430000415
"['f20', 30, -10, 10, 15, 10, 10, 300, 5, 2.05, 2.05, 2.05, 2.05, 30000]",1774.5241369803452,538.0125609999523
"['f20', 30, -10, 10, 15, 10, 10, 300, 5, 2.05, 2.05, 2.05, 2.05, 30000]",1770.9841481794128,538.1049159999238
"['f20', 30, -10, 10, 15, 10, 10, 300, 5, 2.05, 2.05, 2.05, 2.05, 30000]",1769.3068415269368,554.8056919999653
"['f20', 30, -10, 10, 15, 10, 10, 300, 5, 2.05, 2.05, 2.05, 2.05, 30000]",1767.9005824119913,533.5193680000957
"['f20', 30, -10, 10, 15, 10, 10, 300, 5, 2.05, 2.05, 2.05, 2.05, 30000]",1772.348181888842,532.8289499999955
"['f20', 30, -10, 10, 15, 10, 10, 300, 5, 2.05, 2.05, 2.05, 2.05, 30000]",1774.5256132017441,551.3618270000443
"['f20', 30, -10, 10, 15, 10, 10, 300, 5, 2.05, 2.05, 2.05, 2.05, 30000]",1773.3347389455594,564.7739060000749
"['f20', 30, -10, 10, 15, 10, 10, 300, 5, 2.05, 2.05, 2.05, 2.05, 30000]",1773.0056979367314,548.4937410000712
"['f20', 30, -10, 10, 15, 10, 10, 300, 5, 2.05, 2.05, 2.05, 2.05, 30000]",1766.9939057957745,548.6943750000792
"['f20', 30, -10, 10, 15, 10, 10, 300, 5, 2.05, 2.05, 2.05, 2.05, 30000]",1773.2771953787083,542.5434690000257
"['f20', 30, -10, 10, 15, 10, 10, 300, 5, 2.05, 2.05, 2.05, 2.05, 30000]",1772.2822692149452,569.1576570000034
"['f20', 30, -10, 10, 15, 10, 20, 200, 5, 2.05, 2.05, 2.05, 2.05, 30000]",1771.9946020435573,553.7953640000196
"['f20', 30, -10, 10, 15, 10, 20, 200, 5, 2.05, 2.05, 2.05, 2.05, 30000]",1769.332344510425,524.7766820000252
"['f20', 30, -10, 10, 15, 10, 20, 200, 5, 2.05, 2.05, 2.05, 2.05, 30000]",1767.4704846100597,570.8098549999995
"['f20', 30, -10, 10, 15, 10, 20, 200, 5, 2.05, 2.05, 2.05, 2.05, 30000]",1773.999436257833,545.8590809999732
"['f20', 30, -10, 10, 15, 10, 20, 200, 5, 2.05, 2.05, 2.05, 2.05, 30000]",1771.899549961912,554.6034610000206
"['f20', 30, -10, 10, 15, 10, 20, 200, 5, 2.05, 2.05, 2.05, 2.05, 30000]",1772.188504011354,564.8345270000864
"['f20', 30, -10, 10, 15, 10, 20, 200, 5, 2.05, 2.05, 2.05, 2.05, 30000]",1772.9928827116948,542.803845000104
"['f20', 30, -10, 10, 15, 10, 20, 200, 5, 2.05, 2.05, 2.05, 2.05, 30000]",1773.735896007723,560.974247999955
"['f20', 30, -10, 10, 15, 10, 20, 200, 5, 2.05, 2.05, 2.05, 2.05, 30000]",1769.5772924882206,540.6502160000382
"['f20', 30, -10, 10, 15, 10, 20, 200, 5, 2.05, 2.05, 2.05, 2.05, 30000]",1765.1147877186054,540.9557959999656
"['f20', 30, -10, 10, 15, 10, 20, 200, 5, 2.05, 2.05, 2.05, 2.05, 30000]",1767.8577360687054,532.9001700000372
"['f20', 30, -10, 10, 15, 10, 20, 200, 5, 2.05, 2.05, 2.05, 2.05, 30000]",1771.4157340848396,549.0656080000335
"['f20', 30, -10, 10, 15, 10, 20, 200, 5, 2.05, 2.05, 2.05, 2.05, 30000]",1770.2540111976732,566.7207990000024
"['f20', 30, -10, 10, 15, 10, 20, 200, 5, 2.05, 2.05, 2.05, 2.05, 30000]",1771.5688159936617,541.4464819999412
"['f20', 30, -10, 10, 15, 10, 20, 200, 5, 2.05, 2.05, 2.05, 2.05, 30000]",1769.158944865058,561.5006229999708
"['f20', 30, -10, 10, 15, 10, 20, 200, 5, 2.05, 2.05, 2.05, 2.05, 30000]",1772.956745342699,546.5612490000203
"['f20', 30, -10, 10, 15, 10, 20, 200, 5, 2.05, 2.05, 2.05, 2.05, 30000]",1774.269117596549,573.8750449999934
"['f20', 30, -10, 10, 15, 10, 20, 200, 5, 2.05, 2.05, 2.05, 2.05, 30000]",1769.3269560962367,529.187649999978
"['f20', 30, -10, 10, 15, 10, 20, 200, 5, 2.05, 2.05, 2.05, 2.05, 30000]",1769.1445415513024,544.7093249999452
"['f20', 30, -10, 10, 15, 10, 20, 200, 5, 2.05, 2.05, 2.05, 2.05, 30000]",1767.7490539742466,549.2908070000121
"['f20', 30, -10, 10, 15, 20, 5, 300, 5, 2.05, 2.05, 2.05, 2.05, 30000]",1773.859910746412,539.8043759999564
"['f20', 30, -10, 10, 15, 20, 5, 300, 5, 2.05, 2.05, 2.05, 2.05, 30000]",1770.7360205578073,544.7709360000445
"['f20', 30, -10, 10, 15, 20, 5, 300, 5, 2.05, 2.05, 2.05, 2.05, 30000]",1774.8988441549566,541.0027319999645
"['f20', 30, -10, 10, 15, 20, 5, 300, 5, 2.05, 2.05, 2.05, 2.05, 30000]",1773.0309102458648,562.3890990000218
"['f20', 30, -10, 10, 15, 20, 5, 300, 5, 2.05, 2.05, 2.05, 2.05, 30000]",1776.4934922612213,538.7863559999969
"['f20', 30, -10, 10, 15, 20, 5, 300, 5, 2.05, 2.05, 2.05, 2.05, 30000]",1771.6717005915816,548.9798700000392
"['f20', 30, -10, 10, 15, 20, 5, 300, 5, 2.05, 2.05, 2.05, 2.05, 30000]",1776.0946927078876,544.7774310000241
"['f20', 30, -10, 10, 15, 20, 5, 300, 5, 2.05, 2.05, 2.05, 2.05, 30000]",1777.3050920401085,551.2538949999725
"['f20', 30, -10, 10, 15, 20, 5, 300, 5, 2.05, 2.05, 2.05, 2.05, 30000]",1776.1052698542917,559.7156370000448
"['f20', 30, -10, 10, 15, 20, 5, 300, 5, 2.05, 2.05, 2.05, 2.05, 30000]",1775.2530182897115,552.512218000018
"['f20', 30, -10, 10, 15, 20, 5, 300, 5, 2.05, 2.05, 2.05, 2.05, 30000]",1771.7866319519394,532.2101049999474
"['f20', 30, -10, 10, 15, 20, 5, 300, 5, 2.05, 2.05, 2.05, 2.05, 30000]",1769.8571544268905,546.7143549999455
"['f20', 30, -10, 10, 15, 20, 5, 300, 5, 2.05, 2.05, 2.05, 2.05, 30000]",1777.7840141357588,556.7883109999821
"['f20', 30, -10, 10, 15, 20, 5, 300, 5, 2.05, 2.05, 2.05, 2.05, 30000]",1776.0634728525856,540.7794860000722
"['f20', 30, -10, 10, 15, 20, 5, 300, 5, 2.05, 2.05, 2.05, 2.05, 30000]",1772.5662522167117,554.5946139999432
"['f20', 30, -10, 10, 15, 20, 5, 300, 5, 2.05, 2.05, 2.05, 2.05, 30000]",1763.5893188899681,553.4842059999937
"['f20', 30, -10, 10, 15, 20, 5, 300, 5, 2.05, 2.05, 2.05, 2.05, 30000]",1770.956543964227,554.309018000029
"['f20', 30, -10, 10, 15, 20, 5, 300, 5, 2.05, 2.05, 2.05, 2.05, 30000]",1777.5382455644312,543.9911350000184
"['f20', 30, -10, 10, 15, 20, 5, 300, 5, 2.05, 2.05, 2.05, 2.05, 30000]",1767.1048015273848,567.1911369999871
"['f20', 30, -10, 10, 15, 20, 5, 300, 5, 2.05, 2.05, 2.05, 2.05, 30000]",1772.5334042639881,550.4131760000018
"['f20', 30, -10, 10, 15, 20, 10, 200, 5, 2.05, 2.05, 2.05, 2.05, 30000]",1770.1801266372847,543.8131390000926
"['f20', 30, -10, 10, 15, 20, 10, 200, 5, 2.05, 2.05, 2.05, 2.05, 30000]",1772.2013695949706,538.8194890000159
"['f20', 30, -10, 10, 15, 20, 10, 200, 5, 2.05, 2.05, 2.05, 2.05, 30000]",1771.7491839251309,534.9932999999728
"['f20', 30, -10, 10, 15, 20, 10, 200, 5, 2.05, 2.05, 2.05, 2.05, 30000]",1769.7142017979174,542.9221660000039
"['f20', 30, -10, 10, 15, 20, 10, 200, 5, 2.05, 2.05, 2.05, 2.05, 30000]",1766.6904777202249,559.746250999975
"['f20', 30, -10, 10, 15, 20, 10, 200, 5, 2.05, 2.05, 2.05, 2.05, 30000]",1771.8722621623099,566.614472999936
"['f20', 30, -10, 10, 15, 20, 10, 200, 5, 2.05, 2.05, 2.05, 2.05, 30000]",1772.0905024063422,566.4995890000137
"['f20', 30, -10, 10, 15, 20, 10, 200, 5, 2.05, 2.05, 2.05, 2.05, 30000]",1766.144443010609,546.9863919999916
"['f20', 30, -10, 10, 15, 20, 10, 200, 5, 2.05, 2.05, 2.05, 2.05, 30000]",1767.2553792022663,543.3215809999965
"['f20', 30, -10, 10, 15, 20, 10, 200, 5, 2.05, 2.05, 2.05, 2.05, 30000]",1768.30190005626,542.5975350000663
"['f20', 30, -10, 10, 15, 20, 10, 200, 5, 2.05, 2.05, 2.05, 2.05, 30000]",1769.3945164933984,551.1353619999718
"['f20', 30, -10, 10, 15, 20, 10, 200, 5, 2.05, 2.05, 2.05, 2.05, 30000]",1771.1556841017302,529.6605410000775
"['f20', 30, -10, 10, 15, 20, 10, 200, 5, 2.05, 2.05, 2.05, 2.05, 30000]",1771.2899741517351,555.8724279999733
"['f20', 30, -10, 10, 15, 20, 10, 200, 5, 2.05, 2.05, 2.05, 2.05, 30000]",1770.2693078593472,529.021951999981
"['f20', 30, -10, 10, 15, 20, 10, 200, 5, 2.05, 2.05, 2.05, 2.05, 30000]",1770.5615548945784,544.4853330000769
"['f20', 30, -10, 10, 15, 20, 10, 200, 5, 2.05, 2.05, 2.05, 2.05, 30000]",1773.3736974662993,533.6915179999778
"['f20', 30, -10, 10, 15, 20, 10, 200, 5, 2.05, 2.05, 2.05, 2.05, 30000]",1770.591697427888,553.4916309999535
"['f20', 30, -10, 10, 15, 20, 10, 200, 5, 2.05, 2.05, 2.05, 2.05, 30000]",1774.765313066844,552.7535379999317
"['f20', 30, -10, 10, 15, 20, 10, 200, 5, 2.05, 2.05, 2.05, 2.05, 30000]",1768.1538950616039,552.035891000065
"['f20', 30, -10, 10, 15, 20, 10, 200, 5, 2.05, 2.05, 2.05, 2.05, 30000]",1768.7473153958392,533.5653879999882
"['f20', 30, -10, 10, 20, 5, 10, 200, 5, 2.05, 2.05, 2.05, 2.05, 25000]",1771.6720865197367,453.4530890000751
"['f20', 30, -10, 10, 20, 5, 10, 200, 5, 2.05, 2.05, 2.05, 2.05, 25000]",1770.6851540180023,449.65370399993844
"['f20', 30, -10, 10, 20, 5, 10, 200, 5, 2.05, 2.05, 2.05, 2.05, 25000]",1771.5565438728588,457.4027439999627
"['f20', 30, -10, 10, 20, 5, 10, 200, 5, 2.05, 2.05, 2.05, 2.05, 25000]",1767.1687253840928,451.5210150000639
"['f20', 30, -10, 10, 20, 5, 10, 200, 5, 2.05, 2.05, 2.05, 2.05, 25000]",1774.5785129734077,443.4725759999128
"['f20', 30, -10, 10, 20, 5, 10, 200, 5, 2.05, 2.05, 2.05, 2.05, 25000]",1772.6765431931744,449.84590900002513
"['f20', 30, -10, 10, 20, 5, 10, 200, 5, 2.05, 2.05, 2.05, 2.05, 25000]",1771.152245036533,447.8033590000123
"['f20', 30, -10, 10, 20, 5, 10, 200, 5, 2.05, 2.05, 2.05, 2.05, 25000]",1776.1483813356672,456.58769000007305
"['f20', 30, -10, 10, 20, 5, 10, 200, 5, 2.05, 2.05, 2.05, 2.05, 25000]",1775.0492570444783,472.28506999998353
"['f20', 30, -10, 10, 20, 5, 10, 200, 5, 2.05, 2.05, 2.05, 2.05, 25000]",1772.3455489706937,465.9234250000445
"['f20', 30, -10, 10, 20, 5, 10, 200, 5, 2.05, 2.05, 2.05, 2.05, 25000]",1776.3260524121583,449.92720000003465
"['f20', 30, -10, 10, 20, 5, 10, 200, 5, 2.05, 2.05, 2.05, 2.05, 25000]",1770.4589270288834,460.9635750000598
"['f20', 30, -10, 10, 20, 5, 10, 200, 5, 2.05, 2.05, 2.05, 2.05, 25000]",1767.1279209491704,463.2473610000452
"['f20', 30, -10, 10, 20, 5, 10, 200, 5, 2.05, 2.05, 2.05, 2.05, 25000]",1769.7563083957486,458.91448700008914
"['f20', 30, -10, 10, 20, 5, 10, 200, 5, 2.05, 2.05, 2.05, 2.05, 25000]",1773.1684563713538,460.2844749999931
"['f20', 30, -10, 10, 20, 5, 10, 200, 5, 2.05, 2.05, 2.05, 2.05, 25000]",1769.2622757691383,467.35104600002524
"['f20', 30, -10, 10, 20, 5, 10, 200, 5, 2.05, 2.05, 2.05, 2.05, 25000]",1771.4436485926337,444.0305039999075
"['f20', 30, -10, 10, 20, 5, 10, 200, 5, 2.05, 2.05, 2.05, 2.05, 25000]",1770.2790275672862,458.55976999993436
"['f20', 30, -10, 10, 20, 5, 10, 200, 5, 2.05, 2.05, 2.05, 2.05, 25000]",1766.9010029825051,443.5429900001036
"['f20', 30, -10, 10, 20, 5, 10, 200, 5, 2.05, 2.05, 2.05, 2.05, 25000]",1768.28931498336,445.8841620000312
"['f20', 30, -10, 10, 20, 5, 20, 200, 5, 2.05, 2.05, 2.05, 2.05, 30000]",1766.4487069300885,537.8162729999749
"['f20', 30, -10, 10, 20, 5, 20, 200, 5, 2.05, 2.05, 2.05, 2.05, 30000]",1772.3766891984067,540.0533590000123
"['f20', 30, -10, 10, 20, 5, 20, 200, 5, 2.05, 2.05, 2.05, 2.05, 30000]",1772.189349591276,540.0860970000504
"['f20', 30, -10, 10, 20, 5, 20, 200, 5, 2.05, 2.05, 2.05, 2.05, 30000]",1772.635632174537,557.3473209999502
"['f20', 30, -10, 10, 20, 5, 20, 200, 5, 2.05, 2.05, 2.05, 2.05, 30000]",1772.9959967457398,553.1053410000168
"['f20', 30, -10, 10, 20, 5, 20, 200, 5, 2.05, 2.05, 2.05, 2.05, 30000]",1772.7666299227333,536.2544729999499
"['f20', 30, -10, 10, 20, 5, 20, 200, 5, 2.05, 2.05, 2.05, 2.05, 30000]",1772.4496783284092,548.4912870000117
"['f20', 30, -10, 10, 20, 5, 20, 200, 5, 2.05, 2.05, 2.05, 2.05, 30000]",1767.7756561608012,555.7365170000121
"['f20', 30, -10, 10, 20, 5, 20, 200, 5, 2.05, 2.05, 2.05, 2.05, 30000]",1772.9342729829002,543.8596050000051
"['f20', 30, -10, 10, 20, 5, 20, 200, 5, 2.05, 2.05, 2.05, 2.05, 30000]",1773.5087286274388,534.8682169999229
"['f20', 30, -10, 10, 20, 5, 20, 200, 5, 2.05, 2.05, 2.05, 2.05, 30000]",1774.0930626859058,550.8139519999968
"['f20', 30, -10, 10, 20, 5, 20, 200, 5, 2.05, 2.05, 2.05, 2.05, 30000]",1768.112797949336,546.54959900002
"['f20', 30, -10, 10, 20, 5, 20, 200, 5, 2.05, 2.05, 2.05, 2.05, 30000]",1771.5638902159144,546.9350270000286
"['f20', 30, -10, 10, 20, 5, 20, 200, 5, 2.05, 2.05, 2.05, 2.05, 30000]",1767.964311591452,543.5054199999431
"['f20', 30, -10, 10, 20, 5, 20, 200, 5, 2.05, 2.05, 2.05, 2.05, 30000]",1768.3073314376823,536.5549960000208
"['f20', 30, -10, 10, 20, 5, 20, 200, 5, 2.05, 2.05, 2.05, 2.05, 30000]",1767.5145826525334,561.1500650000526
"['f20', 30, -10, 10, 20, 5, 20, 200, 5, 2.05, 2.05, 2.05, 2.05, 30000]",1766.8002197944493,555.8850819999352
"['f20', 30, -10, 10, 20, 5, 20, 200, 5, 2.05, 2.05, 2.05, 2.05, 30000]",1769.7435149996088,536.9453859999776
"['f20', 30, -10, 10, 20, 5, 20, 200, 5, 2.05, 2.05, 2.05, 2.05, 30000]",1773.2330920018871,533.1785499999532
"['f20', 30, -10, 10, 20, 5, 20, 200, 5, 2.05, 2.05, 2.05, 2.05, 30000]",1772.7609847681783,558.5101250000298
"['f20', 30, -10, 10, 20, 10, 5, 200, 5, 2.05, 2.05, 2.05, 2.05, 25000]",1775.0209644721494,457.270206999965
"['f20', 30, -10, 10, 20, 10, 5, 200, 5, 2.05, 2.05, 2.05, 2.05, 25000]",1776.965366872856,435.43986600008793
"['f20', 30, -10, 10, 20, 10, 5, 200, 5, 2.05, 2.05, 2.05, 2.05, 25000]",1777.072789644929,472.2667059999658
"['f20', 30, -10, 10, 20, 10, 5, 200, 5, 2.05, 2.05, 2.05, 2.05, 25000]",1774.673699231915,467.589793000021
"['f20', 30, -10, 10, 20, 10, 5, 200, 5, 2.05, 2.05, 2.05, 2.05, 25000]",1772.9523318093386,455.3725540000014
"['f20', 30, -10, 10, 20, 10, 5, 200, 5, 2.05, 2.05, 2.05, 2.05, 25000]",1770.8499887818182,458.5763159999624
"['f20', 30, -10, 10, 20, 10, 5, 200, 5, 2.05, 2.05, 2.05, 2.05, 25000]",1776.071668441169,474.19824200007133
"['f20', 30, -10, 10, 20, 10, 5, 200, 5, 2.05, 2.05, 2.05, 2.05, 25000]",1773.4103135965972,444.3553130000364
"['f20', 30, -10, 10, 20, 10, 5, 200, 5, 2.05, 2.05, 2.05, 2.05, 25000]",1773.4448032451287,436.6155349999899
"['f20', 30, -10, 10, 20, 10, 5, 200, 5, 2.05, 2.05, 2.05, 2.05, 25000]",1773.6324810922988,462.7684129999252
"['f20', 30, -10, 10, 20, 10, 5, 200, 5, 2.05, 2.05, 2.05, 2.05, 25000]",1778.3407527932227,461.2918800000334
"['f20', 30, -10, 10, 20, 10, 5, 200, 5, 2.05, 2.05, 2.05, 2.05, 25000]",1776.5342859371228,449.6361770000076
"['f20', 30, -10, 10, 20, 10, 5, 200, 5, 2.05, 2.05, 2.05, 2.05, 25000]",1775.108368398521,456.09593299997505
"['f20', 30, -10, 10, 20, 10, 5, 200, 5, 2.05, 2.05, 2.05, 2.05, 25000]",1765.2484423139958,448.6439470000332
"['f20', 30, -10, 10, 20, 10, 5, 200, 5, 2.05, 2.05, 2.05, 2.05, 25000]",1772.3785988695702,468.3642160000745
"['f20', 30, -10, 10, 20, 10, 5, 200, 5, 2.05, 2.05, 2.05, 2.05, 25000]",1768.4601760229714,465.3132169999881
"['f20', 30, -10, 10, 20, 10, 5, 200, 5, 2.05, 2.05, 2.05, 2.05, 25000]",1770.3159376439833,437.24872999999207
"['f20', 30, -10, 10, 20, 10, 5, 200, 5, 2.05, 2.05, 2.05, 2.05, 25000]",1775.0955887905866,461.71240299998317
"['f20', 30, -10, 10, 20, 10, 5, 200, 5, 2.05, 2.05, 2.05, 2.05, 25000]",1768.848152196064,440.04794599988963
"['f20', 30, -10, 10, 20, 10, 5, 200, 5, 2.05, 2.05, 2.05, 2.05, 25000]",1773.1224942643905,445.62888600002043
