"combination = [fitness_function_name, dimension, range0, range1, population_size, max_ep, c1, c2, function evaluation]",gBest_fitness,total_time
"['f20', 20, -10, 10, 100, 250, 2.05, 2.05, 25000]",776.3732275172463,311.55
"['f20', 20, -10, 10, 100, 250, 2.05, 2.05, 25000]",776.171717197272,299.83
"['f20', 20, -10, 10, 100, 250, 2.05, 2.05, 25000]",776.521095570253,303.14
"['f20', 20, -10, 10, 100, 250, 2.05, 2.05, 25000]",772.8304817919395,315.33
"['f20', 20, -10, 10, 100, 250, 2.05, 2.05, 25000]",773.091147318615,299.96
"['f20', 20, -10, 10, 100, 250, 2.05, 2.05, 25000]",778.4688447540777,300.64
"['f20', 20, -10, 10, 100, 250, 2.05, 2.05, 25000]",772.4614552797608,309.56
"['f20', 20, -10, 10, 100, 250, 2.05, 2.05, 25000]",774.4352162386328,306.05
"['f20', 20, -10, 10, 100, 250, 2.05, 2.05, 25000]",776.866352041619,309.62
"['f20', 20, -10, 10, 100, 250, 2.05, 2.05, 25000]",771.970834024288,306.8
"['f20', 20, -10, 10, 100, 250, 2.05, 2.05, 25000]",770.0428618332296,305.7
"['f20', 20, -10, 10, 100, 250, 2.05, 2.05, 25000]",772.6914568983304,308.37
"['f20', 20, -10, 10, 100, 250, 2.05, 2.05, 25000]",776.7395567600438,301.6
"['f20', 20, -10, 10, 100, 250, 2.05, 2.05, 25000]",775.0906620078124,309.85
"['f20', 20, -10, 10, 100, 250, 2.05, 2.05, 25000]",775.5481700338186,300.25
"['f20', 20, -10, 10, 100, 250, 2.05, 2.05, 25000]",774.7772783614827,313.77
"['f20', 20, -10, 10, 100, 250, 2.05, 2.05, 25000]",771.9484851744987,311.14
"['f20', 20, -10, 10, 100, 250, 2.05, 2.05, 25000]",772.312365416831,313.54
"['f20', 20, -10, 10, 100, 250, 2.05, 2.05, 25000]",776.3601591400933,319.48
"['f20', 20, -10, 10, 100, 250, 2.05, 2.05, 25000]",775.3335391594386,324.33
"['f20', 20, -10, 10, 100, 250, 2.05, 2.5, 25000]",772.7386085016702,322.55
"['f20', 20, -10, 10, 100, 250, 2.05, 2.5, 25000]",770.9006602482524,319.88
"['f20', 20, -10, 10, 100, 250, 2.05, 2.5, 25000]",773.890293403203,319.72
"['f20', 20, -10, 10, 100, 250, 2.05, 2.5, 25000]",774.9322986868779,320.04
"['f20', 20, -10, 10, 100, 250, 2.05, 2.5, 25000]",774.7866252266178,307.14
"['f20', 20, -10, 10, 100, 250, 2.05, 2.5, 25000]",775.1423304083594,312.46
"['f20', 20, -10, 10, 100, 250, 2.05, 2.5, 25000]",778.7264541615143,314.08
"['f20', 20, -10, 10, 100, 250, 2.05, 2.5, 25000]",773.6187394965449,313.36
"['f20', 20, -10, 10, 100, 250, 2.05, 2.5, 25000]",777.2598239826807,318.76
"['f20', 20, -10, 10, 100, 250, 2.05, 2.5, 25000]",767.9045487399097,307.54
"['f20', 20, -10, 10, 100, 250, 2.05, 2.5, 25000]",770.6310735081759,315.75
"['f20', 20, -10, 10, 100, 250, 2.05, 2.5, 25000]",771.8310034653999,309.23
"['f20', 20, -10, 10, 100, 250, 2.05, 2.5, 25000]",772.0961968310302,321.03
"['f20', 20, -10, 10, 100, 250, 2.05, 2.5, 25000]",776.1595512610859,318.65
"['f20', 20, -10, 10, 100, 250, 2.05, 2.5, 25000]",779.3815804003191,309.41
"['f20', 20, -10, 10, 100, 250, 2.05, 2.5, 25000]",774.2121772956979,309.14
"['f20', 20, -10, 10, 100, 250, 2.05, 2.5, 25000]",769.7390703172922,315.8
"['f20', 20, -10, 10, 100, 250, 2.05, 2.5, 25000]",771.0890823349638,315.93
"['f20', 20, -10, 10, 100, 250, 2.05, 2.5, 25000]",774.5966196130455,314.92
"['f20', 20, -10, 10, 100, 250, 2.05, 2.5, 25000]",773.2627549864108,317.74
"['f20', 20, -10, 10, 100, 250, 2.5, 2.05, 25000]",776.4974990269127,321.34
"['f20', 20, -10, 10, 100, 250, 2.5, 2.05, 25000]",774.0395810404078,303.36
"['f20', 20, -10, 10, 100, 250, 2.5, 2.05, 25000]",777.0811240326343,302.67
"['f20', 20, -10, 10, 100, 250, 2.5, 2.05, 25000]",775.8216792329426,319.1
"['f20', 20, -10, 10, 100, 250, 2.5, 2.05, 25000]",776.6970395466368,309.15
"['f20', 20, -10, 10, 100, 250, 2.5, 2.05, 25000]",773.420365869468,311.77
"['f20', 20, -10, 10, 100, 250, 2.5, 2.05, 25000]",774.7479008318094,317.09
"['f20', 20, -10, 10, 100, 250, 2.5, 2.05, 25000]",776.5109136388421,307.86
"['f20', 20, -10, 10, 100, 250, 2.5, 2.05, 25000]",771.7877337172937,310.22
"['f20', 20, -10, 10, 100, 250, 2.5, 2.05, 25000]",773.8706994161922,307.65
"['f20', 20, -10, 10, 100, 250, 2.5, 2.05, 25000]",779.4429289693984,320.57
"['f20', 20, -10, 10, 100, 250, 2.5, 2.05, 25000]",775.821534419551,313.07
"['f20', 20, -10, 10, 100, 250, 2.5, 2.05, 25000]",776.4498987814985,303.26
"['f20', 20, -10, 10, 100, 250, 2.5, 2.05, 25000]",781.004515399582,309.49
"['f20', 20, -10, 10, 100, 250, 2.5, 2.05, 25000]",774.3353832033323,315.64
"['f20', 20, -10, 10, 100, 250, 2.5, 2.05, 25000]",774.5970595878874,318.83
"['f20', 20, -10, 10, 100, 250, 2.5, 2.05, 25000]",778.7225514458482,309.4
"['f20', 20, -10, 10, 100, 250, 2.5, 2.05, 25000]",772.5488339429462,304.83
"['f20', 20, -10, 10, 100, 250, 2.5, 2.05, 25000]",777.1299685118372,306.17
"['f20', 20, -10, 10, 100, 250, 2.5, 2.05, 25000]",776.2365304757003,310.31
"['f20', 20, -10, 10, 100, 250, 2.5, 2.5, 25000]",777.4076887877031,321.39
"['f20', 20, -10, 10, 100, 250, 2.5, 2.5, 25000]",777.011280914872,312.27
"['f20', 20, -10, 10, 100, 250, 2.5, 2.5, 25000]",779.1095582386125,310.8
"['f20', 20, -10, 10, 100, 250, 2.5, 2.5, 25000]",772.2500363095369,328.43
"['f20', 20, -10, 10, 100, 250, 2.5, 2.5, 25000]",780.5362711218891,311.15
"['f20', 20, -10, 10, 100, 250, 2.5, 2.5, 25000]",768.3660422380599,304.0
"['f20', 20, -10, 10, 100, 250, 2.5, 2.5, 25000]",776.4003754613664,340.94
"['f20', 20, -10, 10, 100, 250, 2.5, 2.5, 25000]",770.3491924586647,305.06
"['f20', 20, -10, 10, 100, 250, 2.5, 2.5, 25000]",771.116253456714,326.47
"['f20', 20, -10, 10, 100, 250, 2.5, 2.5, 25000]",774.8561795888269,306.54
"['f20', 20, -10, 10, 100, 250, 2.5, 2.5, 25000]",775.0541531034171,317.36
"['f20', 20, -10, 10, 100, 250, 2.5, 2.5, 25000]",778.2970625381064,309.09
"['f20', 20, -10, 10, 100, 250, 2.5, 2.5, 25000]",774.007030848666,309.38
"['f20', 20, -10, 10, 100, 250, 2.5, 2.5, 25000]",778.3486868586675,329.72
"['f20', 20, -10, 10, 100, 250, 2.5, 2.5, 25000]",776.4310949987956,309.78
"['f20', 20, -10, 10, 100, 250, 2.5, 2.5, 25000]",772.7721443659567,315.64
"['f20', 20, -10, 10, 100, 250, 2.5, 2.5, 25000]",778.4188153464254,306.8
"['f20', 20, -10, 10, 100, 250, 2.5, 2.5, 25000]",773.0892763583622,309.91
"['f20', 20, -10, 10, 100, 250, 2.5, 2.5, 25000]",771.85572597116,319.89
"['f20', 20, -10, 10, 100, 250, 2.5, 2.5, 25000]",775.3516980335501,312.74
"['f20', 20, -10, 10, 100, 300, 2.05, 2.05, 30000]",771.5004948113474,378.1
"['f20', 20, -10, 10, 100, 300, 2.05, 2.05, 30000]",777.7014463090036,372.93
"['f20', 20, -10, 10, 100, 300, 2.05, 2.05, 30000]",777.3633515667425,390.22
"['f20', 20, -10, 10, 100, 300, 2.05, 2.05, 30000]",776.7807785015895,383.11
"['f20', 20, -10, 10, 100, 300, 2.05, 2.05, 30000]",775.5797726065229,396.46
"['f20', 20, -10, 10, 100, 300, 2.05, 2.05, 30000]",775.3399391018096,370.93
"['f20', 20, -10, 10, 100, 300, 2.05, 2.05, 30000]",775.9096801241553,372.16
"['f20', 20, -10, 10, 100, 300, 2.05, 2.05, 30000]",775.2878260252244,377.77
"['f20', 20, -10, 10, 100, 300, 2.05, 2.05, 30000]",774.9050642550269,364.96
"['f20', 20, -10, 10, 100, 300, 2.05, 2.05, 30000]",777.7392120704412,371.04
"['f20', 20, -10, 10, 100, 300, 2.05, 2.05, 30000]",773.4213609674277,382.36
"['f20', 20, -10, 10, 100, 300, 2.05, 2.05, 30000]",770.5793670448502,373.19
"['f20', 20, -10, 10, 100, 300, 2.05, 2.05, 30000]",775.4075269050337,373.51
"['f20', 20, -10, 10, 100, 300, 2.05, 2.05, 30000]",774.5653619968192,375.84
"['f20', 20, -10, 10, 100, 300, 2.05, 2.05, 30000]",773.0098826196833,383.5
"['f20', 20, -10, 10, 100, 300, 2.05, 2.05, 30000]",775.0867652786129,380.01
"['f20', 20, -10, 10, 100, 300, 2.05, 2.05, 30000]",774.2682668482481,373.07
"['f20', 20, -10, 10, 100, 300, 2.05, 2.05, 30000]",779.4090183230508,371.85
"['f20', 20, -10, 10, 100, 300, 2.05, 2.05, 30000]",772.2246761022916,382.64
"['f20', 20, -10, 10, 100, 300, 2.05, 2.05, 30000]",773.3092646319777,384.42
"['f20', 20, -10, 10, 100, 300, 2.05, 2.5, 30000]",770.6182869624807,400.02
"['f20', 20, -10, 10, 100, 300, 2.05, 2.5, 30000]",772.5033992420616,380.89
"['f20', 20, -10, 10, 100, 300, 2.05, 2.5, 30000]",769.318093399917,381.89
"['f20', 20, -10, 10, 100, 300, 2.05, 2.5, 30000]",774.1574619944953,385.22
"['f20', 20, -10, 10, 100, 300, 2.05, 2.5, 30000]",776.1925331685754,376.21
"['f20', 20, -10, 10, 100, 300, 2.05, 2.5, 30000]",771.1207841410842,371.68
"['f20', 20, -10, 10, 100, 300, 2.05, 2.5, 30000]",771.3752451223356,377.09
"['f20', 20, -10, 10, 100, 300, 2.05, 2.5, 30000]",777.2065554262379,377.27
"['f20', 20, -10, 10, 100, 300, 2.05, 2.5, 30000]",777.1701025217614,386.63
"['f20', 20, -10, 10, 100, 300, 2.05, 2.5, 30000]",768.8912830495027,375.45
"['f20', 20, -10, 10, 100, 300, 2.05, 2.5, 30000]",772.724996899064,375.56
"['f20', 20, -10, 10, 100, 300, 2.05, 2.5, 30000]",776.4277030845006,373.91
"['f20', 20, -10, 10, 100, 300, 2.05, 2.5, 30000]",776.1662561534283,375.88
"['f20', 20, -10, 10, 100, 300, 2.05, 2.5, 30000]",771.7654796154486,373.47
"['f20', 20, -10, 10, 100, 300, 2.05, 2.5, 30000]",773.1955055282946,383.93
"['f20', 20, -10, 10, 100, 300, 2.05, 2.5, 30000]",773.9058901229711,370.24
"['f20', 20, -10, 10, 100, 300, 2.05, 2.5, 30000]",775.7113152914116,388.59
"['f20', 20, -10, 10, 100, 300, 2.05, 2.5, 30000]",773.2393331959721,370.21
"['f20', 20, -10, 10, 100, 300, 2.05, 2.5, 30000]",769.275031406031,393.46
"['f20', 20, -10, 10, 100, 300, 2.05, 2.5, 30000]",771.6041677827372,375.12
"['f20', 20, -10, 10, 100, 300, 2.5, 2.05, 30000]",770.920337136188,375.55
"['f20', 20, -10, 10, 100, 300, 2.5, 2.05, 30000]",778.9916238452248,381.96
"['f20', 20, -10, 10, 100, 300, 2.5, 2.05, 30000]",769.957574812353,377.72
"['f20', 20, -10, 10, 100, 300, 2.5, 2.05, 30000]",775.6957372565497,381.99
"['f20', 20, -10, 10, 100, 300, 2.5, 2.05, 30000]",772.828530547866,371.16
"['f20', 20, -10, 10, 100, 300, 2.5, 2.05, 30000]",774.5043402964038,386.51
"['f20', 20, -10, 10, 100, 300, 2.5, 2.05, 30000]",773.3163405060017,375.8
"['f20', 20, -10, 10, 100, 300, 2.5, 2.05, 30000]",775.0202875069605,373.22
"['f20', 20, -10, 10, 100, 300, 2.5, 2.05, 30000]",775.3635140575225,379.11
"['f20', 20, -10, 10, 100, 300, 2.5, 2.05, 30000]",777.0731772123829,367.29
"['f20', 20, -10, 10, 100, 300, 2.5, 2.05, 30000]",776.1932798476566,379.23
"['f20', 20, -10, 10, 100, 300, 2.5, 2.05, 30000]",774.1004527300597,393.86
"['f20', 20, -10, 10, 100, 300, 2.5, 2.05, 30000]",775.4266665718666,375.7
"['f20', 20, -10, 10, 100, 300, 2.5, 2.05, 30000]",781.9575570514537,370.86
"['f20', 20, -10, 10, 100, 300, 2.5, 2.05, 30000]",780.4973554106414,374.39
"['f20', 20, -10, 10, 100, 300, 2.5, 2.05, 30000]",775.3182219633612,383.07
"['f20', 20, -10, 10, 100, 300, 2.5, 2.05, 30000]",772.1159701018222,366.87
"['f20', 20, -10, 10, 100, 300, 2.5, 2.05, 30000]",777.0513894304606,385.01
"['f20', 20, -10, 10, 100, 300, 2.5, 2.05, 30000]",773.2883660379239,379.81
"['f20', 20, -10, 10, 100, 300, 2.5, 2.05, 30000]",773.701015298171,384.16
"['f20', 20, -10, 10, 100, 300, 2.5, 2.5, 30000]",776.7677733440352,375.65
"['f20', 20, -10, 10, 100, 300, 2.5, 2.5, 30000]",776.64457505966,377.23
"['f20', 20, -10, 10, 100, 300, 2.5, 2.5, 30000]",774.7644474019605,384.92
"['f20', 20, -10, 10, 100, 300, 2.5, 2.5, 30000]",773.9885149858109,374.8
"['f20', 20, -10, 10, 100, 300, 2.5, 2.5, 30000]",774.1378308107941,396.13
"['f20', 20, -10, 10, 100, 300, 2.5, 2.5, 30000]",770.5147456037193,376.74
"['f20', 20, -10, 10, 100, 300, 2.5, 2.5, 30000]",770.8310895042744,378.56
"['f20', 20, -10, 10, 100, 300, 2.5, 2.5, 30000]",773.3072891840771,375.79
"['f20', 20, -10, 10, 100, 300, 2.5, 2.5, 30000]",772.4445468942555,371.66
"['f20', 20, -10, 10, 100, 300, 2.5, 2.5, 30000]",776.5297439554151,371.59
"['f20', 20, -10, 10, 100, 300, 2.5, 2.5, 30000]",776.8784876505317,383.48
"['f20', 20, -10, 10, 100, 300, 2.5, 2.5, 30000]",775.1490538784207,387.41
"['f20', 20, -10, 10, 100, 300, 2.5, 2.5, 30000]",776.2395742090241,388.11
"['f20', 20, -10, 10, 100, 300, 2.5, 2.5, 30000]",770.8481930722006,377.6
"['f20', 20, -10, 10, 100, 300, 2.5, 2.5, 30000]",773.5773193340668,389.2
"['f20', 20, -10, 10, 100, 300, 2.5, 2.5, 30000]",773.6948076327166,375.76
"['f20', 20, -10, 10, 100, 300, 2.5, 2.5, 30000]",776.5628649957612,371.5
"['f20', 20, -10, 10, 100, 300, 2.5, 2.5, 30000]",772.3112956228604,390.28
"['f20', 20, -10, 10, 100, 300, 2.5, 2.5, 30000]",775.8323730739891,381.37
"['f20', 20, -10, 10, 100, 300, 2.5, 2.5, 30000]",772.6271684031459,372.78
"['f20', 20, -10, 10, 200, 150, 2.05, 2.05, 30000]",771.9653869036059,377.02
"['f20', 20, -10, 10, 200, 150, 2.05, 2.05, 30000]",774.36508518975,386.24
"['f20', 20, -10, 10, 200, 150, 2.05, 2.05, 30000]",774.1787044908676,385.92
"['f20', 20, -10, 10, 200, 150, 2.05, 2.05, 30000]",771.2547944339477,399.44
"['f20', 20, -10, 10, 200, 150, 2.05, 2.05, 30000]",778.5318061888667,377.91
"['f20', 20, -10, 10, 200, 150, 2.05, 2.05, 30000]",775.5420144431715,383.99
"['f20', 20, -10, 10, 200, 150, 2.05, 2.05, 30000]",773.7077949893938,373.75
"['f20', 20, -10, 10, 200, 150, 2.05, 2.05, 30000]",770.1711943663529,369.73
"['f20', 20, -10, 10, 200, 150, 2.05, 2.05, 30000]",778.0617843974787,366.49
"['f20', 20, -10, 10, 200, 150, 2.05, 2.05, 30000]",771.7926183540948,362.84
"['f20', 20, -10, 10, 200, 150, 2.05, 2.05, 30000]",769.6857406669734,374.29
"['f20', 20, -10, 10, 200, 150, 2.05, 2.05, 30000]",773.9945944473681,369.54
"['f20', 20, -10, 10, 200, 150, 2.05, 2.05, 30000]",771.9696158273441,374.06
"['f20', 20, -10, 10, 200, 150, 2.05, 2.05, 30000]",771.6386876029278,379.7
"['f20', 20, -10, 10, 200, 150, 2.05, 2.05, 30000]",771.6306668249199,375.1
"['f20', 20, -10, 10, 200, 150, 2.05, 2.05, 30000]",777.3922970783617,378.31
"['f20', 20, -10, 10, 200, 150, 2.05, 2.05, 30000]",778.0727101950853,381.21
"['f20', 20, -10, 10, 200, 150, 2.05, 2.05, 30000]",769.8033587678703,367.78
"['f20', 20, -10, 10, 200, 150, 2.05, 2.05, 30000]",771.089121580871,375.59
"['f20', 20, -10, 10, 200, 150, 2.05, 2.05, 30000]",770.9474554887452,384.72
"['f20', 20, -10, 10, 200, 150, 2.05, 2.5, 30000]",775.633609050791,382.02
"['f20', 20, -10, 10, 200, 150, 2.05, 2.5, 30000]",776.169752370107,376.58
"['f20', 20, -10, 10, 200, 150, 2.05, 2.5, 30000]",771.8516070564791,396.24
"['f20', 20, -10, 10, 200, 150, 2.05, 2.5, 30000]",773.2197535962374,377.37
"['f20', 20, -10, 10, 200, 150, 2.05, 2.5, 30000]",771.4109340590022,391.65
"['f20', 20, -10, 10, 200, 150, 2.05, 2.5, 30000]",771.5791832612573,379.25
"['f20', 20, -10, 10, 200, 150, 2.05, 2.5, 30000]",774.1252456940255,372.77
"['f20', 20, -10, 10, 200, 150, 2.05, 2.5, 30000]",773.7311960000341,386.63
"['f20', 20, -10, 10, 200, 150, 2.05, 2.5, 30000]",770.7257033285733,377.69
"['f20', 20, -10, 10, 200, 150, 2.05, 2.5, 30000]",769.7445302141324,378.28
"['f20', 20, -10, 10, 200, 150, 2.05, 2.5, 30000]",773.1962728826695,366.45
"['f20', 20, -10, 10, 200, 150, 2.05, 2.5, 30000]",771.7527906734133,384.64
"['f20', 20, -10, 10, 200, 150, 2.05, 2.5, 30000]",772.8477271672317,373.62
"['f20', 20, -10, 10, 200, 150, 2.05, 2.5, 30000]",770.5718758312693,368.32
"['f20', 20, -10, 10, 200, 150, 2.05, 2.5, 30000]",770.4623935741412,367.49
"['f20', 20, -10, 10, 200, 150, 2.05, 2.5, 30000]",771.5858170995818,366.3
"['f20', 20, -10, 10, 200, 150, 2.05, 2.5, 30000]",774.2320527830184,383.46
"['f20', 20, -10, 10, 200, 150, 2.05, 2.5, 30000]",776.8435595819305,399.91
"['f20', 20, -10, 10, 200, 150, 2.05, 2.5, 30000]",770.4539710220854,383.25
"['f20', 20, -10, 10, 200, 150, 2.05, 2.5, 30000]",771.0277632346539,376.01
"['f20', 20, -10, 10, 200, 150, 2.5, 2.05, 30000]",776.2636673537621,378.46
"['f20', 20, -10, 10, 200, 150, 2.5, 2.05, 30000]",776.3463810340508,366.91
"['f20', 20, -10, 10, 200, 150, 2.5, 2.05, 30000]",771.4413043689112,371.88
"['f20', 20, -10, 10, 200, 150, 2.5, 2.05, 30000]",771.4321028582635,370.09
"['f20', 20, -10, 10, 200, 150, 2.5, 2.05, 30000]",774.4487078105343,367.08
"['f20', 20, -10, 10, 200, 150, 2.5, 2.05, 30000]",771.6081232621544,374.28
"['f20', 20, -10, 10, 200, 150, 2.5, 2.05, 30000]",772.4800213516758,370.92
"['f20', 20, -10, 10, 200, 150, 2.5, 2.05, 30000]",775.3541504667758,373.18
"['f20', 20, -10, 10, 200, 150, 2.5, 2.05, 30000]",771.8719104316016,374.96
"['f20', 20, -10, 10, 200, 150, 2.5, 2.05, 30000]",771.0849408904548,366.44
"['f20', 20, -10, 10, 200, 150, 2.5, 2.05, 30000]",774.9957924630371,383.28
"['f20', 20, -10, 10, 200, 150, 2.5, 2.05, 30000]",775.4307230377135,371.33
"['f20', 20, -10, 10, 200, 150, 2.5, 2.05, 30000]",769.4161816168187,360.76
"['f20', 20, -10, 10, 200, 150, 2.5, 2.05, 30000]",775.693054305487,382.17
"['f20', 20, -10, 10, 200, 150, 2.5, 2.05, 30000]",780.4290611771916,367.85
"['f20', 20, -10, 10, 200, 150, 2.5, 2.05, 30000]",770.7045453039369,377.38
"['f20', 20, -10, 10, 200, 150, 2.5, 2.05, 30000]",771.5122828817123,367.36
"['f20', 20, -10, 10, 200, 150, 2.5, 2.05, 30000]",777.321943458856,380.8
"['f20', 20, -10, 10, 200, 150, 2.5, 2.05, 30000]",780.0867710586383,381.36
"['f20', 20, -10, 10, 200, 150, 2.5, 2.05, 30000]",773.2523372554728,370.05
"['f20', 20, -10, 10, 200, 150, 2.5, 2.5, 30000]",771.799949738916,371.27
"['f20', 20, -10, 10, 200, 150, 2.5, 2.5, 30000]",772.6899185159072,385.56
"['f20', 20, -10, 10, 200, 150, 2.5, 2.5, 30000]",772.013028910682,362.48
"['f20', 20, -10, 10, 200, 150, 2.5, 2.5, 30000]",771.7286173123224,379.0
"['f20', 20, -10, 10, 200, 150, 2.5, 2.5, 30000]",776.9519914518203,388.49
"['f20', 20, -10, 10, 200, 150, 2.5, 2.5, 30000]",772.563487610372,382.6
"['f20', 20, -10, 10, 200, 150, 2.5, 2.5, 30000]",771.5243094305137,371.3
"['f20', 20, -10, 10, 200, 150, 2.5, 2.5, 30000]",778.4528188369758,367.25
"['f20', 20, -10, 10, 200, 150, 2.5, 2.5, 30000]",771.2768406627329,388.82
"['f20', 20, -10, 10, 200, 150, 2.5, 2.5, 30000]",771.5055041380728,370.71
"['f20', 20, -10, 10, 200, 150, 2.5, 2.5, 30000]",772.4707741308624,375.11
"['f20', 20, -10, 10, 200, 150, 2.5, 2.5, 30000]",771.9614199811521,371.77
"['f20', 20, -10, 10, 200, 150, 2.5, 2.5, 30000]",775.3480978230235,377.79
"['f20', 20, -10, 10, 200, 150, 2.5, 2.5, 30000]",774.1160311103048,382.98
"['f20', 20, -10, 10, 200, 150, 2.5, 2.5, 30000]",776.8557814552521,382.13
"['f20', 20, -10, 10, 200, 150, 2.5, 2.5, 30000]",769.4767884474846,387.69
"['f20', 20, -10, 10, 200, 150, 2.5, 2.5, 30000]",774.8485116035029,421.42
"['f20', 20, -10, 10, 200, 150, 2.5, 2.5, 30000]",771.0013674238675,425.84
"['f20', 20, -10, 10, 200, 150, 2.5, 2.5, 30000]",779.7401431694993,421.05
"['f20', 20, -10, 10, 200, 150, 2.5, 2.5, 30000]",771.1427733215484,423.81
"['f20', 20, -100, 100, 100, 250, 2.05, 2.05, 25000]",776.4214512174524,363.07
"['f20', 20, -100, 100, 100, 250, 2.05, 2.05, 25000]",771.3730899631627,349.44
"['f20', 20, -100, 100, 100, 250, 2.05, 2.05, 25000]",770.2929134197041,346.59
"['f20', 20, -100, 100, 100, 250, 2.05, 2.05, 25000]",771.8664732215436,353.47
"['f20', 20, -100, 100, 100, 250, 2.05, 2.05, 25000]",772.035055955358,358.46
"['f20', 20, -100, 100, 100, 250, 2.05, 2.05, 25000]",775.8519884793286,357.95
"['f20', 20, -100, 100, 100, 250, 2.05, 2.05, 25000]",772.4278487296255,360.21
"['f20', 20, -100, 100, 100, 250, 2.05, 2.05, 25000]",771.1045852960976,366.54
"['f20', 20, -100, 100, 100, 250, 2.05, 2.05, 25000]",769.9588528987182,351.93
"['f20', 20, -100, 100, 100, 250, 2.05, 2.05, 25000]",770.3866649963828,342.32
"['f20', 20, -100, 100, 100, 250, 2.05, 2.05, 25000]",768.0661053871764,358.49
"['f20', 20, -100, 100, 100, 250, 2.05, 2.05, 25000]",775.7128091533519,356.26
"['f20', 20, -100, 100, 100, 250, 2.05, 2.05, 25000]",777.2361899321281,363.23
"['f20', 20, -100, 100, 100, 250, 2.05, 2.05, 25000]",773.1094017896938,366.41
"['f20', 20, -100, 100, 100, 250, 2.05, 2.05, 25000]",772.8720223546441,358.55
"['f20', 20, -100, 100, 100, 250, 2.05, 2.05, 25000]",772.5326384510032,362.34
"['f20', 20, -100, 100, 100, 250, 2.05, 2.05, 25000]",774.2163186624884,355.94
"['f20', 20, -100, 100, 100, 250, 2.05, 2.05, 25000]",769.007444167943,363.38
"['f20', 20, -100, 100, 100, 250, 2.05, 2.05, 25000]",771.2432479069929,362.37
"['f20', 20, -100, 100, 100, 250, 2.05, 2.05, 25000]",776.4934908931675,363.04
"['f20', 20, -100, 100, 100, 250, 2.05, 2.5, 25000]",776.6236058811701,356.9
"['f20', 20, -100, 100, 100, 250, 2.05, 2.5, 25000]",772.9599024102387,355.39
"['f20', 20, -100, 100, 100, 250, 2.05, 2.5, 25000]",773.1958222263428,359.82
"['f20', 20, -100, 100, 100, 250, 2.05, 2.5, 25000]",774.4752414242485,368.6
"['f20', 20, -100, 100, 100, 250, 2.05, 2.5, 25000]",771.2373333277577,363.68
"['f20', 20, -100, 100, 100, 250, 2.05, 2.5, 25000]",773.9297908162903,348.59
"['f20', 20, -100, 100, 100, 250, 2.05, 2.5, 25000]",774.9285109823594,354.92
"['f20', 20, -100, 100, 100, 250, 2.05, 2.5, 25000]",771.6655999782638,346.38
"['f20', 20, -100, 100, 100, 250, 2.05, 2.5, 25000]",774.0843105803319,354.71
"['f20', 20, -100, 100, 100, 250, 2.05, 2.5, 25000]",771.6458111249127,356.41
"['f20', 20, -100, 100, 100, 250, 2.05, 2.5, 25000]",771.1187182741438,358.67
"['f20', 20, -100, 100, 100, 250, 2.05, 2.5, 25000]",770.1750433953861,366.6
"['f20', 20, -100, 100, 100, 250, 2.05, 2.5, 25000]",774.9399953846911,359.46
"['f20', 20, -100, 100, 100, 250, 2.05, 2.5, 25000]",773.2826578741328,358.73
"['f20', 20, -100, 100, 100, 250, 2.05, 2.5, 25000]",775.4244102149669,344.59
"['f20', 20, -100, 100, 100, 250, 2.05, 2.5, 25000]",773.2499655440237,369.09
"['f20', 20, -100, 100, 100, 250, 2.05, 2.5, 25000]",770.4248192424465,357.17
"['f20', 20, -100, 100, 100, 250, 2.05, 2.5, 25000]",775.8257008561717,345.59
"['f20', 20, -100, 100, 100, 250, 2.05, 2.5, 25000]",773.4212840353683,355.81
"['f20', 20, -100, 100, 100, 250, 2.05, 2.5, 25000]",769.6029716005044,353.19
"['f20', 20, -100, 100, 100, 250, 2.5, 2.05, 25000]",774.2324199932227,350.74
"['f20', 20, -100, 100, 100, 250, 2.5, 2.05, 25000]",773.9879102779394,364.96
"['f20', 20, -100, 100, 100, 250, 2.5, 2.05, 25000]",774.3296002522557,366.91
"['f20', 20, -100, 100, 100, 250, 2.5, 2.05, 25000]",774.7307047093234,357.43
"['f20', 20, -100, 100, 100, 250, 2.5, 2.05, 25000]",774.4448943927181,367.95
"['f20', 20, -100, 100, 100, 250, 2.5, 2.05, 25000]",776.0884957920263,364.41
"['f20', 20, -100, 100, 100, 250, 2.5, 2.05, 25000]",772.4779611487569,368.04
"['f20', 20, -100, 100, 100, 250, 2.5, 2.05, 25000]",773.2302404496068,347.75
"['f20', 20, -100, 100, 100, 250, 2.5, 2.05, 25000]",770.4308717764029,372.03
"['f20', 20, -100, 100, 100, 250, 2.5, 2.05, 25000]",772.3579426076251,360.69
"['f20', 20, -100, 100, 100, 250, 2.5, 2.05, 25000]",774.0963242746733,347.55
"['f20', 20, -100, 100, 100, 250, 2.5, 2.05, 25000]",772.3029564190703,355.76
"['f20', 20, -100, 100, 100, 250, 2.5, 2.05, 25000]",774.4703945496963,365.09
"['f20', 20, -100, 100, 100, 250, 2.5, 2.05, 25000]",776.6253557722771,359.11
"['f20', 20, -100, 100, 100, 250, 2.5, 2.05, 25000]",771.9474986434473,353.13
"['f20', 20, -100, 100, 100, 250, 2.5, 2.05, 25000]",770.1927989526858,351.16
"['f20', 20, -100, 100, 100, 250, 2.5, 2.05, 25000]",774.9470015768516,354.85
"['f20', 20, -100, 100, 100, 250, 2.5, 2.05, 25000]",770.9015446573496,363.66
"['f20', 20, -100, 100, 100, 250, 2.5, 2.05, 25000]",773.2060717974298,348.67
"['f20', 20, -100, 100, 100, 250, 2.5, 2.05, 25000]",772.4150039565566,353.27
"['f20', 20, -100, 100, 100, 250, 2.5, 2.5, 25000]",770.3446269852485,359.35
"['f20', 20, -100, 100, 100, 250, 2.5, 2.5, 25000]",771.3709517238259,357.48
"['f20', 20, -100, 100, 100, 250, 2.5, 2.5, 25000]",771.831051228627,360.53
"['f20', 20, -100, 100, 100, 250, 2.5, 2.5, 25000]",777.254281093011,353.28
"['f20', 20, -100, 100, 100, 250, 2.5, 2.5, 25000]",770.5435491931896,350.94
"['f20', 20, -100, 100, 100, 250, 2.5, 2.5, 25000]",771.9038458723298,333.35
"['f20', 20, -100, 100, 100, 250, 2.5, 2.5, 25000]",774.9822821339038,349.84
"['f20', 20, -100, 100, 100, 250, 2.5, 2.5, 25000]",771.8811961340823,360.91
"['f20', 20, -100, 100, 100, 250, 2.5, 2.5, 25000]",773.5705189347857,345.08
"['f20', 20, -100, 100, 100, 250, 2.5, 2.5, 25000]",772.8967340355174,358.26
"['f20', 20, -100, 100, 100, 250, 2.5, 2.5, 25000]",773.3889950593527,348.66
"['f20', 20, -100, 100, 100, 250, 2.5, 2.5, 25000]",774.3054401368116,357.7
"['f20', 20, -100, 100, 100, 250, 2.5, 2.5, 25000]",770.5325042060311,351.69
"['f20', 20, -100, 100, 100, 250, 2.5, 2.5, 25000]",772.4335613912949,362.44
"['f20', 20, -100, 100, 100, 250, 2.5, 2.5, 25000]",771.5151004081582,356.04
"['f20', 20, -100, 100, 100, 250, 2.5, 2.5, 25000]",773.7966662256855,368.06
"['f20', 20, -100, 100, 100, 250, 2.5, 2.5, 25000]",773.9448474079871,358.83
"['f20', 20, -100, 100, 100, 250, 2.5, 2.5, 25000]",770.3241243000178,352.77
"['f20', 20, -100, 100, 100, 250, 2.5, 2.5, 25000]",769.2606932523618,364.12
"['f20', 20, -100, 100, 100, 250, 2.5, 2.5, 25000]",772.5551762453549,354.19
"['f20', 20, -100, 100, 100, 300, 2.05, 2.05, 30000]",776.2903433365202,422.92
"['f20', 20, -100, 100, 100, 300, 2.05, 2.05, 30000]",774.4246194054163,408.59
"['f20', 20, -100, 100, 100, 300, 2.05, 2.05, 30000]",774.8940392969013,433.1
"['f20', 20, -100, 100, 100, 300, 2.05, 2.05, 30000]",773.2734218783753,433.27
"['f20', 20, -100, 100, 100, 300, 2.05, 2.05, 30000]",773.8315458150223,423.49
"['f20', 20, -100, 100, 100, 300, 2.05, 2.05, 30000]",773.4149384428316,428.58
"['f20', 20, -100, 100, 100, 300, 2.05, 2.05, 30000]",768.4794366569048,439.03
"['f20', 20, -100, 100, 100, 300, 2.05, 2.05, 30000]",772.4674710353431,422.67
"['f20', 20, -100, 100, 100, 300, 2.05, 2.05, 30000]",774.1998436672077,416.5
"['f20', 20, -100, 100, 100, 300, 2.05, 2.05, 30000]",771.9642783426168,418.26
"['f20', 20, -100, 100, 100, 300, 2.05, 2.05, 30000]",774.4624774612558,426.12
"['f20', 20, -100, 100, 100, 300, 2.05, 2.05, 30000]",770.9640833339633,416.57
"['f20', 20, -100, 100, 100, 300, 2.05, 2.05, 30000]",771.9887589974929,443.66
"['f20', 20, -100, 100, 100, 300, 2.05, 2.05, 30000]",774.529079862487,434.48
"['f20', 20, -100, 100, 100, 300, 2.05, 2.05, 30000]",775.9086268620061,418.93
"['f20', 20, -100, 100, 100, 300, 2.05, 2.05, 30000]",770.4415323102842,425.43
"['f20', 20, -100, 100, 100, 300, 2.05, 2.05, 30000]",772.0416131257845,426.41
"['f20', 20, -100, 100, 100, 300, 2.05, 2.05, 30000]",772.5956511540869,427.4
"['f20', 20, -100, 100, 100, 300, 2.05, 2.05, 30000]",775.2370261620446,430.07
"['f20', 20, -100, 100, 100, 300, 2.05, 2.05, 30000]",770.6767044918387,434.36
"['f20', 20, -100, 100, 100, 300, 2.05, 2.5, 30000]",772.6870486094947,408.58
"['f20', 20, -100, 100, 100, 300, 2.05, 2.5, 30000]",772.4995255123794,422.83
"['f20', 20, -100, 100, 100, 300, 2.05, 2.5, 30000]",771.3491061005263,441.85
"['f20', 20, -100, 100, 100, 300, 2.05, 2.5, 30000]",770.7994701775887,422.59
"['f20', 20, -100, 100, 100, 300, 2.05, 2.5, 30000]",772.931846577582,413.98
"['f20', 20, -100, 100, 100, 300, 2.05, 2.5, 30000]",772.2601832714656,422.04
"['f20', 20, -100, 100, 100, 300, 2.05, 2.5, 30000]",769.2152168267412,442.6
"['f20', 20, -100, 100, 100, 300, 2.05, 2.5, 30000]",778.4091178950581,416.66
"['f20', 20, -100, 100, 100, 300, 2.05, 2.5, 30000]",775.6628551243248,432.18
"['f20', 20, -100, 100, 100, 300, 2.05, 2.5, 30000]",768.4165835497231,425.58
"['f20', 20, -100, 100, 100, 300, 2.05, 2.5, 30000]",772.0814051206511,425.84
"['f20', 20, -100, 100, 100, 300, 2.05, 2.5, 30000]",772.0535372016421,429.95
"['f20', 20, -100, 100, 100, 300, 2.05, 2.5, 30000]",773.226134093519,448.37
"['f20', 20, -100, 100, 100, 300, 2.05, 2.5, 30000]",772.5368278874076,437.14
"['f20', 20, -100, 100, 100, 300, 2.05, 2.5, 30000]",770.5945039206877,432.31
"['f20', 20, -100, 100, 100, 300, 2.05, 2.5, 30000]",770.4634279138669,418.77
"['f20', 20, -100, 100, 100, 300, 2.05, 2.5, 30000]",770.7655296250227,431.86
"['f20', 20, -100, 100, 100, 300, 2.05, 2.5, 30000]",771.6915993061159,422.98
"['f20', 20, -100, 100, 100, 300, 2.05, 2.5, 30000]",771.9188792430145,432.75
"['f20', 20, -100, 100, 100, 300, 2.05, 2.5, 30000]",772.8280489804432,423.06
"['f20', 20, -100, 100, 100, 300, 2.5, 2.05, 30000]",771.3660618972308,424.62
"['f20', 20, -100, 100, 100, 300, 2.5, 2.05, 30000]",772.1316362547783,431.36
"['f20', 20, -100, 100, 100, 300, 2.5, 2.05, 30000]",772.3980066392605,430.82
"['f20', 20, -100, 100, 100, 300, 2.5, 2.05, 30000]",771.4215670808985,435.31
"['f20', 20, -100, 100, 100, 300, 2.5, 2.05, 30000]",773.2402604893488,445.36
"['f20', 20, -100, 100, 100, 300, 2.5, 2.05, 30000]",773.1621765935295,434.59
"['f20', 20, -100, 100, 100, 300, 2.5, 2.05, 30000]",771.5848418724368,446.89
"['f20', 20, -100, 100, 100, 300, 2.5, 2.05, 30000]",770.7628385644985,435.5
"['f20', 20, -100, 100, 100, 300, 2.5, 2.05, 30000]",772.309934227363,437.59
"['f20', 20, -100, 100, 100, 300, 2.5, 2.05, 30000]",767.3319782788661,440.55
"['f20', 20, -100, 100, 100, 300, 2.5, 2.05, 30000]",768.7380393121698,425.24
"['f20', 20, -100, 100, 100, 300, 2.5, 2.05, 30000]",773.4656805591017,445.35
"['f20', 20, -100, 100, 100, 300, 2.5, 2.05, 30000]",774.0875054983709,437.97
"['f20', 20, -100, 100, 100, 300, 2.5, 2.05, 30000]",769.9665119930369,422.85
"['f20', 20, -100, 100, 100, 300, 2.5, 2.05, 30000]",768.5332788143711,426.26
"['f20', 20, -100, 100, 100, 300, 2.5, 2.05, 30000]",776.3213653279946,429.93
"['f20', 20, -100, 100, 100, 300, 2.5, 2.05, 30000]",779.4169557546561,428.25
"['f20', 20, -100, 100, 100, 300, 2.5, 2.05, 30000]",772.5221386399105,437.59
"['f20', 20, -100, 100, 100, 300, 2.5, 2.05, 30000]",776.0354618896425,445.07
"['f20', 20, -100, 100, 100, 300, 2.5, 2.05, 30000]",775.1303615766047,444.91
"['f20', 20, -100, 100, 100, 300, 2.5, 2.5, 30000]",771.3664889199708,424.87
"['f20', 20, -100, 100, 100, 300, 2.5, 2.5, 30000]",768.9045449313589,431.96
"['f20', 20, -100, 100, 100, 300, 2.5, 2.5, 30000]",770.2088868269129,383.97
"['f20', 20, -100, 100, 100, 300, 2.5, 2.5, 30000]",773.6803382380311,377.09
"['f20', 20, -100, 100, 100, 300, 2.5, 2.5, 30000]",774.6888381567417,370.22
"['f20', 20, -100, 100, 100, 300, 2.5, 2.5, 30000]",772.4640586175913,370.51
"['f20', 20, -100, 100, 100, 300, 2.5, 2.5, 30000]",773.4731919800522,377.3
"['f20', 20, -100, 100, 100, 300, 2.5, 2.5, 30000]",771.9667432306738,390.77
"['f20', 20, -100, 100, 100, 300, 2.5, 2.5, 30000]",770.8263032788593,396.05
"['f20', 20, -100, 100, 100, 300, 2.5, 2.5, 30000]",771.7438991545735,370.72
"['f20', 20, -100, 100, 100, 300, 2.5, 2.5, 30000]",773.0392608740417,375.42
"['f20', 20, -100, 100, 100, 300, 2.5, 2.5, 30000]",777.9010090814834,378.2
"['f20', 20, -100, 100, 100, 300, 2.5, 2.5, 30000]",772.9933578942695,371.1
"['f20', 20, -100, 100, 100, 300, 2.5, 2.5, 30000]",770.3956164752443,387.77
"['f20', 20, -100, 100, 100, 300, 2.5, 2.5, 30000]",775.5364559956294,384.47
"['f20', 20, -100, 100, 100, 300, 2.5, 2.5, 30000]",770.0941599765823,363.45
"['f20', 20, -100, 100, 100, 300, 2.5, 2.5, 30000]",774.3706535539218,390.3
"['f20', 20, -100, 100, 100, 300, 2.5, 2.5, 30000]",770.6866291259595,379.52
"['f20', 20, -100, 100, 100, 300, 2.5, 2.5, 30000]",771.9215955911649,391.84
"['f20', 20, -100, 100, 100, 300, 2.5, 2.5, 30000]",773.1295163660238,359.09
"['f20', 20, -100, 100, 200, 150, 2.05, 2.05, 30000]",772.6288646310129,378.92
"['f20', 20, -100, 100, 200, 150, 2.05, 2.05, 30000]",770.0283956113019,359.26
"['f20', 20, -100, 100, 200, 150, 2.05, 2.05, 30000]",771.1007564432955,366.32
"['f20', 20, -100, 100, 200, 150, 2.05, 2.05, 30000]",769.9979786904588,365.29
"['f20', 20, -100, 100, 200, 150, 2.05, 2.05, 30000]",768.8061818438679,367.76
"['f20', 20, -100, 100, 200, 150, 2.05, 2.05, 30000]",768.6407781566666,362.85
"['f20', 20, -100, 100, 200, 150, 2.05, 2.05, 30000]",772.7261415832878,372.64
"['f20', 20, -100, 100, 200, 150, 2.05, 2.05, 30000]",772.0599987634082,378.11
"['f20', 20, -100, 100, 200, 150, 2.05, 2.05, 30000]",773.1086838082663,382.32
"['f20', 20, -100, 100, 200, 150, 2.05, 2.05, 30000]",773.5286936274235,364.93
"['f20', 20, -100, 100, 200, 150, 2.05, 2.05, 30000]",776.0210630445513,380.41
"['f20', 20, -100, 100, 200, 150, 2.05, 2.05, 30000]",771.6354908635475,367.01
"['f20', 20, -100, 100, 200, 150, 2.05, 2.05, 30000]",771.5464631378742,379.01
"['f20', 20, -100, 100, 200, 150, 2.05, 2.05, 30000]",775.2582097191802,362.54
"['f20', 20, -100, 100, 200, 150, 2.05, 2.05, 30000]",770.0580670702392,366.71
"['f20', 20, -100, 100, 200, 150, 2.05, 2.05, 30000]",773.5527952342826,370.35
"['f20', 20, -100, 100, 200, 150, 2.05, 2.05, 30000]",774.8234305430352,395.97
"['f20', 20, -100, 100, 200, 150, 2.05, 2.05, 30000]",768.8674632198178,375.67
"['f20', 20, -100, 100, 200, 150, 2.05, 2.05, 30000]",771.9976060523593,394.24
"['f20', 20, -100, 100, 200, 150, 2.05, 2.05, 30000]",774.8307681806592,360.43
"['f20', 20, -100, 100, 200, 150, 2.05, 2.5, 30000]",771.787577052943,374.0
"['f20', 20, -100, 100, 200, 150, 2.05, 2.5, 30000]",773.1820715313977,411.33
"['f20', 20, -100, 100, 200, 150, 2.05, 2.5, 30000]",770.8558465992744,381.78
"['f20', 20, -100, 100, 200, 150, 2.05, 2.5, 30000]",775.6543792954208,375.22
"['f20', 20, -100, 100, 200, 150, 2.05, 2.5, 30000]",777.3414671244436,398.94
"['f20', 20, -100, 100, 200, 150, 2.05, 2.5, 30000]",774.5014228485331,374.74
"['f20', 20, -100, 100, 200, 150, 2.05, 2.5, 30000]",773.9355459199005,370.59
"['f20', 20, -100, 100, 200, 150, 2.05, 2.5, 30000]",775.2216769024213,394.36
"['f20', 20, -100, 100, 200, 150, 2.05, 2.5, 30000]",772.2198379922526,386.28
"['f20', 20, -100, 100, 200, 150, 2.05, 2.5, 30000]",770.7005496873592,369.58
"['f20', 20, -100, 100, 200, 150, 2.05, 2.5, 30000]",768.6764890756045,362.99
"['f20', 20, -100, 100, 200, 150, 2.05, 2.5, 30000]",772.4248973907518,390.46
"['f20', 20, -100, 100, 200, 150, 2.05, 2.5, 30000]",775.946489105268,399.95
"['f20', 20, -100, 100, 200, 150, 2.05, 2.5, 30000]",773.6266251287342,370.53
"['f20', 20, -100, 100, 200, 150, 2.05, 2.5, 30000]",771.4034932540886,377.72
"['f20', 20, -100, 100, 200, 150, 2.05, 2.5, 30000]",770.773316125549,382.88
"['f20', 20, -100, 100, 200, 150, 2.05, 2.5, 30000]",769.9637764626827,386.62
"['f20', 20, -100, 100, 200, 150, 2.05, 2.5, 30000]",776.3841712213356,381.41
"['f20', 20, -100, 100, 200, 150, 2.05, 2.5, 30000]",775.9494164303078,380.43
"['f20', 20, -100, 100, 200, 150, 2.05, 2.5, 30000]",769.3698160972708,372.48
"['f20', 20, -100, 100, 200, 150, 2.5, 2.05, 30000]",770.5524783818579,381.2
"['f20', 20, -100, 100, 200, 150, 2.5, 2.05, 30000]",770.7551407096386,366.57
"['f20', 20, -100, 100, 200, 150, 2.5, 2.05, 30000]",772.4328951844844,369.33
"['f20', 20, -100, 100, 200, 150, 2.5, 2.05, 30000]",770.6290660951121,370.95
"['f20', 20, -100, 100, 200, 150, 2.5, 2.05, 30000]",768.1670624516232,392.26
"['f20', 20, -100, 100, 200, 150, 2.5, 2.05, 30000]",772.0862235841716,387.82
"['f20', 20, -100, 100, 200, 150, 2.5, 2.05, 30000]",769.5118417752128,367.12
"['f20', 20, -100, 100, 200, 150, 2.5, 2.05, 30000]",770.7372408797527,366.19
"['f20', 20, -100, 100, 200, 150, 2.5, 2.05, 30000]",772.2562194787316,384.42
"['f20', 20, -100, 100, 200, 150, 2.5, 2.05, 30000]",773.4750221234641,376.29
"['f20', 20, -100, 100, 200, 150, 2.5, 2.05, 30000]",773.1750041913768,395.7
"['f20', 20, -100, 100, 200, 150, 2.5, 2.05, 30000]",770.0335778623154,365.03
"['f20', 20, -100, 100, 200, 150, 2.5, 2.05, 30000]",770.4431010338421,374.48
"['f20', 20, -100, 100, 200, 150, 2.5, 2.05, 30000]",771.2207230037111,366.1
"['f20', 20, -100, 100, 200, 150, 2.5, 2.05, 30000]",774.191543378705,361.1
"['f20', 20, -100, 100, 200, 150, 2.5, 2.05, 30000]",772.6558071222508,388.1
"['f20', 20, -100, 100, 200, 150, 2.5, 2.05, 30000]",769.7645622648239,363.34
"['f20', 20, -100, 100, 200, 150, 2.5, 2.05, 30000]",774.6805973658303,382.37
"['f20', 20, -100, 100, 200, 150, 2.5, 2.05, 30000]",771.9886345432517,385.48
"['f20', 20, -100, 100, 200, 150, 2.5, 2.05, 30000]",770.8509043528051,369.76
"['f20', 20, -100, 100, 200, 150, 2.5, 2.5, 30000]",771.1845444940666,376.62
"['f20', 20, -100, 100, 200, 150, 2.5, 2.5, 30000]",774.0320786886384,375.13
"['f20', 20, -100, 100, 200, 150, 2.5, 2.5, 30000]",773.6927101340489,385.84
"['f20', 20, -100, 100, 200, 150, 2.5, 2.5, 30000]",769.4814549673582,374.25
"['f20', 20, -100, 100, 200, 150, 2.5, 2.5, 30000]",770.824779228928,372.15
"['f20', 20, -100, 100, 200, 150, 2.5, 2.5, 30000]",773.289814042908,392.77
"['f20', 20, -100, 100, 200, 150, 2.5, 2.5, 30000]",773.2993837447153,389.82
"['f20', 20, -100, 100, 200, 150, 2.5, 2.5, 30000]",770.5330029562227,379.66
"['f20', 20, -100, 100, 200, 150, 2.5, 2.5, 30000]",774.0217729827187,371.68
"['f20', 20, -100, 100, 200, 150, 2.5, 2.5, 30000]",772.3017310010258,374.0
"['f20', 20, -100, 100, 200, 150, 2.5, 2.5, 30000]",772.1306871752463,366.06
"['f20', 20, -100, 100, 200, 150, 2.5, 2.5, 30000]",773.3527803547904,385.37
"['f20', 20, -100, 100, 200, 150, 2.5, 2.5, 30000]",774.3968099116556,372.16
"['f20', 20, -100, 100, 200, 150, 2.5, 2.5, 30000]",774.2386725572663,370.06
"['f20', 20, -100, 100, 200, 150, 2.5, 2.5, 30000]",771.9634142444744,385.13
"['f20', 20, -100, 100, 200, 150, 2.5, 2.5, 30000]",777.3360679072064,383.05
"['f20', 20, -100, 100, 200, 150, 2.5, 2.5, 30000]",769.4436238363561,377.9
"['f20', 20, -100, 100, 200, 150, 2.5, 2.5, 30000]",776.0452658777318,375.39
"['f20', 20, -100, 100, 200, 150, 2.5, 2.5, 30000]",770.8145052513211,382.71
"['f20', 20, -100, 100, 200, 150, 2.5, 2.5, 30000]",775.8596811052521,376.28
"['f20', 30, -10, 10, 100, 250, 2.05, 2.05, 25000]",1768.1911745321702,477.98
"['f20', 30, -10, 10, 100, 250, 2.05, 2.05, 25000]",1768.803887186124,462.9
"['f20', 30, -10, 10, 100, 250, 2.05, 2.05, 25000]",1765.8691263673932,483.3
"['f20', 30, -10, 10, 100, 250, 2.05, 2.05, 25000]",1762.33355465423,460.6
"['f20', 30, -10, 10, 100, 250, 2.05, 2.05, 25000]",1770.0993492489465,479.13
"['f20', 30, -10, 10, 100, 250, 2.05, 2.05, 25000]",1765.1288317779242,478.22
"['f20', 30, -10, 10, 100, 250, 2.05, 2.05, 25000]",1772.6705241957961,470.83
"['f20', 30, -10, 10, 100, 250, 2.05, 2.05, 25000]",1765.6857743852809,474.56
"['f20', 30, -10, 10, 100, 250, 2.05, 2.05, 25000]",1766.7601468904188,458.07
"['f20', 30, -10, 10, 100, 250, 2.05, 2.05, 25000]",1775.4463183858763,468.15
"['f20', 30, -10, 10, 100, 250, 2.05, 2.05, 25000]",1775.6336231146854,470.25
"['f20', 30, -10, 10, 100, 250, 2.05, 2.05, 25000]",1768.0273226154648,467.29
"['f20', 30, -10, 10, 100, 250, 2.05, 2.05, 25000]",1767.7203575896315,454.11
"['f20', 30, -10, 10, 100, 250, 2.05, 2.05, 25000]",1759.2314516461984,461.64
"['f20', 30, -10, 10, 100, 250, 2.05, 2.05, 25000]",1764.8770267029527,459.01
"['f20', 30, -10, 10, 100, 250, 2.05, 2.05, 25000]",1768.2801954698898,462.24
"['f20', 30, -10, 10, 100, 250, 2.05, 2.05, 25000]",1762.7341380331748,457.57
"['f20', 30, -10, 10, 100, 250, 2.05, 2.05, 25000]",1766.9403157193046,463.84
"['f20', 30, -10, 10, 100, 250, 2.05, 2.05, 25000]",1765.467720905219,494.88
"['f20', 30, -10, 10, 100, 250, 2.05, 2.05, 25000]",1768.8349462873787,456.38
"['f20', 30, -10, 10, 100, 250, 2.05, 2.5, 25000]",1767.9322446163424,473.97
"['f20', 30, -10, 10, 100, 250, 2.05, 2.5, 25000]",1769.0691524680667,456.31
"['f20', 30, -10, 10, 100, 250, 2.05, 2.5, 25000]",1765.7466009195773,475.25
"['f20', 30, -10, 10, 100, 250, 2.05, 2.5, 25000]",1775.983043852927,462.91
"['f20', 30, -10, 10, 100, 250, 2.05, 2.5, 25000]",1769.1014517047995,461.22
"['f20', 30, -10, 10, 100, 250, 2.05, 2.5, 25000]",1772.77587868203,469.17
"['f20', 30, -10, 10, 100, 250, 2.05, 2.5, 25000]",1771.1356086897435,464.6
"['f20', 30, -10, 10, 100, 250, 2.05, 2.5, 25000]",1766.9926432247457,453.85
"['f20', 30, -10, 10, 100, 250, 2.05, 2.5, 25000]",1764.1357325103338,473.47
"['f20', 30, -10, 10, 100, 250, 2.05, 2.5, 25000]",1772.1285881265453,495.6
"['f20', 30, -10, 10, 100, 250, 2.05, 2.5, 25000]",1767.263337925762,483.1
"['f20', 30, -10, 10, 100, 250, 2.05, 2.5, 25000]",1765.0801760220097,467.88
"['f20', 30, -10, 10, 100, 250, 2.05, 2.5, 25000]",1766.260995214068,454.64
"['f20', 30, -10, 10, 100, 250, 2.05, 2.5, 25000]",1771.2582649050341,479.51
"['f20', 30, -10, 10, 100, 250, 2.05, 2.5, 25000]",1772.152102252929,466.68
"['f20', 30, -10, 10, 100, 250, 2.05, 2.5, 25000]",1766.1616905404858,470.64
"['f20', 30, -10, 10, 100, 250, 2.05, 2.5, 25000]",1769.918777441964,470.19
"['f20', 30, -10, 10, 100, 250, 2.05, 2.5, 25000]",1769.8002862622438,465.61
"['f20', 30, -10, 10, 100, 250, 2.05, 2.5, 25000]",1764.7394401596505,470.58
"['f20', 30, -10, 10, 100, 250, 2.05, 2.5, 25000]",1769.4894361698516,496.78
"['f20', 30, -10, 10, 100, 250, 2.5, 2.05, 25000]",1766.5654908280428,496.99
"['f20', 30, -10, 10, 100, 250, 2.5, 2.05, 25000]",1761.6782441088717,484.62
"['f20', 30, -10, 10, 100, 250, 2.5, 2.05, 25000]",1772.2968013292536,505.45
"['f20', 30, -10, 10, 100, 250, 2.5, 2.05, 25000]",1774.5665757339661,458.72
"['f20', 30, -10, 10, 100, 250, 2.5, 2.05, 25000]",1769.188312704478,494.18
"['f20', 30, -10, 10, 100, 250, 2.5, 2.05, 25000]",1769.5918110798837,466.71
"['f20', 30, -10, 10, 100, 250, 2.5, 2.05, 25000]",1769.3090892941218,467.83
"['f20', 30, -10, 10, 100, 250, 2.5, 2.05, 25000]",1765.8434990163323,475.9
"['f20', 30, -10, 10, 100, 250, 2.5, 2.05, 25000]",1766.7750763192419,494.16
"['f20', 30, -10, 10, 100, 250, 2.5, 2.05, 25000]",1767.6859525165405,494.68
"['f20', 30, -10, 10, 100, 250, 2.5, 2.05, 25000]",1765.627307380475,465.34
"['f20', 30, -10, 10, 100, 250, 2.5, 2.05, 25000]",1767.490313746088,463.83
"['f20', 30, -10, 10, 100, 250, 2.5, 2.05, 25000]",1765.701481032702,456.99
"['f20', 30, -10, 10, 100, 250, 2.5, 2.05, 25000]",1765.5571084622836,467.47
"['f20', 30, -10, 10, 100, 250, 2.5, 2.05, 25000]",1760.343562907473,459.27
"['f20', 30, -10, 10, 100, 250, 2.5, 2.05, 25000]",1768.8395640693075,457.76
"['f20', 30, -10, 10, 100, 250, 2.5, 2.05, 25000]",1774.2924869994129,460.35
"['f20', 30, -10, 10, 100, 250, 2.5, 2.05, 25000]",1763.3421940424628,478.56
"['f20', 30, -10, 10, 100, 250, 2.5, 2.05, 25000]",1758.6480930095163,461.7
"['f20', 30, -10, 10, 100, 250, 2.5, 2.05, 25000]",1772.1325087984358,458.32
"['f20', 30, -10, 10, 100, 250, 2.5, 2.5, 25000]",1767.9228278673966,463.54
"['f20', 30, -10, 10, 100, 250, 2.5, 2.5, 25000]",1762.4441350519537,493.77
"['f20', 30, -10, 10, 100, 250, 2.5, 2.5, 25000]",1767.6273585222357,466.6
"['f20', 30, -10, 10, 100, 250, 2.5, 2.5, 25000]",1770.0210102378983,473.75
"['f20', 30, -10, 10, 100, 250, 2.5, 2.5, 25000]",1771.4154405892718,460.62
"['f20', 30, -10, 10, 100, 250, 2.5, 2.5, 25000]",1768.346142504352,475.14
"['f20', 30, -10, 10, 100, 250, 2.5, 2.5, 25000]",1770.7851378246005,481.87
"['f20', 30, -10, 10, 100, 250, 2.5, 2.5, 25000]",1757.3985251490828,471.7
"['f20', 30, -10, 10, 100, 250, 2.5, 2.5, 25000]",1763.6572366414987,500.36
"['f20', 30, -10, 10, 100, 250, 2.5, 2.5, 25000]",1770.4420987374813,467.18
"['f20', 30, -10, 10, 100, 250, 2.5, 2.5, 25000]",1755.5860047477759,475.1
"['f20', 30, -10, 10, 100, 250, 2.5, 2.5, 25000]",1763.0086587712005,468.4
"['f20', 30, -10, 10, 100, 250, 2.5, 2.5, 25000]",1766.368365052925,487.65
"['f20', 30, -10, 10, 100, 250, 2.5, 2.5, 25000]",1762.8756523458508,478.35
"['f20', 30, -10, 10, 100, 250, 2.5, 2.5, 25000]",1769.239035997563,475.7
"['f20', 30, -10, 10, 100, 250, 2.5, 2.5, 25000]",1762.7110294927645,464.57
"['f20', 30, -10, 10, 100, 250, 2.5, 2.5, 25000]",1767.3599539341917,498.92
"['f20', 30, -10, 10, 100, 250, 2.5, 2.5, 25000]",1759.97150960724,492.31
"['f20', 30, -10, 10, 100, 250, 2.5, 2.5, 25000]",1764.3463485442699,464.24
"['f20', 30, -10, 10, 100, 250, 2.5, 2.5, 25000]",1772.657107067178,479.86
"['f20', 30, -10, 10, 100, 300, 2.05, 2.05, 30000]",1764.521373133981,562.69
"['f20', 30, -10, 10, 100, 300, 2.05, 2.05, 30000]",1773.3762547712734,572.84
"['f20', 30, -10, 10, 100, 300, 2.05, 2.05, 30000]",1770.4457246990405,562.22
"['f20', 30, -10, 10, 100, 300, 2.05, 2.05, 30000]",1766.2965896065443,553.47
"['f20', 30, -10, 10, 100, 300, 2.05, 2.05, 30000]",1771.3903964097842,566.61
"['f20', 30, -10, 10, 100, 300, 2.05, 2.05, 30000]",1769.2273591056398,567.68
"['f20', 30, -10, 10, 100, 300, 2.05, 2.05, 30000]",1764.7275760430648,578.89
"['f20', 30, -10, 10, 100, 300, 2.05, 2.05, 30000]",1758.2570934941741,559.58
"['f20', 30, -10, 10, 100, 300, 2.05, 2.05, 30000]",1764.507909890424,553.52
"['f20', 30, -10, 10, 100, 300, 2.05, 2.05, 30000]",1767.893641079226,558.97
"['f20', 30, -10, 10, 100, 300, 2.05, 2.05, 30000]",1764.276513468908,558.87
"['f20', 30, -10, 10, 100, 300, 2.05, 2.05, 30000]",1766.7577327820272,572.33
"['f20', 30, -10, 10, 100, 300, 2.05, 2.05, 30000]",1765.1695347554867,562.22
"['f20', 30, -10, 10, 100, 300, 2.05, 2.05, 30000]",1769.9214358170696,582.75
"['f20', 30, -10, 10, 100, 300, 2.05, 2.05, 30000]",1766.985162452516,553.59
"['f20', 30, -10, 10, 100, 300, 2.05, 2.05, 30000]",1769.5557221510653,556.58
"['f20', 30, -10, 10, 100, 300, 2.05, 2.05, 30000]",1769.5312258104548,553.96
"['f20', 30, -10, 10, 100, 300, 2.05, 2.05, 30000]",1766.5096049344327,590.08
"['f20', 30, -10, 10, 100, 300, 2.05, 2.05, 30000]",1768.1582950330576,569.19
"['f20', 30, -10, 10, 100, 300, 2.05, 2.05, 30000]",1765.8458294400639,602.1
"['f20', 30, -10, 10, 100, 300, 2.05, 2.5, 30000]",1768.0332346339349,606.16
"['f20', 30, -10, 10, 100, 300, 2.05, 2.5, 30000]",1763.7748817308377,570.5
"['f20', 30, -10, 10, 100, 300, 2.05, 2.5, 30000]",1770.462668469091,582.45
"['f20', 30, -10, 10, 100, 300, 2.05, 2.5, 30000]",1768.0787305962003,563.18
"['f20', 30, -10, 10, 100, 300, 2.05, 2.5, 30000]",1763.5468368152121,560.13
"['f20', 30, -10, 10, 100, 300, 2.05, 2.5, 30000]",1771.4683041134097,576.49
"['f20', 30, -10, 10, 100, 300, 2.05, 2.5, 30000]",1773.0756186524923,566.04
"['f20', 30, -10, 10, 100, 300, 2.05, 2.5, 30000]",1764.0470381281386,562.25
"['f20', 30, -10, 10, 100, 300, 2.05, 2.5, 30000]",1767.6610258278868,585.81
"['f20', 30, -10, 10, 100, 300, 2.05, 2.5, 30000]",1768.3945025625464,546.7
"['f20', 30, -10, 10, 100, 300, 2.05, 2.5, 30000]",1765.2937479072098,558.55
"['f20', 30, -10, 10, 100, 300, 2.05, 2.5, 30000]",1763.2872322280746,562.94
"['f20', 30, -10, 10, 100, 300, 2.05, 2.5, 30000]",1766.3124039457105,562.91
"['f20', 30, -10, 10, 100, 300, 2.05, 2.5, 30000]",1768.4619770043912,582.04
"['f20', 30, -10, 10, 100, 300, 2.05, 2.5, 30000]",1768.7238045634185,562.26
"['f20', 30, -10, 10, 100, 300, 2.05, 2.5, 30000]",1765.955772102984,575.2
"['f20', 30, -10, 10, 100, 300, 2.05, 2.5, 30000]",1765.6727502997442,561.9
"['f20', 30, -10, 10, 100, 300, 2.05, 2.5, 30000]",1767.593559794394,561.21
"['f20', 30, -10, 10, 100, 300, 2.05, 2.5, 30000]",1766.5008951378607,574.78
"['f20', 30, -10, 10, 100, 300, 2.05, 2.5, 30000]",1771.137351929425,561.97
"['f20', 30, -10, 10, 100, 300, 2.5, 2.05, 30000]",1762.394825176994,544.43
"['f20', 30, -10, 10, 100, 300, 2.5, 2.05, 30000]",1772.1325893293551,551.86
"['f20', 30, -10, 10, 100, 300, 2.5, 2.05, 30000]",1776.311587938802,548.04
"['f20', 30, -10, 10, 100, 300, 2.5, 2.05, 30000]",1770.7826847780354,564.4
"['f20', 30, -10, 10, 100, 300, 2.5, 2.05, 30000]",1765.91441348951,563.3
"['f20', 30, -10, 10, 100, 300, 2.5, 2.05, 30000]",1776.7702781156258,579.17
"['f20', 30, -10, 10, 100, 300, 2.5, 2.05, 30000]",1766.6445852320321,569.45
"['f20', 30, -10, 10, 100, 300, 2.5, 2.05, 30000]",1777.1429049543854,587.64
"['f20', 30, -10, 10, 100, 300, 2.5, 2.05, 30000]",1768.1728020552587,564.49
"['f20', 30, -10, 10, 100, 300, 2.5, 2.05, 30000]",1773.3221263759228,569.32
"['f20', 30, -10, 10, 100, 300, 2.5, 2.05, 30000]",1763.1962056939776,574.63
"['f20', 30, -10, 10, 100, 300, 2.5, 2.05, 30000]",1769.6446136561344,555.16
"['f20', 30, -10, 10, 100, 300, 2.5, 2.05, 30000]",1771.5722539691876,568.16
"['f20', 30, -10, 10, 100, 300, 2.5, 2.05, 30000]",1763.4913871737383,552.31
"['f20', 30, -10, 10, 100, 300, 2.5, 2.05, 30000]",1762.373526361968,559.21
"['f20', 30, -10, 10, 100, 300, 2.5, 2.05, 30000]",1761.0987492681784,575.6
"['f20', 30, -10, 10, 100, 300, 2.5, 2.05, 30000]",1768.1296525237083,561.88
"['f20', 30, -10, 10, 100, 300, 2.5, 2.05, 30000]",1767.96952829456,553.22
"['f20', 30, -10, 10, 100, 300, 2.5, 2.05, 30000]",1773.40528286621,570.52
"['f20', 30, -10, 10, 100, 300, 2.5, 2.05, 30000]",1766.1402581936784,567.6
"['f20', 30, -10, 10, 100, 300, 2.5, 2.5, 30000]",1767.2954707956353,557.28
"['f20', 30, -10, 10, 100, 300, 2.5, 2.5, 30000]",1757.7429706075166,551.84
"['f20', 30, -10, 10, 100, 300, 2.5, 2.5, 30000]",1760.8468152844164,559.8
"['f20', 30, -10, 10, 100, 300, 2.5, 2.5, 30000]",1770.0867097069759,554.29
"['f20', 30, -10, 10, 100, 300, 2.5, 2.5, 30000]",1762.7336909929247,622.9
"['f20', 30, -10, 10, 100, 300, 2.5, 2.5, 30000]",1766.293451270189,562.99
"['f20', 30, -10, 10, 100, 300, 2.5, 2.5, 30000]",1764.8397818701994,588.93
"['f20', 30, -10, 10, 100, 300, 2.5, 2.5, 30000]",1766.0381333899104,564.29
"['f20', 30, -10, 10, 100, 300, 2.5, 2.5, 30000]",1762.9438083427917,564.06
"['f20', 30, -10, 10, 100, 300, 2.5, 2.5, 30000]",1762.304510431236,560.15
"['f20', 30, -10, 10, 100, 300, 2.5, 2.5, 30000]",1769.795892751385,591.29
"['f20', 30, -10, 10, 100, 300, 2.5, 2.5, 30000]",1771.2109588879493,552.27
"['f20', 30, -10, 10, 100, 300, 2.5, 2.5, 30000]",1771.059173532842,558.53
"['f20', 30, -10, 10, 100, 300, 2.5, 2.5, 30000]",1762.9882502972932,579.92
"['f20', 30, -10, 10, 100, 300, 2.5, 2.5, 30000]",1767.873808823387,596.18
"['f20', 30, -10, 10, 100, 300, 2.5, 2.5, 30000]",1763.6658436110197,581.01
"['f20', 30, -10, 10, 100, 300, 2.5, 2.5, 30000]",1769.363948519884,570.27
"['f20', 30, -10, 10, 100, 300, 2.5, 2.5, 30000]",1770.4304357558485,561.26
"['f20', 30, -10, 10, 100, 300, 2.5, 2.5, 30000]",1766.1578132997276,573.54
"['f20', 30, -10, 10, 100, 300, 2.5, 2.5, 30000]",1765.2454556549114,550.28
"['f20', 30, -10, 10, 200, 150, 2.05, 2.05, 30000]",1766.4668064259693,553.54
"['f20', 30, -10, 10, 200, 150, 2.05, 2.05, 30000]",1764.6148782250682,570.29
"['f20', 30, -10, 10, 200, 150, 2.05, 2.05, 30000]",1766.9681128341463,585.96
"['f20', 30, -10, 10, 200, 150, 2.05, 2.05, 30000]",1771.9140620743747,592.22
"['f20', 30, -10, 10, 200, 150, 2.05, 2.05, 30000]",1761.0351463541022,563.39
"['f20', 30, -10, 10, 200, 150, 2.05, 2.05, 30000]",1768.1446676478688,565.62
"['f20', 30, -10, 10, 200, 150, 2.05, 2.05, 30000]",1766.530608462288,547.64
"['f20', 30, -10, 10, 200, 150, 2.05, 2.05, 30000]",1765.6492844677723,556.4
"['f20', 30, -10, 10, 200, 150, 2.05, 2.05, 30000]",1771.669511175353,549.29
"['f20', 30, -10, 10, 200, 150, 2.05, 2.05, 30000]",1764.4472002220493,559.65
"['f20', 30, -10, 10, 200, 150, 2.05, 2.05, 30000]",1759.1215186493168,555.69
"['f20', 30, -10, 10, 200, 150, 2.05, 2.05, 30000]",1762.517784231444,567.79
"['f20', 30, -10, 10, 200, 150, 2.05, 2.05, 30000]",1760.6700079751886,556.8
"['f20', 30, -10, 10, 200, 150, 2.05, 2.05, 30000]",1766.812851966954,569.83
"['f20', 30, -10, 10, 200, 150, 2.05, 2.05, 30000]",1769.5831390659816,556.13
"['f20', 30, -10, 10, 200, 150, 2.05, 2.05, 30000]",1766.0140071017865,588.8
"['f20', 30, -10, 10, 200, 150, 2.05, 2.05, 30000]",1765.7348927409116,548.78
"['f20', 30, -10, 10, 200, 150, 2.05, 2.05, 30000]",1769.2164321089058,568.06
"['f20', 30, -10, 10, 200, 150, 2.05, 2.05, 30000]",1769.1842712447833,563.92
"['f20', 30, -10, 10, 200, 150, 2.05, 2.05, 30000]",1767.0476875338493,551.01
"['f20', 30, -10, 10, 200, 150, 2.05, 2.5, 30000]",1763.367200482376,561.46
"['f20', 30, -10, 10, 200, 150, 2.05, 2.5, 30000]",1769.9624570057122,566.31
"['f20', 30, -10, 10, 200, 150, 2.05, 2.5, 30000]",1763.926433059296,581.66
"['f20', 30, -10, 10, 200, 150, 2.05, 2.5, 30000]",1764.832582591552,562.55
"['f20', 30, -10, 10, 200, 150, 2.05, 2.5, 30000]",1767.1606596034967,560.73
"['f20', 30, -10, 10, 200, 150, 2.05, 2.5, 30000]",1765.5245557094536,544.93
"['f20', 30, -10, 10, 200, 150, 2.05, 2.5, 30000]",1759.3878317856772,587.22
"['f20', 30, -10, 10, 200, 150, 2.05, 2.5, 30000]",1770.0644117559846,539.33
"['f20', 30, -10, 10, 200, 150, 2.05, 2.5, 30000]",1767.5589627092872,564.51
"['f20', 30, -10, 10, 200, 150, 2.05, 2.5, 30000]",1761.9681007197519,559.45
"['f20', 30, -10, 10, 200, 150, 2.05, 2.5, 30000]",1757.6548525946894,554.76
"['f20', 30, -10, 10, 200, 150, 2.05, 2.5, 30000]",1768.1679689020957,560.74
"['f20', 30, -10, 10, 200, 150, 2.05, 2.5, 30000]",1770.5189137323541,570.94
"['f20', 30, -10, 10, 200, 150, 2.05, 2.5, 30000]",1768.1137817399074,561.86
"['f20', 30, -10, 10, 200, 150, 2.05, 2.5, 30000]",1763.4340162973688,555.35
"['f20', 30, -10, 10, 200, 150, 2.05, 2.5, 30000]",1767.7966313138566,577.87
"['f20', 30, -10, 10, 200, 150, 2.05, 2.5, 30000]",1767.2529764894814,577.24
"['f20', 30, -10, 10, 200, 150, 2.05, 2.5, 30000]",1759.190085003232,553.68
"['f20', 30, -10, 10, 200, 150, 2.05, 2.5, 30000]",1764.962069879354,551.75
"['f20', 30, -10, 10, 200, 150, 2.05, 2.5, 30000]",1768.7152277693458,564.29
"['f20', 30, -10, 10, 200, 150, 2.5, 2.05, 30000]",1765.7729539906964,561.84
"['f20', 30, -10, 10, 200, 150, 2.5, 2.05, 30000]",1770.6762779598448,571.18
"['f20', 30, -10, 10, 200, 150, 2.5, 2.05, 30000]",1764.6547523273848,557.68
"['f20', 30, -10, 10, 200, 150, 2.5, 2.05, 30000]",1772.4340922443987,546.95
"['f20', 30, -10, 10, 200, 150, 2.5, 2.05, 30000]",1769.5129047665027,555.29
"['f20', 30, -10, 10, 200, 150, 2.5, 2.05, 30000]",1761.8482275675303,586.48
"['f20', 30, -10, 10, 200, 150, 2.5, 2.05, 30000]",1768.5124870490113,560.49
"['f20', 30, -10, 10, 200, 150, 2.5, 2.05, 30000]",1760.70384091965,561.51
"['f20', 30, -10, 10, 200, 150, 2.5, 2.05, 30000]",1767.5984046391666,561.3
"['f20', 30, -10, 10, 200, 150, 2.5, 2.05, 30000]",1770.5619798946066,587.5
"['f20', 30, -10, 10, 200, 150, 2.5, 2.05, 30000]",1766.270045525535,554.93
"['f20', 30, -10, 10, 200, 150, 2.5, 2.05, 30000]",1766.8586426873267,577.95
"['f20', 30, -10, 10, 200, 150, 2.5, 2.05, 30000]",1769.80776239315,547.43
"['f20', 30, -10, 10, 200, 150, 2.5, 2.05, 30000]",1766.3815216243295,592.57
"['f20', 30, -10, 10, 200, 150, 2.5, 2.05, 30000]",1765.9518772793995,564.91
"['f20', 30, -10, 10, 200, 150, 2.5, 2.05, 30000]",1770.5996743738094,577.86
"['f20', 30, -10, 10, 200, 150, 2.5, 2.05, 30000]",1767.2731898946724,577.0
"['f20', 30, -10, 10, 200, 150, 2.5, 2.05, 30000]",1766.027750017399,564.84
"['f20', 30, -10, 10, 200, 150, 2.5, 2.05, 30000]",1768.8736999440275,577.21
"['f20', 30, -10, 10, 200, 150, 2.5, 2.05, 30000]",1764.9883384047878,561.52
"['f20', 30, -10, 10, 200, 150, 2.5, 2.5, 30000]",1761.024622068284,548.19
"['f20', 30, -10, 10, 200, 150, 2.5, 2.5, 30000]",1765.6865499315702,582.9
"['f20', 30, -10, 10, 200, 150, 2.5, 2.5, 30000]",1765.5742007395877,577.8
"['f20', 30, -10, 10, 200, 150, 2.5, 2.5, 30000]",1764.7747989598745,553.73
"['f20', 30, -10, 10, 200, 150, 2.5, 2.5, 30000]",1768.5120838139508,580.0
"['f20', 30, -10, 10, 200, 150, 2.5, 2.5, 30000]",1767.0207722901835,561.22
"['f20', 30, -10, 10, 200, 150, 2.5, 2.5, 30000]",1765.6427734464949,594.33
"['f20', 30, -10, 10, 200, 150, 2.5, 2.5, 30000]",1765.1779162453934,543.5
"['f20', 30, -10, 10, 200, 150, 2.5, 2.5, 30000]",1776.3159894693817,559.52
"['f20', 30, -10, 10, 200, 150, 2.5, 2.5, 30000]",1761.4530126396623,564.15
"['f20', 30, -10, 10, 200, 150, 2.5, 2.5, 30000]",1763.7300456414878,560.94
"['f20', 30, -10, 10, 200, 150, 2.5, 2.5, 30000]",1768.3321024836766,555.73
"['f20', 30, -10, 10, 200, 150, 2.5, 2.5, 30000]",1764.438385731034,561.1
"['f20', 30, -10, 10, 200, 150, 2.5, 2.5, 30000]",1768.2296252713463,563.41
"['f20', 30, -10, 10, 200, 150, 2.5, 2.5, 30000]",1763.8057252650199,575.51
"['f20', 30, -10, 10, 200, 150, 2.5, 2.5, 30000]",1762.6581995457448,557.76
"['f20', 30, -10, 10, 200, 150, 2.5, 2.5, 30000]",1764.1572056721157,560.57
"['f20', 30, -10, 10, 200, 150, 2.5, 2.5, 30000]",1767.5266402904438,578.55
"['f20', 30, -10, 10, 200, 150, 2.5, 2.5, 30000]",1761.3261408662822,574.57
"['f20', 30, -10, 10, 200, 150, 2.5, 2.5, 30000]",1769.7282882676382,555.49
"['f20', 30, -100, 100, 100, 250, 2.05, 2.05, 25000]",1762.9035695533278,468.02
"['f20', 30, -100, 100, 100, 250, 2.05, 2.05, 25000]",1761.9063827387436,471.5
"['f20', 30, -100, 100, 100, 250, 2.05, 2.05, 25000]",1764.8577574505189,480.97
"['f20', 30, -100, 100, 100, 250, 2.05, 2.05, 25000]",1769.1578922562176,465.72
"['f20', 30, -100, 100, 100, 250, 2.05, 2.05, 25000]",1766.695698849704,469.95
"['f20', 30, -100, 100, 100, 250, 2.05, 2.05, 25000]",1766.2796978596227,476.41
"['f20', 30, -100, 100, 100, 250, 2.05, 2.05, 25000]",1766.737220521456,486.23
"['f20', 30, -100, 100, 100, 250, 2.05, 2.05, 25000]",1765.3038953776845,475.57
"['f20', 30, -100, 100, 100, 250, 2.05, 2.05, 25000]",1766.6345362014745,468.17
"['f20', 30, -100, 100, 100, 250, 2.05, 2.05, 25000]",1768.083052805112,495.31
"['f20', 30, -100, 100, 100, 250, 2.05, 2.05, 25000]",1766.0807996499561,471.62
"['f20', 30, -100, 100, 100, 250, 2.05, 2.05, 25000]",1768.819458863015,471.88
"['f20', 30, -100, 100, 100, 250, 2.05, 2.05, 25000]",1763.6691271446975,459.49
"['f20', 30, -100, 100, 100, 250, 2.05, 2.05, 25000]",1765.7544070251354,466.62
"['f20', 30, -100, 100, 100, 250, 2.05, 2.05, 25000]",1769.436096742355,466.35
"['f20', 30, -100, 100, 100, 250, 2.05, 2.05, 25000]",1761.5373476125853,477.22
"['f20', 30, -100, 100, 100, 250, 2.05, 2.05, 25000]",1764.4478920799575,474.67
"['f20', 30, -100, 100, 100, 250, 2.05, 2.05, 25000]",1764.6735078963088,485.65
"['f20', 30, -100, 100, 100, 250, 2.05, 2.05, 25000]",1765.3458533859118,488.94
"['f20', 30, -100, 100, 100, 250, 2.05, 2.05, 25000]",1765.7520598021745,489.64
"['f20', 30, -100, 100, 100, 250, 2.05, 2.5, 25000]",1764.4832430275885,470.33
"['f20', 30, -100, 100, 100, 250, 2.05, 2.5, 25000]",1763.356442709031,464.74
"['f20', 30, -100, 100, 100, 250, 2.05, 2.5, 25000]",1764.5149581444953,482.09
"['f20', 30, -100, 100, 100, 250, 2.05, 2.5, 25000]",1763.1468093861106,465.66
"['f20', 30, -100, 100, 100, 250, 2.05, 2.5, 25000]",1768.786515714988,463.62
"['f20', 30, -100, 100, 100, 250, 2.05, 2.5, 25000]",1761.6993972877829,473.06
"['f20', 30, -100, 100, 100, 250, 2.05, 2.5, 25000]",1770.644573266102,451.67
"['f20', 30, -100, 100, 100, 250, 2.05, 2.5, 25000]",1768.741682744622,466.22
"['f20', 30, -100, 100, 100, 250, 2.05, 2.5, 25000]",1762.293949110249,459.15
"['f20', 30, -100, 100, 100, 250, 2.05, 2.5, 25000]",1768.1943310596218,472.75
"['f20', 30, -100, 100, 100, 250, 2.05, 2.5, 25000]",1769.405609381941,477.63
"['f20', 30, -100, 100, 100, 250, 2.05, 2.5, 25000]",1764.310214816046,471.67
"['f20', 30, -100, 100, 100, 250, 2.05, 2.5, 25000]",1764.1405710038264,473.63
"['f20', 30, -100, 100, 100, 250, 2.05, 2.5, 25000]",1764.9458906835152,462.24
"['f20', 30, -100, 100, 100, 250, 2.05, 2.5, 25000]",1764.4581339042647,461.66
"['f20', 30, -100, 100, 100, 250, 2.05, 2.5, 25000]",1763.5464820680713,473.32
"['f20', 30, -100, 100, 100, 250, 2.05, 2.5, 25000]",1760.1074685286997,467.77
"['f20', 30, -100, 100, 100, 250, 2.05, 2.5, 25000]",1764.7186176091866,472.71
"['f20', 30, -100, 100, 100, 250, 2.05, 2.5, 25000]",1761.3859544208328,469.5
"['f20', 30, -100, 100, 100, 250, 2.05, 2.5, 25000]",1767.6089652804728,458.0
"['f20', 30, -100, 100, 100, 250, 2.5, 2.05, 25000]",1764.365316252041,461.29
"['f20', 30, -100, 100, 100, 250, 2.5, 2.05, 25000]",1763.3440570193638,473.35
"['f20', 30, -100, 100, 100, 250, 2.5, 2.05, 25000]",1768.73477203394,477.84
"['f20', 30, -100, 100, 100, 250, 2.5, 2.05, 25000]",1759.0557594228364,476.55
"['f20', 30, -100, 100, 100, 250, 2.5, 2.05, 25000]",1765.590591451711,465.26
"['f20', 30, -100, 100, 100, 250, 2.5, 2.05, 25000]",1767.1612182545362,481.97
"['f20', 30, -100, 100, 100, 250, 2.5, 2.05, 25000]",1763.3321507685573,481.29
"['f20', 30, -100, 100, 100, 250, 2.5, 2.05, 25000]",1762.670056079038,483.76
"['f20', 30, -100, 100, 100, 250, 2.5, 2.05, 25000]",1765.728381746812,499.43
"['f20', 30, -100, 100, 100, 250, 2.5, 2.05, 25000]",1767.02578934611,451.82
"['f20', 30, -100, 100, 100, 250, 2.5, 2.05, 25000]",1763.5066127644466,458.77
"['f20', 30, -100, 100, 100, 250, 2.5, 2.05, 25000]",1764.904444545334,468.45
"['f20', 30, -100, 100, 100, 250, 2.5, 2.05, 25000]",1762.7562425513772,464.92
"['f20', 30, -100, 100, 100, 250, 2.5, 2.05, 25000]",1762.451972115986,461.06
"['f20', 30, -100, 100, 100, 250, 2.5, 2.05, 25000]",1764.642908993699,472.25
"['f20', 30, -100, 100, 100, 250, 2.5, 2.05, 25000]",1759.228569947199,465.63
"['f20', 30, -100, 100, 100, 250, 2.5, 2.05, 25000]",1763.9781696494056,459.64
"['f20', 30, -100, 100, 100, 250, 2.5, 2.05, 25000]",1764.9875944939047,469.98
"['f20', 30, -100, 100, 100, 250, 2.5, 2.05, 25000]",1772.0525673615978,475.36
"['f20', 30, -100, 100, 100, 250, 2.5, 2.05, 25000]",1764.3101894705353,479.46
"['f20', 30, -100, 100, 100, 250, 2.5, 2.5, 25000]",1760.9866236055393,469.66
"['f20', 30, -100, 100, 100, 250, 2.5, 2.5, 25000]",1764.529568654044,470.62
"['f20', 30, -100, 100, 100, 250, 2.5, 2.5, 25000]",1763.4959702248761,482.83
"['f20', 30, -100, 100, 100, 250, 2.5, 2.5, 25000]",1774.3250264211927,467.44
"['f20', 30, -100, 100, 100, 250, 2.5, 2.5, 25000]",1768.0358170912527,465.4
"['f20', 30, -100, 100, 100, 250, 2.5, 2.5, 25000]",1762.0997776152346,458.19
"['f20', 30, -100, 100, 100, 250, 2.5, 2.5, 25000]",1758.780753316979,491.08
"['f20', 30, -100, 100, 100, 250, 2.5, 2.5, 25000]",1765.5521500056864,470.41
"['f20', 30, -100, 100, 100, 250, 2.5, 2.5, 25000]",1770.1926929774875,489.17
"['f20', 30, -100, 100, 100, 250, 2.5, 2.5, 25000]",1769.3961963705099,457.32
"['f20', 30, -100, 100, 100, 250, 2.5, 2.5, 25000]",1768.4389496410681,463.79
"['f20', 30, -100, 100, 100, 250, 2.5, 2.5, 25000]",1767.8089184502512,487.84
"['f20', 30, -100, 100, 100, 250, 2.5, 2.5, 25000]",1773.7773401618747,485.98
"['f20', 30, -100, 100, 100, 250, 2.5, 2.5, 25000]",1766.5755025937317,457.46
"['f20', 30, -100, 100, 100, 250, 2.5, 2.5, 25000]",1769.2720480971593,465.69
"['f20', 30, -100, 100, 100, 250, 2.5, 2.5, 25000]",1760.9373702404093,463.83
"['f20', 30, -100, 100, 100, 250, 2.5, 2.5, 25000]",1762.436724947256,475.49
"['f20', 30, -100, 100, 100, 250, 2.5, 2.5, 25000]",1760.6349819229204,463.8
"['f20', 30, -100, 100, 100, 250, 2.5, 2.5, 25000]",1766.1462789918028,472.5
"['f20', 30, -100, 100, 100, 250, 2.5, 2.5, 25000]",1765.258950741964,476.49
"['f20', 30, -100, 100, 100, 300, 2.05, 2.05, 30000]",1768.2973514207652,554.07
"['f20', 30, -100, 100, 100, 300, 2.05, 2.05, 30000]",1770.6744410630738,569.12
"['f20', 30, -100, 100, 100, 300, 2.05, 2.05, 30000]",1766.3575807934806,580.91
"['f20', 30, -100, 100, 100, 300, 2.05, 2.05, 30000]",1765.3820900504875,547.46
"['f20', 30, -100, 100, 100, 300, 2.05, 2.05, 30000]",1772.9752277435712,552.71
"['f20', 30, -100, 100, 100, 300, 2.05, 2.05, 30000]",1771.1663565288668,572.35
"['f20', 30, -100, 100, 100, 300, 2.05, 2.05, 30000]",1759.358325232137,578.15
"['f20', 30, -100, 100, 100, 300, 2.05, 2.05, 30000]",1764.1771631220633,554.28
"['f20', 30, -100, 100, 100, 300, 2.05, 2.05, 30000]",1762.6403119949541,574.13
"['f20', 30, -100, 100, 100, 300, 2.05, 2.05, 30000]",1765.6768598044866,583.13
"['f20', 30, -100, 100, 100, 300, 2.05, 2.05, 30000]",1765.7574328462058,549.34
"['f20', 30, -100, 100, 100, 300, 2.05, 2.05, 30000]",1764.2850243030812,569.23
"['f20', 30, -100, 100, 100, 300, 2.05, 2.05, 30000]",1762.2233201274883,549.72
"['f20', 30, -100, 100, 100, 300, 2.05, 2.05, 30000]",1765.2533947916647,570.68
"['f20', 30, -100, 100, 100, 300, 2.05, 2.05, 30000]",1761.4563931609407,575.05
"['f20', 30, -100, 100, 100, 300, 2.05, 2.05, 30000]",1763.441480058256,562.24
"['f20', 30, -100, 100, 100, 300, 2.05, 2.05, 30000]",1762.8700849345048,582.02
"['f20', 30, -100, 100, 100, 300, 2.05, 2.05, 30000]",1766.2599960324956,561.2
"['f20', 30, -100, 100, 100, 300, 2.05, 2.05, 30000]",1765.2194118214306,589.05
"['f20', 30, -100, 100, 100, 300, 2.05, 2.05, 30000]",1763.8584699763455,565.05
